{
    "checkers": [
        {
            "jsonScript": {
                "type": "simpleCheck",
                "every": "1m",
                "title": "Elasticsearch {{node_name}} 可用存储不足",
                "groupBy": [
                    "node_host",
                    "node_name"
                ],
                "message": "{% if  df_status != 'ok' %}\n>等级：{{df_status}} \n\n>主机：{{node_name}}    {{node_host}}\n\n>内容：Elasticsearch {{node_name}} 节点可用存储不足，现在可用率为{{ Result |  to_fixed(2) }} %\n\n[跳转链接](https://console.guance.com/scene/dashboard/dashboardDetail?dashboard_id=dsbd_8fad4da4b147427a98958b47b5dbf66c&name=Elasticsearch&time={{ date * 1000 - 900000}},{{date *  1000}}&is_refresh=false&variable=%7B%22cluster_name%22%3A%22re%28%60.%2a%60%29%22%7D&w=wksp_2672fb03d62843adb3bdf20a33cd0067&w=wksp_2672fb03d62843adb3bdf20a33cd0067)\n\n{% else %}\n>等级：{{df_status}}  \n\n>主机：{{node_name}}    {{node_host}}\n\n>内容：Elasticsearch {{node_name}} 节点可用存储恢复正常，现在可用率为{{ Result |  to_fixed(2) }} %\n{% endif %}",
                "targets": [
                    {
                        "dql": "eval((A/B)*100 , A=\"M::`elasticsearch_node_stats`:(LAST(`fs_total_available_in_gigabytes`)) { `node_roles` != re('master') } BY `node_host`, `node_name`\", B=\"M::`elasticsearch_node_stats`:(LAST(`fs_total_total_in_gigabytes`)) { `node_roles` != re('master') } BY `node_host`, `node_name`\")",
                        "alias": "Result"
                    }
                ],
                "interval": 900,
                "checkerOpt": {
                    "rules": [
                        {
                            "status": "critical",
                            "conditions": [
                                {
                                    "alias": "Result",
                                    "operands": [
                                        "15"
                                    ],
                                    "operator": "<="
                                }
                            ],
                            "conditionLogic": "and"
                        }
                    ],
                    "infoEvent": false
                },
                "recoverNeedPeriodCount": 1
            },
            "extend": {
                "rules": [
                    {
                        "status": "critical",
                        "conditions": [
                            {
                                "alias": "Result",
                                "operands": [
                                    "15"
                                ],
                                "operator": "<="
                            }
                        ],
                        "conditionLogic": "and"
                    }
                ],
                "funcName": "",
                "querylist": [
                    {
                        "uuid": "6990e390-ab9c-412d-86a7-e3cdcc3f0e3e",
                        "qtype": "dql",
                        "query": {
                            "q": "eval((A/B)*100 , A=\"M::`elasticsearch_node_stats`:(LAST(`fs_total_available_in_gigabytes`)) { `node_roles` != re('master') } BY `node_host`, `node_name`\", B=\"M::`elasticsearch_node_stats`:(LAST(`fs_total_total_in_gigabytes`)) { `node_roles` != re('master') } BY `node_host`, `node_name`\")",
                            "code": "Result",
                            "type": "expression",
                            "alias": "",
                            "children": [
                                {
                                    "q": "M::`elasticsearch_node_stats`:(LAST(`fs_total_available_in_gigabytes`)) { `node_roles` != re('master') } BY `node_host`, `node_name`",
                                    "code": "A",
                                    "type": "simple",
                                    "alias": "",
                                    "field": "fs_total_available_in_gigabytes",
                                    "filters": [
                                        {
                                            "id": "8e507530-4205-11ec-8732-5fa7533c06b3",
                                            "op": "!=~",
                                            "name": "node_roles",
                                            "type": "",
                                            "logic": "and",
                                            "value": "master"
                                        }
                                    ],
                                    "groupBy": [
                                        "node_host",
                                        "node_name"
                                    ],
                                    "fieldFunc": "last",
                                    "fieldType": "float",
                                    "namespace": "metric",
                                    "dataSource": "elasticsearch_node_stats",
                                    "groupByTime": ""
                                },
                                {
                                    "q": "M::`elasticsearch_node_stats`:(LAST(`fs_total_total_in_gigabytes`)) { `node_roles` != re('master') } BY `node_host`, `node_name`",
                                    "code": "B",
                                    "type": "simple",
                                    "alias": "",
                                    "field": "fs_total_total_in_gigabytes",
                                    "filters": [
                                        {
                                            "id": "d9597130-4205-11ec-8732-5fa7533c06b3",
                                            "op": "!=~",
                                            "name": "node_roles",
                                            "type": "",
                                            "logic": "and",
                                            "value": "master"
                                        }
                                    ],
                                    "groupBy": [
                                        "node_host",
                                        "node_name"
                                    ],
                                    "fieldFunc": "last",
                                    "fieldType": "float",
                                    "namespace": "metric",
                                    "dataSource": "elasticsearch_node_stats",
                                    "groupByTime": ""
                                }
                            ],
                            "funcList": [],
                            "expression": "(A/B)*100 "
                        },
                        "datasource": "dataflux"
                    }
                ]
            },
            "is_disable": false,
            "monitorName": "基础设施"
        }
    ]
}