{
    "checkers": [
        {
            "jsonScript": {
                "type": "simpleCheck",
                "every": "1m",
                "title": "mysql {{ instance_id }} 磁盘使用率超过80%",
                "groupBy": [
                    "instance_id"
                ],
                "message": "{% if  df_status != 'ok' %}\n\n>等级：{{ df_status }}  \n\n>主机：{{ instance_id }} \n\n>内容：mysql 磁盘使用率超过80%，当前使用率为 {{ Result }}  %\n\n[跳转链接](https://console.guance.com/scene/dashboard/dashboardDetail?dashboard_id=dsbd_895c44ca702d45069f6677f510b7b9ef&name=MySQL&time={{ date * 1000 - 900000}},{{date *  1000}}&is_refresh=false&variable=%7B%22host%22%3A%22re%28%60.%2a%60%29%22%7D&W=wksp_2672fb03d62843adb3bdf20a33cd0067)\n\n{% else %}\n>等级：{{df_status}}  \n\n>主机：{{ instance_id }} \n\n>内容：mysql 磁盘使用率超过80%已恢复，当前使用率为 {{ Result }}  %\n\n{% endif %}",
                "targets": [
                    {
                        "dql": "M::`aliyun_rds`:(AVG(`disk_usage`)) BY `instance_id`",
                        "alias": "Result"
                    }
                ],
                "interval": 300,
                "checkerOpt": {
                    "rules": [
                        {
                            "status": "critical",
                            "conditions": [
                                {
                                    "alias": "Result",
                                    "operands": [
                                        "80"
                                    ],
                                    "operator": ">="
                                }
                            ],
                            "conditionLogic": "and"
                        }
                    ],
                    "infoEvent": false
                },
                "recoverNeedPeriodCount": 1
            },
            "extend": {
                "rules": [
                    {
                        "status": "critical",
                        "conditions": [
                            {
                                "alias": "Result",
                                "operands": [
                                    "80"
                                ],
                                "operator": ">="
                            }
                        ],
                        "conditionLogic": "and"
                    }
                ],
                "funcName": "",
                "querylist": [
                    {
                        "uuid": "7a0e4c7c-1c3b-46cf-8c74-91a2ce283e2a",
                        "qtype": "dql",
                        "query": {
                            "q": "M::`aliyun_rds`:(AVG(`disk_usage`)) BY `instance_id`",
                            "code": "Result",
                            "type": "simple",
                            "alias": "",
                            "field": "disk_usage",
                            "groupBy": [
                                "instance_id"
                            ],
                            "funcList": [],
                            "fieldFunc": "avg",
                            "fieldType": "",
                            "namespace": "metric",
                            "dataSource": "aliyun_rds",
                            "groupByTime": ""
                        },
                        "datasource": "dataflux"
                    }
                ]
            },
            "is_disable": false,
            "monitorName": "基础监控"
        }
    ]
}