{
    "checkers": [
        {
            "jsonScript": {
                "type": "simpleCheck",
                "every": "1m",
                "title": "tdengine 节点故障",
                "groupBy": [
                    "election_namespace"
                ],
                "message": "{% if  df_status != 'ok' %}\n\n>等级：{{ df_status }}  \n\n>主机：{{ dnode_ep}} \n\n>内容：tdengine 节点故障，当前节点数量为 {{ Result }}  \n\n[跳转链接](https://console.guance.com/scene/dashboard/dashboardDetail?dashboard_id=dsbd_467f2dd24a994027993829b8fe75c3b0&name=TDengine%20%E7%9B%91%E6%8E%A7%E8%A7%86%E5%9B%BE2&W=wksp_2672fb03d62843adb3bdf20a33cd0067&time={{ date * 1000 - 900000}},{{date *  1000}}&is_refresh=false&variable=%7B%22cluster_name%22%3A%22re%28%60.%2a%60%29%22%7D)\n\n{% else %}\n\n>等级：{{df_status}}  \n\n>主机：{{ dnode_ep}} \n\n>内容：tdengine 节点故障恢复，当前节点数量为 {{ Result }} \n\n{% endif %}",
                "targets": [
                    {
                        "dql": "M::`td_cluster`:(LAST(`dnodes_alive`)) BY `election_namespace`",
                        "alias": "Result"
                    }
                ],
                "interval": 300,
                "checkerOpt": {
                    "rules": [
                        {
                            "status": "critical",
                            "conditions": [
                                {
                                    "alias": "Result",
                                    "operands": [
                                        "2"
                                    ],
                                    "operator": "<="
                                }
                            ],
                            "conditionLogic": "and"
                        }
                    ],
                    "infoEvent": false
                },
                "noDataTitle": "",
                "noDataMessage": "",
                "recoverNeedPeriodCount": 0
            },
            "extend": {
                "rules": [
                    {
                        "status": "critical",
                        "conditions": [
                            {
                                "alias": "Result",
                                "operands": [
                                    "2"
                                ],
                                "operator": "<="
                            }
                        ],
                        "conditionLogic": "and"
                    }
                ],
                "funcName": "",
                "querylist": [
                    {
                        "uuid": "26a53006-6fa8-463d-9a6d-266e6ffdcb59",
                        "qtype": "dql",
                        "query": {
                            "q": "M::`td_cluster`:(LAST(`dnodes_alive`)) BY `election_namespace`",
                            "code": "Result",
                            "type": "simple",
                            "alias": "",
                            "field": "dnodes_alive",
                            "filters": [],
                            "groupBy": [
                                "election_namespace"
                            ],
                            "funcList": [],
                            "fieldFunc": "last",
                            "fieldType": "float",
                            "namespace": "metric",
                            "dataSource": "td_cluster",
                            "groupByTime": ""
                        },
                        "datasource": "dataflux"
                    }
                ]
            },
            "is_disable": false,
            "monitorName": "基础监控"
        }
    ]
}