{
    "checkers": [
        {
            "jsonScript": {
                "type": "simpleCheck",
                "every": "1m",
                "title": "tdengine 根目录磁盘使用率超过90%",
                "groupBy": [
                    "dnode_ep"
                ],
                "message": "{% if  df_status != 'ok' %}\n\n>等级：{{ df_status }}  \n\n>主机：{{ dnode_ep}} \n\n>内容：tdengine 根目录磁盘使用率超过90%，当前使用率为 {{ Result }}  %\n\n[跳转链接](https://console.guance.com/scene/dashboard/dashboardDetail?dashboard_id=dsbd_80c08447e52e4418978ef2ff917c3ab5&name=TDengine%20%E7%9B%91%E6%8E%A7%E8%A7%86%E5%9B%BE2&W=wksp_2672fb03d62843adb3bdf20a33cd0067&time={{ date * 1000 - 900000}},{{date *  1000}}&is_refresh=false&variable=%7B%22cluster_name%22%3A%22re%28%60.%2a%60%29%22%7D)\n\n{% else %}\n\n>等级：{{df_status}}  \n\n>主机：{{ dnode_ep}} \n\n>内容：tdengine 根目录磁盘使用率超过90% 已恢复，当前使用率为 {{ Result }}  %\n\n{% endif %}",
                "targets": [
                    {
                        "dql": "eval(B/A *100, A=\"M::`td_node_usage`:(LAST(`disk_total`)) BY `dnode_ep`\", B=\"M::`td_node_usage`:(LAST(`disk_used`)) BY `dnode_ep`\")",
                        "alias": "Result"
                    }
                ],
                "interval": 300,
                "checkerOpt": {
                    "rules": [
                        {
                            "status": "critical",
                            "conditions": [
                                {
                                    "alias": "Result",
                                    "operands": [
                                        "90"
                                    ],
                                    "operator": ">="
                                }
                            ],
                            "conditionLogic": "and"
                        }
                    ],
                    "infoEvent": false
                },
                "noDataTitle": "",
                "noDataMessage": "",
                "recoverNeedPeriodCount": 0
            },
            "extend": {
                "rules": [
                    {
                        "status": "critical",
                        "conditions": [
                            {
                                "alias": "Result",
                                "operands": [
                                    "90"
                                ],
                                "operator": ">="
                            }
                        ],
                        "conditionLogic": "and"
                    }
                ],
                "funcName": "",
                "querylist": [
                    {
                        "uuid": "a0704186-0198-41e9-a55e-b593b2b37b34",
                        "qtype": "dql",
                        "query": {
                            "q": "eval(B/A *100, A=\"M::`td_node_usage`:(LAST(`disk_total`)) BY `dnode_ep`\", B=\"M::`td_node_usage`:(LAST(`disk_used`)) BY `dnode_ep`\")",
                            "code": "Result",
                            "type": "expression",
                            "alias": "",
                            "children": [
                                {
                                    "q": "M::`td_node_usage`:(LAST(`disk_total`)) BY `dnode_ep`",
                                    "code": "A",
                                    "type": "simple",
                                    "alias": "",
                                    "field": "disk_total",
                                    "groupBy": [
                                        "dnode_ep"
                                    ],
                                    "fieldFunc": "last",
                                    "fieldType": "float",
                                    "namespace": "metric",
                                    "dataSource": "td_node_usage",
                                    "groupByTime": ""
                                },
                                {
                                    "q": "M::`td_node_usage`:(LAST(`disk_used`)) BY `dnode_ep`",
                                    "code": "B",
                                    "type": "simple",
                                    "alias": "",
                                    "field": "disk_used",
                                    "groupBy": [
                                        "dnode_ep"
                                    ],
                                    "fieldFunc": "last",
                                    "fieldType": "float",
                                    "namespace": "metric",
                                    "dataSource": "td_node_usage",
                                    "groupByTime": ""
                                }
                            ],
                            "funcList": [],
                            "expression": "B/A *100"
                        },
                        "datasource": "dataflux"
                    }
                ]
            },
            "is_disable": false,
            "monitorName": "基础监控"
        }
    ]
}