{
    "checkers": [
        {
            "jsonScript": {
                "type": "simpleCheck",
                "every": "1m",
                "title": "tdengine 内存使用率超过85%",
                "groupBy": [
                    "dnode_ep"
                ],
                "message": "{% if  df_status != 'ok' %}\n\n>等级：{{ df_status }}  \n\n>主机：{{ dnode_ep}} \n\n>内容：tdengine 内存使用率超过85%，当前使用率为 {{ Result }}  %\n\n[跳转链接](https://console.guance.com/scene/dashboard/dashboardDetail?dashboard_id=dsbd_467f2dd24a994027993829b8fe75c3b0&name=TDengine%20%E7%9B%91%E6%8E%A7%E8%A7%86%E5%9B%BE2&W=wksp_2672fb03d62843adb3bdf20a33cd0067&time={{ date * 1000 - 900000}},{{date *  1000}}&is_refresh=false&variable=%7B%22cluster_name%22%3A%22re%28%60.%2a%60%29%22%7D)\n\n{% else %}\n\n>等级：{{df_status}}  \n\n>主机：{{ dnode_ep}} \n\n>内容：tdengine 内存使用率超过85%已恢复，当前使用率为 {{ Result }}  %\n\n{% endif %}",
                "targets": [
                    {
                        "dql": "M::`td_node_usage`:(AVG(`mem_engine_percent`)) BY `dnode_ep`",
                        "alias": "Result"
                    }
                ],
                "interval": 300,
                "checkerOpt": {
                    "rules": [
                        {
                            "status": "critical",
                            "conditions": [
                                {
                                    "alias": "Result",
                                    "operands": [
                                        "85"
                                    ],
                                    "operator": ">="
                                }
                            ],
                            "conditionLogic": "and"
                        }
                    ],
                    "infoEvent": false
                },
                "noDataTitle": "",
                "noDataMessage": "",
                "recoverNeedPeriodCount": 1
            },
            "extend": {
                "rules": [
                    {
                        "status": "critical",
                        "conditions": [
                            {
                                "alias": "Result",
                                "operands": [
                                    "85"
                                ],
                                "operator": ">="
                            }
                        ],
                        "conditionLogic": "and"
                    }
                ],
                "funcName": "",
                "querylist": [
                    {
                        "uuid": "ef0c2051-124f-4b35-b04c-9b073aae8b9f",
                        "qtype": "dql",
                        "query": {
                            "q": "M::`td_node_usage`:(AVG(`mem_engine_percent`)) BY `dnode_ep`",
                            "code": "Result",
                            "fill": "",
                            "type": "simple",
                            "alias": "",
                            "field": "mem_engine_percent",
                            "search": "",
                            "filters": [],
                            "groupBy": [
                                "dnode_ep"
                            ],
                            "funcList": [],
                            "fieldFunc": "avg",
                            "fieldType": "float",
                            "namespace": "metric",
                            "dataSource": "td_node_usage",
                            "queryFuncs": [],
                            "groupByTime": ""
                        },
                        "datasource": "dataflux"
                    }
                ]
            },
            "is_disable": false,
            "monitorName": "基础监控"
        }
    ]
}