{
    "checkers": [
        {
            "jsonScript": {
                "type": "simpleCheck",
                "every": "1m",
                "title": "主机 {{ host }} CPU IOwait 过高",
                "groupBy": [
                    "host"
                ],
                "message": "{% if  df_status != 'ok' %}\n\n>等级：{{df_status}} \n\n>主机：{{host}}  \n\n>内容：系统 CPU IOwait 为 {{ Result |  to_fixed(2) }}%  \n\n>建议：等待 I/O 的 CPU 时间过长，可能存在频繁写入或 I/O 瓶颈\n\n[跳转链接](https://console.guance.com/scene/dashboard/dashboardDetail?dashboard_id=dsbd_0778bb3c76d049039624480e73851b21&name=Linux%E4%B8%BB%E6%9C%BA%E7%9B%91%E6%8E%A7%E8%A7%86%E5%9B%BE&time={{ date * 1000 - 900000}},{{date *  1000}}&is_refresh=false&variable=%7B%22host%22%3A%22re%28%60.%2a%60%29%22%7D&w=wksp_2672fb03d62843adb3bdf20a33cd0067)\n\n{% else %}\n\n>等级：{{df_status}} \n\n>主机：{{host}}  \n\n>内容：系统 CPU IOwait 为 {{ Result |  to_fixed(2) }}%  \n\n{% endif %}",
                "targets": [
                    {
                        "dql": "M::`cpu`:(AVG(`iowait`)) BY `host`",
                        "alias": "Result"
                    }
                ],
                "interval": 900,
                "checkerOpt": {
                    "rules": [
                        {
                            "status": "warning",
                            "conditions": [
                                {
                                    "alias": "Result",
                                    "operands": [
                                        "60"
                                    ],
                                    "operator": ">="
                                }
                            ],
                            "conditionLogic": "and"
                        }
                    ],
                    "infoEvent": false
                },
                "recoverNeedPeriodCount": 2
            },
            "extend": {
                "rules": [
                    {
                        "status": "warning",
                        "conditions": [
                            {
                                "alias": "Result",
                                "operands": [
                                    "60"
                                ],
                                "operator": ">="
                            }
                        ],
                        "conditionLogic": "and"
                    }
                ],
                "funcName": "",
                "querylist": [
                    {
                        "uuid": "a4e4a3dd-0b1b-4cec-b90b-ae9a6f1c0c09",
                        "qtype": "dql",
                        "query": {
                            "q": "M::`cpu`:(AVG(`iowait`)) BY `host`",
                            "code": "Result",
                            "type": "simple",
                            "alias": "",
                            "field": "iowait",
                            "groupBy": [
                                "host"
                            ],
                            "funcList": [],
                            "fieldFunc": "avg",
                            "fieldType": "",
                            "namespace": "metric",
                            "dataSource": "cpu",
                            "groupByTime": ""
                        },
                        "datasource": "dataflux"
                    }
                ]
            },
            "is_disable": false,
            "monitorName": "Host 监控"
        }
    ]
}