{
    "title": "Datakit",
    "dashboardType": "CUSTOM",
    "dashboardExtend": {},
    "dashboardMapping": [],
    "dashboardOwnerType": "node",
    "iconSet": {},
    "dashboardBindSet": [],
    "thumbnail": "",
    "tags": [],
    "summary": "",
    "main": {
        "vars": [],
        "charts": [
            {
                "extend": {
                    "settings": {
                        "units": [],
                        "colors": [],
                        "levels": [],
                        "bgColor": "",
                        "mappings": [],
                        "showLine": false,
                        "fixedTime": "",
                        "fontColor": "#00B2CE",
                        "lineColor": "#3AB8FF",
                        "precision": "2",
                        "showTitle": true,
                        "titleDesc": "",
                        "downsample": "last",
                        "compareType": "",
                        "openCompare": false,
                        "compareTitle": "",
                        "showLineAxis": false,
                        "timeInterval": "default",
                        "isTimeInterval": false,
                        "currentChartType": "singlestat",
                        "showFieldMapping": false
                    },
                    "fixedTime": ""
                },
                "group": {
                    "name": null
                },
                "name": "DataKit 数量",
                "pos": {
                    "h": 9,
                    "i": "chrt_7cef8a6e37d74dbe8a06ad9a69373210",
                    "w": 4,
                    "x": 0,
                    "y": 0
                },
                "type": "singlestat",
                "queries": [
                    {
                        "name": "",
                        "type": "singlestat",
                        "unit": "",
                        "color": "",
                        "qtype": "dql",
                        "query": {
                            "q": "M::`datakit`:(COUNT_DISTINCT(`pid`))",
                            "code": "A",
                            "fill": null,
                            "type": "simple",
                            "alias": "",
                            "field": "pid",
                            "filters": [],
                            "groupBy": [],
                            "funcList": [
                                "last"
                            ],
                            "fieldFunc": "count_distinct",
                            "fieldType": "integer",
                            "namespace": "metric",
                            "dataSource": "datakit",
                            "queryFuncs": [],
                            "groupByTime": ""
                        },
                        "datasource": "dataflux"
                    }
                ]
            },
            {
                "extend": {
                    "settings": {
                        "units": [],
                        "colors": [],
                        "levels": [],
                        "chartType": "pie",
                        "fixedTime": "",
                        "showTitle": true,
                        "titleDesc": "",
                        "showLegend": true,
                        "timeInterval": "default",
                        "isTimeInterval": false,
                        "currentChartType": "pie",
                        "showFieldMapping": false
                    },
                    "fixedTime": "",
                    "fixedGroupByTime": null
                },
                "group": {
                    "name": null
                },
                "name": "DataKit 版本",
                "pos": {
                    "h": 18,
                    "i": "chrt_961839f5b3a842bb9cc5b45d1b528caf",
                    "w": 5,
                    "x": 4,
                    "y": 0
                },
                "type": "pie",
                "queries": [
                    {
                        "name": "",
                        "type": "pie",
                        "unit": "",
                        "color": "",
                        "qtype": "dql",
                        "query": {
                            "q": "M::`datakit`:(COUNT_DISTINCT(`pid`)) BY `vserion`",
                            "code": "A",
                            "fill": null,
                            "type": "simple",
                            "alias": "",
                            "field": "pid",
                            "filters": [],
                            "groupBy": [
                                "vserion"
                            ],
                            "funcList": [
                                "last"
                            ],
                            "fieldFunc": "count_distinct",
                            "fieldType": "integer",
                            "namespace": "metric",
                            "dataSource": "datakit",
                            "queryFuncs": [],
                            "groupByTime": ""
                        },
                        "datasource": "dataflux"
                    }
                ]
            },
            {
                "extend": {
                    "settings": {
                        "units": [
                            {
                                "key": "avg(heap_sys)",
                                "name": "avg(heap_sys)",
                                "unit": "",
                                "units": [
                                    "digital",
                                    "B"
                                ]
                            }
                        ],
                        "colors": [],
                        "levels": [],
                        "density": "medium",
                        "showLine": false,
                        "chartType": "areaLine",
                        "fixedTime": "",
                        "isPercent": false,
                        "openStack": false,
                        "showTitle": true,
                        "stackType": "time",
                        "titleDesc": "",
                        "compareType": "",
                        "openCompare": false,
                        "compareTitle": "",
                        "timeInterval": "auto",
                        "xAxisShowType": "time",
                        "isTimeInterval": true,
                        "currentChartType": "sequence",
                        "showFieldMapping": false
                    },
                    "fixedTime": ""
                },
                "group": {
                    "name": null
                },
                "name": "DataKit 堆内存",
                "pos": {
                    "h": 12,
                    "i": "chrt_a16b359f9269479f984f0e57484f3d14",
                    "w": 12,
                    "x": 0,
                    "y": 31
                },
                "type": "sequence",
                "queries": [
                    {
                        "name": "",
                        "type": "sequence",
                        "unit": "",
                        "color": "",
                        "qtype": "dql",
                        "query": {
                            "q": "M::`datakit`:(LAST(`heap_alloc`) AS `datakit堆内存`) BY `uuid`",
                            "code": "A",
                            "fill": null,
                            "type": "simple",
                            "alias": "datakit堆内存",
                            "field": "heap_alloc",
                            "filters": [],
                            "groupBy": [
                                "uuid"
                            ],
                            "funcList": [],
                            "fieldFunc": "last",
                            "fieldType": "integer",
                            "namespace": "metric",
                            "dataSource": "datakit",
                            "queryFuncs": [],
                            "groupByTime": ""
                        },
                        "datasource": "dataflux"
                    }
                ]
            },
            {
                "extend": {
                    "settings": {
                        "units": [],
                        "colors": [],
                        "levels": [],
                        "density": "medium",
                        "showLine": false,
                        "chartType": "areaLine",
                        "fixedTime": "",
                        "isPercent": false,
                        "openStack": false,
                        "showTitle": true,
                        "stackType": "time",
                        "titleDesc": "",
                        "compareType": "",
                        "openCompare": false,
                        "compareTitle": "",
                        "timeInterval": "auto",
                        "xAxisShowType": "time",
                        "isTimeInterval": true,
                        "currentChartType": "sequence",
                        "showFieldMapping": false
                    },
                    "fixedTime": "",
                    "fixedGroupByTime": null
                },
                "group": {
                    "name": null
                },
                "name": "DataKit CPU",
                "pos": {
                    "h": 13,
                    "i": "chrt_1c710957d1ad4ad6a5886e7bfaf41a42",
                    "w": 12,
                    "x": 12,
                    "y": 18
                },
                "type": "sequence",
                "queries": [
                    {
                        "name": "",
                        "type": "sequence",
                        "unit": "",
                        "color": "",
                        "qtype": "dql",
                        "query": {
                            "q": "M::`datakit`:(LAST(`cpu_usage`)) BY `uuid`",
                            "code": "A",
                            "fill": null,
                            "type": "simple",
                            "alias": "",
                            "field": "cpu_usage",
                            "fillNum": null,
                            "filters": [],
                            "groupBy": [
                                "uuid"
                            ],
                            "funcList": [],
                            "fieldFunc": "last",
                            "fieldType": "float",
                            "namespace": "metric",
                            "dataSource": "datakit",
                            "queryFuncs": [],
                            "withLabels": [],
                            "groupByTime": ""
                        },
                        "datasource": "dataflux"
                    }
                ]
            },
            {
                "extend": {
                    "settings": {
                        "bar": {
                            "direction": "horizontal",
                            "xAxisShowType": "groupBy"
                        },
                        "color": "#498BFE",
                        "table": {
                            "queryMode": "toGroupColumn"
                        },
                        "units": [
                            {
                                "key": "last(heap_sys)",
                                "name": "last(heap_sys)",
                                "unit": "",
                                "units": [
                                    "digital",
                                    "B"
                                ]
                            }
                        ],
                        "colors": [
                            {
                                "key": "last(cpu_usage)",
                                "name": "last(cpu_usage)",
                                "color": "#498BFE"
                            }
                        ],
                        "levels": [],
                        "topSize": 10,
                        "chartType": "bar",
                        "fixedTime": "",
                        "showTitle": true,
                        "titleDesc": "",
                        "openCompare": false,
                        "showTopSize": true,
                        "timeInterval": "default",
                        "showTableHead": true,
                        "tableSortType": "top",
                        "isTimeInterval": false,
                        "currentChartType": "toplist",
                        "showFieldMapping": false,
                        "tableSortMetricName": ""
                    },
                    "fixedTime": ""
                },
                "group": {
                    "name": null
                },
                "name": "DataKit 进程内存排行",
                "pos": {
                    "h": 18,
                    "i": "chrt_bec77e4dd1e24f64a855381285aa298a",
                    "w": 6,
                    "x": 9,
                    "y": 0
                },
                "type": "toplist",
                "queries": [
                    {
                        "name": "",
                        "type": "toplist",
                        "unit": "",
                        "color": "",
                        "qtype": "dql",
                        "query": {
                            "q": "M::`datakit`:(LAST(`heap_sys`)) BY `uuid`, `host_ip`",
                            "code": "A",
                            "fill": null,
                            "type": "simple",
                            "alias": "",
                            "field": "heap_sys",
                            "filters": [],
                            "groupBy": [
                                "uuid",
                                "host_ip"
                            ],
                            "funcList": [
                                "last",
                                "top:10"
                            ],
                            "fieldFunc": "last",
                            "fieldType": "integer",
                            "namespace": "metric",
                            "dataSource": "datakit",
                            "queryFuncs": [],
                            "groupByTime": ""
                        },
                        "datasource": "dataflux"
                    }
                ]
            },
            {
                "extend": {
                    "settings": {
                        "bar": {
                            "direction": "horizontal",
                            "xAxisShowType": "groupBy"
                        },
                        "color": "#498BFE",
                        "table": {
                            "queryMode": "toGroupColumn"
                        },
                        "units": [
                            {
                                "key": "last(uptime)",
                                "name": "last(uptime)",
                                "unit": "",
                                "units": [
                                    "time",
                                    "s"
                                ]
                            }
                        ],
                        "colors": [
                            {
                                "key": "last(uptime){\"host\": \"df-saas-prod-node-004\"}",
                                "name": "last(uptime){\"host\": \"df-saas-prod-node-004\"}",
                                "color": "#498BFE"
                            }
                        ],
                        "levels": [],
                        "topSize": 10,
                        "chartType": "bar",
                        "fixedTime": "",
                        "showTitle": true,
                        "titleDesc": "",
                        "openCompare": false,
                        "showTopSize": true,
                        "timeInterval": "default",
                        "showTableHead": true,
                        "tableSortType": "top",
                        "isTimeInterval": false,
                        "currentChartType": "toplist",
                        "showFieldMapping": false,
                        "tableSortMetricName": ""
                    },
                    "fixedTime": ""
                },
                "group": {
                    "name": null
                },
                "name": "DataKit 启动时间排行",
                "pos": {
                    "h": 9,
                    "i": "chrt_158f2f6d5ef3415bbfda135c75eb5853",
                    "w": 4,
                    "x": 0,
                    "y": 9
                },
                "type": "toplist",
                "queries": [
                    {
                        "name": "",
                        "type": "toplist",
                        "unit": "",
                        "color": "",
                        "qtype": "dql",
                        "query": {
                            "q": "M::`datakit`:(LAST(`uptime`)) BY `host`",
                            "code": "A",
                            "fill": null,
                            "type": "simple",
                            "alias": "",
                            "field": "uptime",
                            "fillNum": null,
                            "filters": [],
                            "groupBy": [
                                "host"
                            ],
                            "funcList": [
                                "last",
                                "bottom:20"
                            ],
                            "fieldFunc": "last",
                            "fieldType": "integer",
                            "namespace": "metric",
                            "dataSource": "datakit",
                            "queryFuncs": [],
                            "withLabels": [],
                            "groupByTime": ""
                        },
                        "datasource": "dataflux"
                    }
                ]
            },
            {
                "extend": {
                    "settings": {
                        "units": [
                            {
                                "key": "avg(heap_sys)",
                                "name": "avg(heap_sys)",
                                "unit": "",
                                "units": [
                                    "digital",
                                    "B"
                                ]
                            }
                        ],
                        "colors": [],
                        "levels": [],
                        "density": "medium",
                        "showLine": false,
                        "chartType": "areaLine",
                        "fixedTime": "",
                        "isPercent": false,
                        "openStack": false,
                        "showTitle": true,
                        "stackType": "time",
                        "titleDesc": "",
                        "compareType": "",
                        "openCompare": false,
                        "compareTitle": "",
                        "timeInterval": "auto",
                        "xAxisShowType": "time",
                        "isTimeInterval": true,
                        "currentChartType": "sequence",
                        "showFieldMapping": false
                    },
                    "fixedTime": ""
                },
                "group": {
                    "name": null
                },
                "name": "DataKit 主机内存占用",
                "pos": {
                    "h": 13,
                    "i": "chrt_a7313a428c6347a19cf8ed63aeb3b8e5",
                    "w": 12,
                    "x": 0,
                    "y": 18
                },
                "type": "sequence",
                "queries": [
                    {
                        "name": "",
                        "type": "sequence",
                        "unit": "",
                        "color": "",
                        "qtype": "dql",
                        "query": {
                            "q": "M::`datakit`:(AVG(`heap_sys`)) BY `host`",
                            "code": "A",
                            "fill": null,
                            "type": "simple",
                            "alias": "",
                            "field": "heap_sys",
                            "fillNum": null,
                            "filters": [],
                            "groupBy": [
                                "host"
                            ],
                            "funcList": [],
                            "fieldFunc": "avg",
                            "fieldType": "integer",
                            "namespace": "metric",
                            "dataSource": "datakit",
                            "queryFuncs": [],
                            "withLabels": [],
                            "groupByTime": ""
                        },
                        "datasource": "dataflux"
                    }
                ]
            },
            {
                "extend": {
                    "settings": {
                        "units": [],
                        "colors": [],
                        "levels": [],
                        "density": "medium",
                        "showLine": false,
                        "chartType": "line",
                        "fixedTime": "",
                        "isPercent": false,
                        "openStack": false,
                        "showTitle": true,
                        "stackType": "time",
                        "titleDesc": "",
                        "compareType": "",
                        "openCompare": false,
                        "compareTitle": "",
                        "timeInterval": "auto",
                        "xAxisShowType": "time",
                        "isTimeInterval": true,
                        "currentChartType": "sequence",
                        "showFieldMapping": false
                    },
                    "fixedTime": ""
                },
                "group": {
                    "name": null
                },
                "name": "goroutine数量",
                "pos": {
                    "h": 12,
                    "i": "chrt_fc2457c307294eeea4c82d4482da801e",
                    "w": 12,
                    "x": 12,
                    "y": 31
                },
                "type": "sequence",
                "queries": [
                    {
                        "name": "",
                        "type": "sequence",
                        "unit": "",
                        "color": "",
                        "qtype": "dql",
                        "query": {
                            "q": "M::`datakit`:(LAST(`num_goroutines`)) BY `host`",
                            "code": "A",
                            "fill": null,
                            "type": "simple",
                            "alias": "",
                            "field": "num_goroutines",
                            "fillNum": null,
                            "filters": [],
                            "groupBy": [
                                "host"
                            ],
                            "funcList": [],
                            "fieldFunc": "last",
                            "fieldType": "integer",
                            "namespace": "metric",
                            "dataSource": "datakit",
                            "queryFuncs": [],
                            "withLabels": [],
                            "groupByTime": ""
                        },
                        "datasource": "dataflux"
                    }
                ]
            },
            {
                "extend": {
                    "settings": {
                        "units": [],
                        "colors": [],
                        "levels": [],
                        "fixedTime": "",
                        "inColumns": [
                            {
                                "field": "time",
                                "headerName": "时间",
                                "filterParams": {},
                                "cellRendererFramework": "StatusCellRender"
                            }
                        ],
                        "showTitle": true,
                        "titleDesc": "",
                        "addColumns": [
                            {
                                "field": "message",
                                "headerName": "内容"
                            },
                            {
                                "hide": true,
                                "field": "status"
                            },
                            {
                                "hide": true,
                                "field": "__docid"
                            }
                        ],
                        "timeInterval": "",
                        "isTimeInterval": false,
                        "currentChartType": "log",
                        "showFieldMapping": false
                    },
                    "fixedTime": ""
                },
                "group": {
                    "name": null
                },
                "name": "DataKit Event 日志",
                "pos": {
                    "h": 18,
                    "i": "chrt_d652b8db9e7b48c2bbb883f4bb40128c",
                    "w": 9,
                    "x": 15,
                    "y": 0
                },
                "type": "log",
                "queries": [
                    {
                        "name": "",
                        "type": "log",
                        "unit": "",
                        "color": "",
                        "qtype": "dql",
                        "query": {
                            "q": "L::`datakit`:(`message`, `status`, `__docid`) ",
                            "code": "A",
                            "fill": null,
                            "type": "simple",
                            "alias": "内容",
                            "field": null,
                            "fields": [
                                {
                                    "alias": "内容",
                                    "field": "message"
                                },
                                {
                                    "hide": true,
                                    "field": "status"
                                },
                                {
                                    "hide": true,
                                    "field": "__docid"
                                }
                            ],
                            "filters": [],
                            "groupBy": [],
                            "funcList": [],
                            "fieldFunc": "last",
                            "fieldType": "text",
                            "namespace": "logging",
                            "dataSource": "datakit",
                            "queryFuncs": [],
                            "groupByTime": "",
                            "disableMultipleField": false
                        },
                        "datasource": "dataflux",
                        "noTimeRange": false
                    }
                ]
            }
        ],
        "groups": [],
        "type": "template"
    }
}