{
    "title": "kodo-ws",
    "dashboardType": "CUSTOM",
    "dashboardExtend": {},
    "dashboardMapping": [],
    "dashboardOwnerType": "node",
    "iconSet": {},
    "dashboardBindSet": [],
    "thumbnail": "",
    "tags": [],
    "summary": "",
    "main": {
        "vars": [],
        "charts": [
            {
                "extend": {
                    "settings": {
                        "units": [
                            {
                                "key": "count(create_time)",
                                "name": "count(create_time)",
                                "unit": "个",
                                "units": [
                                    "custom",
                                    "个"
                                ]
                            }
                        ],
                        "colors": [],
                        "levels": [],
                        "bgColor": "",
                        "mappings": [],
                        "showLine": false,
                        "fixedTime": "",
                        "fontColor": "#498BFE",
                        "lineColor": "#3AB8FF",
                        "precision": "2",
                        "showTitle": true,
                        "titleDesc": "",
                        "downsample": "last",
                        "compareType": "",
                        "openCompare": false,
                        "compareTitle": "",
                        "showLineAxis": false,
                        "timeInterval": "default",
                        "isTimeInterval": false,
                        "currentChartType": "singlestat",
                        "showFieldMapping": false
                    },
                    "fixedTime": null
                },
                "group": {
                    "name": "kodo-ws"
                },
                "name": "当前kodo-ws-log 记录数",
                "pos": {
                    "h": 14,
                    "i": "chrt_bfed982a3fc64ab7856540ab95ad1cf2",
                    "w": 7,
                    "x": 0,
                    "y": 76
                },
                "type": "singlestat",
                "queries": [
                    {
                        "name": "",
                        "type": "singlestat",
                        "unit": "",
                        "color": "",
                        "qtype": "dql",
                        "query": {
                            "q": "L::`kodo-ws`:(COUNT(`create_time`)) ",
                            "code": "A",
                            "fill": null,
                            "type": "simple",
                            "alias": "",
                            "field": "create_time",
                            "fillNum": null,
                            "filters": [],
                            "groupBy": [],
                            "funcList": [
                                "last"
                            ],
                            "fieldFunc": "count",
                            "fieldType": "long",
                            "namespace": "logging",
                            "dataSource": "kodo-ws",
                            "queryFuncs": [],
                            "withLabels": [],
                            "groupByTime": ""
                        },
                        "datasource": "dataflux"
                    }
                ]
            },
            {
                "extend": {
                    "settings": {
                        "units": [],
                        "colors": [],
                        "levels": [],
                        "chartType": "pie",
                        "fixedTime": "",
                        "showTitle": true,
                        "titleDesc": "",
                        "showLegend": true,
                        "timeInterval": "default",
                        "isTimeInterval": false,
                        "currentChartType": "pie",
                        "showFieldMapping": false
                    },
                    "fixedTime": null
                },
                "group": {
                    "name": "kodo-ws"
                },
                "name": "日志状态",
                "pos": {
                    "h": 14,
                    "i": "chrt_6a1f9735858b4519bb5e0b3b2dccf4ed",
                    "w": 10,
                    "x": 14,
                    "y": 76
                },
                "type": "pie",
                "queries": [
                    {
                        "name": "",
                        "type": "pie",
                        "unit": "",
                        "color": "",
                        "qtype": "dql",
                        "query": {
                            "q": "L::`kodo-ws`:(COUNT(`create_time`) AS `status`)  BY `status`",
                            "code": "A",
                            "fill": null,
                            "type": "simple",
                            "alias": "status",
                            "field": "create_time",
                            "fillNum": null,
                            "filters": [],
                            "groupBy": [
                                "status"
                            ],
                            "funcList": [
                                "last"
                            ],
                            "fieldFunc": "count",
                            "fieldType": "long",
                            "namespace": "logging",
                            "dataSource": "kodo-ws",
                            "queryFuncs": [],
                            "withLabels": [],
                            "groupByTime": ""
                        },
                        "datasource": "dataflux"
                    }
                ]
            },
            {
                "extend": {
                    "settings": {
                        "units": [
                            {
                                "key": "result",
                                "name": "result",
                                "unit": "",
                                "units": [
                                    "percent",
                                    "percent"
                                ]
                            }
                        ],
                        "colors": [],
                        "levels": [],
                        "bgColor": "",
                        "mappings": [],
                        "showLine": false,
                        "fixedTime": "",
                        "fontColor": "#F02D4F",
                        "lineColor": "#3AB8FF",
                        "precision": "2",
                        "showTitle": true,
                        "titleDesc": "",
                        "downsample": "last",
                        "compareType": "",
                        "openCompare": false,
                        "compareTitle": "",
                        "showLineAxis": false,
                        "timeInterval": "default",
                        "isTimeInterval": false,
                        "currentChartType": "singlestat",
                        "showFieldMapping": false
                    },
                    "fixedTime": null,
                    "fixedGroupByTime": null
                },
                "group": {
                    "name": "kodo-ws"
                },
                "name": "kodo-ws 错误率",
                "pos": {
                    "h": 14,
                    "i": "chrt_47479e3f37ab4710864e405cffd0dc24",
                    "w": 7,
                    "x": 7,
                    "y": 76
                },
                "type": "singlestat",
                "queries": [
                    {
                        "name": "",
                        "type": "singlestat",
                        "unit": "",
                        "color": "",
                        "qtype": "dql",
                        "query": {
                            "q": "F::dataflux__dql:(EXEC_FORMULA(expr='(A / B) * 100', A=dql(\"L::`kodo-ws`:(COUNT(`create_time`)) { `message` = re('.*ERROR.*') }\"), B=dql(\"L::`kodo-ws`:(COUNT(`create_time`)) \")))",
                            "code": "A",
                            "type": "expression",
                            "alias": "",
                            "children": [
                                {
                                    "q": "L::`kodo-ws`:(COUNT(`create_time`)) { `message` = re('.*ERROR.*') }",
                                    "code": "A",
                                    "fill": null,
                                    "type": "simple",
                                    "alias": "",
                                    "field": "create_time",
                                    "fillNum": null,
                                    "filters": [
                                        {
                                            "id": "20a7e590-468d-11ec-a69a-efce1fa15c1d",
                                            "op": "=~",
                                            "name": "message",
                                            "type": "text",
                                            "logic": "and",
                                            "value": "ERROR"
                                        }
                                    ],
                                    "groupBy": [],
                                    "fieldFunc": "count",
                                    "fieldType": "long",
                                    "namespace": "logging",
                                    "dataSource": "kodo-ws",
                                    "queryFuncs": [],
                                    "withLabels": [],
                                    "groupByTime": ""
                                },
                                {
                                    "q": "L::`kodo-ws`:(COUNT(`create_time`)) ",
                                    "code": "B",
                                    "fill": null,
                                    "type": "simple",
                                    "alias": "",
                                    "field": "create_time",
                                    "fillNum": null,
                                    "filters": [],
                                    "groupBy": [],
                                    "funcList": [],
                                    "fieldFunc": "count",
                                    "fieldType": "long",
                                    "namespace": "logging",
                                    "dataSource": "kodo-ws",
                                    "queryFuncs": [],
                                    "withLabels": [],
                                    "groupByTime": ""
                                }
                            ],
                            "funcList": [
                                "last"
                            ],
                            "expression": "(A / B) * 100"
                        },
                        "datasource": "dataflux"
                    }
                ]
            },
            {
                "extend": {
                    "settings": {
                        "units": [],
                        "colors": [],
                        "levels": [],
                        "fixedTime": "",
                        "inColumns": [
                            {
                                "field": "time",
                                "headerName": "时间",
                                "filterParams": {},
                                "cellRendererFramework": "StatusCellRender"
                            }
                        ],
                        "showTitle": true,
                        "titleDesc": "",
                        "addColumns": [
                            {
                                "field": "message",
                                "headerName": "内容"
                            },
                            {
                                "hide": true,
                                "field": "status"
                            },
                            {
                                "hide": true,
                                "field": "__docid"
                            }
                        ],
                        "timeInterval": "",
                        "isTimeInterval": false,
                        "currentChartType": "log",
                        "showFieldMapping": false
                    },
                    "fixedTime": null
                },
                "group": {
                    "name": "kodo-ws"
                },
                "name": "kodo-ws error 日志",
                "pos": {
                    "h": 21,
                    "i": "chrt_010e3c163b9f41b0be66ea12d81da1a9",
                    "w": 24,
                    "x": 0,
                    "y": 90
                },
                "type": "log",
                "queries": [
                    {
                        "name": "",
                        "type": "log",
                        "unit": "",
                        "color": "",
                        "qtype": "dql",
                        "query": {
                            "q": "L::`kodo-ws`:(`message`, `status`, `__docid`) { `message` = queryString('ERROR') }",
                            "code": "A",
                            "fill": null,
                            "type": "simple",
                            "alias": "内容",
                            "field": null,
                            "fields": [
                                {
                                    "alias": "内容",
                                    "field": "message"
                                },
                                {
                                    "hide": true,
                                    "field": "status"
                                },
                                {
                                    "hide": true,
                                    "field": "__docid"
                                }
                            ],
                            "search": "ERROR",
                            "filters": [],
                            "groupBy": [],
                            "funcList": [],
                            "fieldFunc": "last",
                            "fieldType": "text",
                            "namespace": "logging",
                            "dataSource": "kodo-ws",
                            "queryFuncs": [],
                            "groupByTime": "",
                            "disableMultipleField": false
                        },
                        "datasource": "dataflux",
                        "noTimeRange": false
                    }
                ]
            }
        ],
        "groups": [
            "kodo-ws"
        ],
        "type": "template"
    }
}