{
    "title": "Kubernetes Events Reason",
    "dashboardType": "CUSTOM",
    "dashboardExtend": {},
    "dashboardMapping": [],
    "dashboardOwnerType": "node",
    "iconSet": {},
    "dashboardBindSet": [],
    "thumbnail": "",
    "tags": [],
    "summary": "",
    "main": {
        "vars": [
            {
                "name": "原因",
                "seq": 0,
                "datasource": "dataflux",
                "code": "reason",
                "type": "QUERY",
                "definition": {
                    "tag": "",
                    "field": "",
                    "value": "L::`kubernetes_events`:(distinct(`reason`)){} [3d]",
                    "metric": "",
                    "object": "",
                    "defaultVal": {
                        "label": "*",
                        "value": "re(`.*`)"
                    }
                },
                "valueSort": "default",
                "hide": 0,
                "isHiddenAsterisk": 0
            },
            {
                "name": "namespace",
                "seq": 1,
                "datasource": "dataflux",
                "code": "namespace",
                "type": "QUERY",
                "definition": {
                    "tag": "",
                    "field": "",
                    "value": "L::`kubernetes_events`:(distinct(`namespace`)){`reason`=`#{reason}`}",
                    "metric": "",
                    "object": "",
                    "defaultVal": {
                        "label": "*",
                        "value": "re(`.*`)"
                    }
                },
                "valueSort": "default",
                "hide": 0,
                "isHiddenAsterisk": 0
            },
            {
                "name": "node_name",
                "seq": 2,
                "datasource": "dataflux",
                "code": "node_name",
                "type": "QUERY",
                "definition": {
                    "tag": "",
                    "field": "",
                    "value": "L::`kubernetes_events`:(distinct(`node_name`)){`reason`=`#{reason}`,`namespace`=`#{namespace}`}",
                    "metric": "",
                    "object": "",
                    "defaultVal": {
                        "label": "*",
                        "value": "re(`.*`)"
                    }
                },
                "valueSort": "default",
                "hide": 0,
                "isHiddenAsterisk": 0
            }
        ],
        "charts": [
            {
                "extend": {
                    "settings": {
                        "units": [],
                        "colors": [],
                        "levels": [],
                        "fixedTime": "",
                        "inColumns": [
                            {
                                "field": "time",
                                "headerName": "时间",
                                "showTooltip": false,
                                "filterParams": {},
                                "cellRendererFramework": "StatusCellRender"
                            }
                        ],
                        "showTitle": true,
                        "titleDesc": "",
                        "addColumns": [
                            {
                                "field": "message",
                                "headerName": "内容"
                            },
                            {
                                "hide": true,
                                "field": "status"
                            },
                            {
                                "hide": true,
                                "field": "__docid"
                            }
                        ],
                        "valMappings": [],
                        "timeInterval": "",
                        "isTimeInterval": false,
                        "currentChartType": "log",
                        "showFieldMapping": false,
                        "valColorMappings": []
                    },
                    "fixedTime": ""
                },
                "group": {
                    "name": null
                },
                "name": "Kubernetes Events",
                "pos": {
                    "h": 25,
                    "w": 24,
                    "x": 0,
                    "y": 36
                },
                "type": "log",
                "queries": [
                    {
                        "name": "",
                        "type": "log",
                        "unit": "",
                        "color": "",
                        "qtype": "dql",
                        "query": {
                            "q": "L::`kubernetes_events`:(`message`, `status`, `__docid`) { `reason` = '#{reason}' and `namespace` = '#{namespace}' and `node_name` = '#{node_name}' }",
                            "code": "A",
                            "fill": null,
                            "type": "simple",
                            "alias": "内容",
                            "field": null,
                            "fields": [
                                {
                                    "alias": "内容",
                                    "field": "message"
                                },
                                {
                                    "hide": true,
                                    "field": "status"
                                },
                                {
                                    "hide": true,
                                    "field": "__docid"
                                }
                            ],
                            "filters": [
                                {
                                    "id": "d044f4e0-f13a-11ec-a55c-d94bc5443ae9",
                                    "op": "=",
                                    "name": "reason",
                                    "type": "keyword",
                                    "logic": "and",
                                    "value": "#{reason}"
                                },
                                {
                                    "id": "d5b68ab0-f13a-11ec-a55c-d94bc5443ae9",
                                    "op": "=",
                                    "name": "namespace",
                                    "type": "keyword",
                                    "logic": "and",
                                    "value": "#{namespace}"
                                },
                                {
                                    "id": "98b4e840-f13b-11ec-a55c-d94bc5443ae9",
                                    "op": "=",
                                    "name": "node_name",
                                    "type": "keyword",
                                    "logic": "and",
                                    "value": "#{node_name}"
                                }
                            ],
                            "groupBy": [],
                            "funcList": [],
                            "fieldFunc": "last",
                            "fieldType": "",
                            "namespace": "logging",
                            "dataSource": "kubernetes_events",
                            "queryFuncs": [],
                            "groupByTime": "",
                            "disableMultipleField": false
                        },
                        "datasource": "dataflux",
                        "noTimeRange": false
                    }
                ]
            },
            {
                "extend": {
                    "settings": {
                        "units": [],
                        "colors": [],
                        "levels": [],
                        "bgColor": "#EA5E74",
                        "mappings": [],
                        "showLine": false,
                        "fixedTime": "",
                        "fontColor": "",
                        "lineColor": "#3AB8FF",
                        "precision": "2",
                        "showTitle": true,
                        "titleDesc": "",
                        "downsample": "last",
                        "compareType": "",
                        "openCompare": false,
                        "compareTitle": "",
                        "showLineAxis": false,
                        "timeInterval": "default",
                        "isTimeInterval": false,
                        "showFieldMapping": false
                    },
                    "fixedTime": ""
                },
                "group": {
                    "name": null
                },
                "name": "Eevet 统计",
                "pos": {
                    "h": 7,
                    "w": 4,
                    "x": 6,
                    "y": 0
                },
                "type": "singlestat",
                "queries": [
                    {
                        "name": "",
                        "type": "singlestat",
                        "unit": "",
                        "color": "",
                        "qtype": "dql",
                        "query": {
                            "q": "L::`kubernetes_events`:(COUNT(`*`)) { `reason` = '#{reason}' and `namespace` = '#{namespace}' and `node_name` = '#{node_name}' }",
                            "code": "A",
                            "fill": "",
                            "type": "simple",
                            "alias": "",
                            "field": "*",
                            "search": "",
                            "filters": [
                                {
                                    "id": "ba908280-f13b-11ec-a55c-d94bc5443ae9",
                                    "op": "=",
                                    "name": "reason",
                                    "type": "keyword",
                                    "logic": "and",
                                    "value": "#{reason}"
                                },
                                {
                                    "id": "bf31a8f0-f13b-11ec-a55c-d94bc5443ae9",
                                    "op": "=",
                                    "name": "namespace",
                                    "type": "keyword",
                                    "logic": "and",
                                    "value": "#{namespace}"
                                },
                                {
                                    "id": "c292d550-f13b-11ec-a55c-d94bc5443ae9",
                                    "op": "=",
                                    "name": "node_name",
                                    "type": "keyword",
                                    "logic": "and",
                                    "value": "#{node_name}"
                                }
                            ],
                            "groupBy": [],
                            "funcList": [],
                            "fieldFunc": "count",
                            "fieldType": "",
                            "namespace": "logging",
                            "dataSource": "kubernetes_events",
                            "queryFuncs": [],
                            "groupByTime": ""
                        },
                        "datasource": "dataflux"
                    }
                ]
            },
            {
                "extend": {
                    "settings": {
                        "units": [],
                        "colors": [
                            {
                                "key": "count(*)",
                                "name": "count(*)",
                                "color": "#FE5749"
                            }
                        ],
                        "levels": [],
                        "density": "lower",
                        "showLine": false,
                        "chartType": "line",
                        "fixedTime": "",
                        "isPercent": false,
                        "openStack": false,
                        "showTitle": true,
                        "stackType": "time",
                        "titleDesc": "",
                        "compareType": "",
                        "openCompare": false,
                        "compareTitle": "",
                        "timeInterval": "default",
                        "xAxisShowType": "time",
                        "isTimeInterval": true,
                        "currentChartType": "sequence",
                        "showFieldMapping": false
                    },
                    "fixedTime": "",
                    "fixedGroupByTime": null
                },
                "group": {
                    "name": null
                },
                "name": "Event 趋势",
                "pos": {
                    "h": 14,
                    "w": 14,
                    "x": 10,
                    "y": 0
                },
                "type": "sequence",
                "queries": [
                    {
                        "name": "",
                        "type": "sequence",
                        "unit": "",
                        "color": "",
                        "qtype": "dql",
                        "query": {
                            "q": "L::`kubernetes_events`:(COUNT(`*`)) { `reason` = '#{reason}' and `namespace` = '#{namespace}' and `node_name` = '#{node_name}' }",
                            "code": "A",
                            "fill": "",
                            "type": "simple",
                            "alias": "",
                            "field": "*",
                            "search": "",
                            "filters": [
                                {
                                    "id": "fe99f5b0-f13b-11ec-a55c-d94bc5443ae9",
                                    "op": "=",
                                    "name": "reason",
                                    "type": "keyword",
                                    "logic": "and",
                                    "value": "#{reason}"
                                },
                                {
                                    "id": "01b53f70-f13c-11ec-a55c-d94bc5443ae9",
                                    "op": "=",
                                    "name": "namespace",
                                    "type": "keyword",
                                    "logic": "and",
                                    "value": "#{namespace}"
                                },
                                {
                                    "id": "068da280-f13c-11ec-a55c-d94bc5443ae9",
                                    "op": "=",
                                    "name": "node_name",
                                    "type": "keyword",
                                    "logic": "and",
                                    "value": "#{node_name}"
                                }
                            ],
                            "groupBy": [],
                            "funcList": [],
                            "fieldFunc": "count",
                            "fieldType": "",
                            "namespace": "logging",
                            "dataSource": "kubernetes_events",
                            "queryFuncs": [],
                            "groupByTime": ""
                        },
                        "datasource": "dataflux"
                    }
                ]
            },
            {
                "extend": {
                    "settings": {
                        "units": [
                            {
                                "key": "count(*)",
                                "name": "count(*)",
                                "unit": "",
                                "units": [
                                    "percent",
                                    "percent_decimal"
                                ]
                            }
                        ],
                        "colors": [],
                        "levels": [],
                        "bgColor": "#F02D32",
                        "mappings": [],
                        "showLine": false,
                        "fixedTime": "",
                        "fontColor": "",
                        "lineColor": "#3AB8FF",
                        "precision": "2",
                        "showTitle": true,
                        "titleDesc": "",
                        "downsample": "last",
                        "compareType": "",
                        "openCompare": false,
                        "compareTitle": "",
                        "showLineAxis": false,
                        "timeInterval": "default",
                        "isTimeInterval": false,
                        "currentChartType": "singlestat",
                        "showFieldMapping": false
                    },
                    "fixedTime": ""
                },
                "group": {
                    "name": null
                },
                "name": "Event 占比",
                "pos": {
                    "h": 7,
                    "w": 4,
                    "x": 6,
                    "y": 7
                },
                "type": "singlestat",
                "queries": [
                    {
                        "name": "",
                        "type": "singlestat",
                        "unit": "",
                        "color": "",
                        "qtype": "dql",
                        "query": {
                            "q": "eval(A / B, A=\"L::`kubernetes_events`:(COUNT(`*`)) { `reason` = '#{reason}' and `namespace` = '#{namespace}' and `node_name` = '#{node_name}' }\", B=\"L::`kubernetes_events`:(COUNT(`*`))\")",
                            "code": "A",
                            "type": "expression",
                            "alias": "",
                            "children": [
                                {
                                    "q": "L::`kubernetes_events`:(COUNT(`*`)) { `reason` = '#{reason}' and `namespace` = '#{namespace}' and `node_name` = '#{node_name}' }",
                                    "code": "A",
                                    "fill": "",
                                    "type": "simple",
                                    "alias": "",
                                    "field": "*",
                                    "search": "",
                                    "filters": [
                                        {
                                            "id": "542e6060-f13c-11ec-a55c-d94bc5443ae9",
                                            "op": "=",
                                            "name": "reason",
                                            "type": "keyword",
                                            "logic": "and",
                                            "value": "#{reason}"
                                        },
                                        {
                                            "id": "58853760-f13c-11ec-a55c-d94bc5443ae9",
                                            "op": "=",
                                            "name": "namespace",
                                            "type": "keyword",
                                            "logic": "and",
                                            "value": "#{namespace}"
                                        },
                                        {
                                            "id": "5c646d60-f13c-11ec-a55c-d94bc5443ae9",
                                            "op": "=",
                                            "name": "node_name",
                                            "type": "keyword",
                                            "logic": "and",
                                            "value": "#{node_name}"
                                        }
                                    ],
                                    "groupBy": [],
                                    "fieldFunc": "count",
                                    "fieldType": "",
                                    "namespace": "logging",
                                    "dataSource": "kubernetes_events",
                                    "queryFuncs": [],
                                    "groupByTime": ""
                                },
                                {
                                    "q": "L::`kubernetes_events`:(COUNT(`*`))",
                                    "code": "B",
                                    "fill": "",
                                    "type": "simple",
                                    "alias": "",
                                    "field": "*",
                                    "search": "",
                                    "filters": [],
                                    "groupBy": [],
                                    "funcList": [],
                                    "fieldFunc": "count",
                                    "fieldType": "",
                                    "namespace": "logging",
                                    "dataSource": "kubernetes_events",
                                    "queryFuncs": [],
                                    "groupByTime": ""
                                }
                            ],
                            "funcList": [],
                            "expression": "A / B"
                        },
                        "datasource": "dataflux"
                    }
                ]
            },
            {
                "extend": {
                    "settings": {
                        "units": [],
                        "colors": [],
                        "levels": [
                            {
                                "value": [
                                    "Failed"
                                ],
                                "bgColor": "#F02D32",
                                "fontColor": "",
                                "lineColor": "",
                                "operation": "="
                            },
                            {
                                "value": [
                                    "FailedScheduling"
                                ],
                                "bgColor": "#F02D32",
                                "fontColor": "",
                                "lineColor": "",
                                "operation": "="
                            },
                            {
                                "value": [
                                    "SuccessfulDelete"
                                ],
                                "bgColor": "",
                                "fontColor": "",
                                "lineColor": "",
                                "operation": "="
                            },
                            {
                                "value": [
                                    "Rebooted"
                                ],
                                "bgColor": "#F02D37",
                                "fontColor": "",
                                "lineColor": "",
                                "operation": "="
                            },
                            {
                                "value": [
                                    "OOMKilling"
                                ],
                                "bgColor": "#F02D3C",
                                "fontColor": "",
                                "lineColor": "",
                                "operation": "="
                            },
                            {
                                "value": [
                                    "BackOff"
                                ],
                                "bgColor": "#F02D37",
                                "fontColor": "",
                                "lineColor": "",
                                "operation": "="
                            },
                            {
                                "value": [
                                    "FailedMount"
                                ],
                                "bgColor": "#F02D37",
                                "fontColor": "",
                                "lineColor": "",
                                "operation": "="
                            },
                            {
                                "value": [
                                    "SystemOOM"
                                ],
                                "bgColor": "#F02D3C",
                                "fontColor": "",
                                "lineColor": "",
                                "operation": "="
                            },
                            {
                                "value": [
                                    "TaintManagerEviction"
                                ],
                                "bgColor": "#F02D40",
                                "fontColor": "",
                                "lineColor": "",
                                "operation": "="
                            },
                            {
                                "value": [
                                    "NodeNotReady"
                                ],
                                "bgColor": "#F02D40",
                                "fontColor": "",
                                "lineColor": "",
                                "operation": "="
                            }
                        ],
                        "bgColor": "#F02D37",
                        "mappings": [
                            {
                                "operation": "=",
                                "mappingVal": "失败",
                                "originalVal": [
                                    "Failed"
                                ]
                            },
                            {
                                "operation": "=",
                                "mappingVal": "调度失败",
                                "originalVal": [
                                    "FailedScheduling"
                                ]
                            },
                            {
                                "operation": "=",
                                "mappingVal": "资源成功删除",
                                "originalVal": [
                                    "SuccessfulDelete"
                                ]
                            },
                            {
                                "operation": "=",
                                "mappingVal": "节点重启",
                                "originalVal": [
                                    "Rebooted"
                                ]
                            },
                            {
                                "operation": "=",
                                "mappingVal": "容器OOM",
                                "originalVal": [
                                    "OOMKilling"
                                ]
                            },
                            {
                                "operation": "=",
                                "mappingVal": "容器Crash",
                                "originalVal": [
                                    "BackOff"
                                ]
                            },
                            {
                                "operation": "=",
                                "mappingVal": "卷挂载失败",
                                "originalVal": [
                                    "FailedMount"
                                ]
                            },
                            {
                                "operation": "=",
                                "mappingVal": "节点OOM",
                                "originalVal": [
                                    "SystemOOM"
                                ]
                            },
                            {
                                "operation": "=",
                                "mappingVal": "驱逐",
                                "originalVal": [
                                    "TaintManagerEviction"
                                ]
                            },
                            {
                                "operation": "=",
                                "mappingVal": "节点不可用",
                                "originalVal": [
                                    "NodeNotReady"
                                ]
                            }
                        ],
                        "showLine": false,
                        "fixedTime": "",
                        "fontColor": "",
                        "lineColor": "#3AB8FF",
                        "precision": "2",
                        "showTitle": true,
                        "titleDesc": "",
                        "downsample": "last",
                        "compareType": "",
                        "openCompare": false,
                        "compareTitle": "",
                        "showLineAxis": false,
                        "timeInterval": "default",
                        "isTimeInterval": false,
                        "currentChartType": "singlestat",
                        "showFieldMapping": false
                    },
                    "fixedTime": ""
                },
                "group": {
                    "name": null
                },
                "name": "原因",
                "pos": {
                    "h": 14,
                    "w": 6,
                    "x": 0,
                    "y": 0
                },
                "type": "singlestat",
                "queries": [
                    {
                        "name": "",
                        "type": "singlestat",
                        "unit": "",
                        "color": "",
                        "qtype": "dql",
                        "query": {
                            "q": "L::`kubernetes_events`:(distinct(reason)) { `reason` = '#{reason}' and `namespace` = '#{namespace}' and `node_name` = '#{node_name}' }",
                            "code": "A",
                            "fill": null,
                            "type": "dql",
                            "field": "reason",
                            "fillNum": null,
                            "filters": [
                                {
                                    "op": "=",
                                    "name": "reason",
                                    "logic": "and",
                                    "value": "#{reason}"
                                },
                                {
                                    "op": "=",
                                    "name": "namespace",
                                    "logic": "and",
                                    "value": "#{namespace}"
                                },
                                {
                                    "op": "=",
                                    "name": "node_name",
                                    "logic": "and",
                                    "value": "#{node_name}"
                                }
                            ],
                            "groupBy": [],
                            "funcList": [],
                            "fieldFunc": "distinct",
                            "namespace": "logging",
                            "dataSource": "kubernetes_events",
                            "queryFuncs": [],
                            "withLabels": [],
                            "groupByTime": ""
                        },
                        "datasource": "dataflux"
                    }
                ]
            },
            {
                "extend": {
                    "settings": {
                        "units": [],
                        "colors": [],
                        "levels": [],
                        "pageSize": 0,
                        "fixedTime": "",
                        "queryMode": "toGroupColumn",
                        "showTitle": true,
                        "titleDesc": "",
                        "valMappings": [],
                        "timeInterval": "default",
                        "isTimeInterval": false,
                        "currentChartType": "table",
                        "showFieldMapping": false,
                        "valColorMappings": []
                    },
                    "fixedTime": ""
                },
                "group": {
                    "name": null
                },
                "name": "Event 清单",
                "pos": {
                    "h": 22,
                    "w": 24,
                    "x": 0,
                    "y": 14
                },
                "type": "table",
                "queries": [
                    {
                        "name": "",
                        "type": "table",
                        "unit": "",
                        "color": "",
                        "qtype": "dql",
                        "query": {
                            "q": "L::`kubernetes_events`:(LAST(`reason`) AS `原因`) { `reason` = '#{reason}' and `namespace` = '#{namespace}' and `node_name` = '#{node_name}' } BY `name`",
                            "code": "A",
                            "fill": "",
                            "type": "simple",
                            "alias": "原因",
                            "field": "reason",
                            "search": "",
                            "filters": [
                                {
                                    "id": "a2712340-f13f-11ec-a55c-d94bc5443ae9",
                                    "op": "=",
                                    "name": "reason",
                                    "type": "keyword",
                                    "logic": "and",
                                    "value": "#{reason}"
                                },
                                {
                                    "id": "ac80f950-f13f-11ec-a55c-d94bc5443ae9",
                                    "op": "=",
                                    "name": "namespace",
                                    "type": "keyword",
                                    "logic": "and",
                                    "value": "#{namespace}"
                                },
                                {
                                    "id": "b34e9cb0-f13f-11ec-a55c-d94bc5443ae9",
                                    "op": "=",
                                    "name": "node_name",
                                    "type": "keyword",
                                    "logic": "and",
                                    "value": "#{node_name}"
                                }
                            ],
                            "groupBy": [
                                "name"
                            ],
                            "funcList": [
                                "last"
                            ],
                            "fieldFunc": "last",
                            "fieldType": "keyword",
                            "namespace": "logging",
                            "dataSource": "kubernetes_events",
                            "queryFuncs": [],
                            "groupByTime": ""
                        },
                        "datasource": "dataflux"
                    },
                    {
                        "name": "",
                        "type": "table",
                        "unit": "",
                        "color": "",
                        "qtype": "dql",
                        "query": {
                            "q": "L::`kubernetes_events`:(LAST(`kind`) AS `类型`) { `reason` = '#{reason}' and `namespace` = '#{namespace}' and `node_name` = '#{node_name}' } BY `name`",
                            "code": "B",
                            "fill": "",
                            "type": "simple",
                            "alias": "类型",
                            "field": "kind",
                            "search": "",
                            "filters": [
                                {
                                    "id": "a8602670-f13f-11ec-a55c-d94bc5443ae9",
                                    "op": "=",
                                    "name": "reason",
                                    "type": "keyword",
                                    "logic": "and",
                                    "value": "#{reason}"
                                },
                                {
                                    "id": "bb592ce0-f13f-11ec-a55c-d94bc5443ae9",
                                    "op": "=",
                                    "name": "namespace",
                                    "type": "keyword",
                                    "logic": "and",
                                    "value": "#{namespace}"
                                },
                                {
                                    "id": "c2edc9c0-f13f-11ec-a55c-d94bc5443ae9",
                                    "op": "=",
                                    "name": "node_name",
                                    "type": "keyword",
                                    "logic": "and",
                                    "value": "#{node_name}"
                                }
                            ],
                            "groupBy": [
                                "name"
                            ],
                            "funcList": [
                                "last"
                            ],
                            "fieldFunc": "last",
                            "fieldType": "keyword",
                            "namespace": "logging",
                            "dataSource": "kubernetes_events",
                            "queryFuncs": [],
                            "groupByTime": ""
                        },
                        "datasource": "dataflux"
                    },
                    {
                        "name": "",
                        "type": "table",
                        "unit": "",
                        "color": "",
                        "qtype": "dql",
                        "query": {
                            "q": "L::`kubernetes_events`:(LAST(`name`) AS `pod 名称`) { `reason` = '#{reason}' and `namespace` = '#{namespace}' and `node_name` = '#{node_name}' } BY `name`",
                            "code": "C",
                            "fill": "",
                            "type": "simple",
                            "alias": "pod 名称",
                            "field": "name",
                            "search": "",
                            "filters": [
                                {
                                    "id": "c9695580-f13f-11ec-a55c-d94bc5443ae9",
                                    "op": "=",
                                    "name": "reason",
                                    "type": "keyword",
                                    "logic": "and",
                                    "value": "#{reason}"
                                },
                                {
                                    "id": "cfd3a330-f13f-11ec-a55c-d94bc5443ae9",
                                    "op": "=",
                                    "name": "namespace",
                                    "type": "keyword",
                                    "logic": "and",
                                    "value": "#{namespace}"
                                },
                                {
                                    "id": "d752bc40-f13f-11ec-a55c-d94bc5443ae9",
                                    "op": "=",
                                    "name": "node_name",
                                    "type": "keyword",
                                    "logic": "and",
                                    "value": "#{node_name}"
                                }
                            ],
                            "groupBy": [
                                "name"
                            ],
                            "funcList": [
                                "last"
                            ],
                            "fieldFunc": "last",
                            "fieldType": "keyword",
                            "namespace": "logging",
                            "dataSource": "kubernetes_events",
                            "queryFuncs": [],
                            "groupByTime": ""
                        },
                        "datasource": "dataflux"
                    },
                    {
                        "name": "",
                        "type": "table",
                        "unit": "",
                        "color": "",
                        "qtype": "dql",
                        "query": {
                            "q": "L::`kubernetes_events`:(LAST(`node_name`) AS `节点`) { `reason` = '#{reason}' and `namespace` = '#{namespace}' and `node_name` = '#{node_name}' } BY `name`",
                            "code": "D",
                            "fill": "",
                            "type": "simple",
                            "alias": "节点",
                            "field": "node_name",
                            "search": "",
                            "filters": [
                                {
                                    "id": "db910230-f13f-11ec-a55c-d94bc5443ae9",
                                    "op": "=",
                                    "name": "reason",
                                    "type": "keyword",
                                    "logic": "and",
                                    "value": "#{reason}"
                                },
                                {
                                    "id": "e807ed30-f13f-11ec-a55c-d94bc5443ae9",
                                    "op": "=",
                                    "name": "namespace",
                                    "type": "keyword",
                                    "logic": "and",
                                    "value": "#{namespace}"
                                },
                                {
                                    "id": "ec50e180-f13f-11ec-a55c-d94bc5443ae9",
                                    "op": "=",
                                    "name": "node_name",
                                    "type": "keyword",
                                    "logic": "and",
                                    "value": "#{node_name}"
                                }
                            ],
                            "groupBy": [
                                "name"
                            ],
                            "funcList": [
                                "last"
                            ],
                            "fieldFunc": "last",
                            "fieldType": "keyword",
                            "namespace": "logging",
                            "dataSource": "kubernetes_events",
                            "queryFuncs": [],
                            "groupByTime": ""
                        },
                        "datasource": "dataflux"
                    },
                    {
                        "name": "",
                        "type": "table",
                        "unit": "",
                        "color": "",
                        "qtype": "dql",
                        "query": {
                            "q": "L::`kubernetes_events`:(LAST(`namespace`) AS `namespace`) { `reason` = '#{reason}' and `namespace` = '#{namespace}' and `node_name` = '#{node_name}' } BY `name`",
                            "code": "E",
                            "fill": "",
                            "type": "simple",
                            "alias": "namespace",
                            "field": "namespace",
                            "search": "",
                            "filters": [
                                {
                                    "id": "a2712340-f13f-11ec-a55c-d94bc5443ae9",
                                    "op": "=",
                                    "name": "reason",
                                    "type": "keyword",
                                    "logic": "and",
                                    "value": "#{reason}"
                                },
                                {
                                    "id": "ac80f950-f13f-11ec-a55c-d94bc5443ae9",
                                    "op": "=",
                                    "name": "namespace",
                                    "type": "keyword",
                                    "logic": "and",
                                    "value": "#{namespace}"
                                },
                                {
                                    "id": "b34e9cb0-f13f-11ec-a55c-d94bc5443ae9",
                                    "op": "=",
                                    "name": "node_name",
                                    "type": "keyword",
                                    "logic": "and",
                                    "value": "#{node_name}"
                                }
                            ],
                            "groupBy": [
                                "name"
                            ],
                            "funcList": [
                                "last",
                                "top:20"
                            ],
                            "fieldFunc": "last",
                            "fieldType": "keyword",
                            "namespace": "logging",
                            "dataSource": "kubernetes_events",
                            "queryFuncs": [],
                            "groupByTime": ""
                        },
                        "datasource": "dataflux"
                    }
                ]
            }
        ],
        "groups": [],
        "type": "template"
    }
}