{
    "title": "基础设施Linux主机监控视图",
    "dashboardType": "CUSTOM",
    "dashboardExtend": {},
    "dashboardMapping": [],
    "dashboardOwnerType": "node",
    "iconSet": {
        "url": "https://static-res.guance.com/dataflux-template/dashboard/object__linux/object__linux.png",
        "icon": "https://static-res.guance.com/dataflux-template/dashboard/object__linux/icon.svg"
    },
    "dashboardBindSet": [],
    "thumbnail": "",
    "tags": [],
    "summary": "",
    "main": {
        "vars": [
            {
                "name": "主机名",
                "seq": 0,
                "datasource": "dataflux",
                "code": "host",
                "type": "QUERY",
                "definition": {
                    "tag": "",
                    "field": "",
                    "value": "O::HOST:(distinct('host')){'os'='linux'}[10m]",
                    "metric": "",
                    "object": "",
                    "defaultVal": {
                        "label": "*",
                        "value": "re(`.*`)"
                    }
                },
                "valueSort": "default",
                "hide": 1,
                "isHiddenAsterisk": 0
            }
        ],
        "charts": [
            {
                "extend": {
                    "settings": {
                        "mark": {
                            "axis": "x",
                            "data": [],
                            "type": "area"
                        },
                        "units": [],
                        "colors": [],
                        "levels": [],
                        "density": "medium",
                        "showLine": false,
                        "chartType": "areaLine",
                        "fixedTime": "",
                        "isPercent": false,
                        "openStack": false,
                        "showTitle": true,
                        "stackType": "time",
                        "titleDesc": "",
                        "compareType": "",
                        "openCompare": false,
                        "compareTitle": "",
                        "timeInterval": "default",
                        "xAxisShowType": "time",
                        "isTimeInterval": true,
                        "currentChartType": "sequence",
                        "showFieldMapping": false,
                        "tableSortMetricName": "15分钟负载"
                    },
                    "fixedTime": "",
                    "isRefresh": true
                },
                "group": {
                    "name": null
                },
                "name": "cpu load",
                "pos": {
                    "h": 8,
                    "w": 8,
                    "x": 0,
                    "y": 0
                },
                "type": "sequence",
                "queries": [
                    {
                        "name": "",
                        "type": "sequence",
                        "unit": "",
                        "color": "",
                        "qtype": "dql",
                        "query": {
                            "q": "M::`system`:(AVG(`load1_per_core`) AS `load1`) { `host` = '#{host}' }",
                            "code": "A",
                            "fill": null,
                            "type": "simple",
                            "alias": "load1",
                            "field": "load1_per_core",
                            "filters": [
                                {
                                    "id": "03177fa0-5966-11eb-a841-7bbd77278e92",
                                    "op": "=",
                                    "name": "host",
                                    "type": "",
                                    "logic": "and",
                                    "value": "#{host}"
                                }
                            ],
                            "groupBy": [],
                            "funcList": [],
                            "fieldFunc": "avg",
                            "fieldType": "float",
                            "namespace": "metric",
                            "dataSource": "system",
                            "queryFuncs": [],
                            "groupByTime": ""
                        },
                        "datasource": "dataflux"
                    },
                    {
                        "name": "",
                        "type": "sequence",
                        "unit": "",
                        "color": "",
                        "qtype": "dql",
                        "query": {
                            "q": "M::`system`:(AVG(`load5_per_core`) AS `load5`) { `host` = '#{host}' }",
                            "code": "C",
                            "fill": null,
                            "type": "simple",
                            "alias": "load5",
                            "field": "load5_per_core",
                            "filters": [
                                {
                                    "id": "04cb9840-5966-11eb-a841-7bbd77278e92",
                                    "op": "=",
                                    "name": "host",
                                    "type": "",
                                    "logic": "and",
                                    "value": "#{host}"
                                }
                            ],
                            "groupBy": [],
                            "funcList": [],
                            "fieldFunc": "avg",
                            "fieldType": "float",
                            "namespace": "metric",
                            "dataSource": "system",
                            "queryFuncs": [],
                            "groupByTime": ""
                        },
                        "datasource": "dataflux"
                    },
                    {
                        "name": "",
                        "type": "sequence",
                        "unit": "",
                        "color": "",
                        "qtype": "dql",
                        "query": {
                            "q": "M::`system`:(AVG(`load15_per_core`) AS `load15`) { `host` = '#{host}' }",
                            "code": "B",
                            "fill": null,
                            "type": "simple",
                            "alias": "load15",
                            "field": "load15_per_core",
                            "filters": [
                                {
                                    "id": "06cbfc20-5966-11eb-a841-7bbd77278e92",
                                    "op": "=",
                                    "name": "host",
                                    "type": "",
                                    "logic": "and",
                                    "value": "#{host}"
                                }
                            ],
                            "groupBy": [],
                            "funcList": [],
                            "fieldFunc": "avg",
                            "fieldType": "float",
                            "namespace": "metric",
                            "dataSource": "system",
                            "queryFuncs": [],
                            "groupByTime": ""
                        },
                        "datasource": "dataflux"
                    }
                ]
            },
            {
                "extend": {
                    "settings": {
                        "mark": {
                            "axis": "x",
                            "data": [],
                            "type": "area"
                        },
                        "units": [
                            {
                                "key": "total",
                                "name": "total",
                                "unit": "",
                                "units": [
                                    "digital",
                                    "B"
                                ]
                            },
                            {
                                "key": "used",
                                "name": "used",
                                "unit": "",
                                "units": [
                                    "digital",
                                    "B"
                                ]
                            },
                            {
                                "key": "free",
                                "name": "free",
                                "unit": "",
                                "units": [
                                    "digital",
                                    "B"
                                ]
                            },
                            {
                                "key": "cached",
                                "name": "cached",
                                "unit": "",
                                "units": [
                                    "digital",
                                    "B"
                                ]
                            },
                            {
                                "key": "buffered",
                                "name": "buffered",
                                "unit": "",
                                "units": [
                                    "digital",
                                    "B"
                                ]
                            }
                        ],
                        "colors": [],
                        "levels": [],
                        "density": "medium",
                        "showLine": false,
                        "chartType": "areaLine",
                        "fixedTime": "",
                        "isPercent": false,
                        "openStack": false,
                        "showTitle": true,
                        "stackType": "time",
                        "titleDesc": "",
                        "compareType": "",
                        "openCompare": false,
                        "compareTitle": "",
                        "timeInterval": "default",
                        "xAxisShowType": "time",
                        "isTimeInterval": true,
                        "currentChartType": "sequence",
                        "showFieldMapping": false,
                        "tableSortMetricName": "15分钟负载"
                    },
                    "fixedTime": "",
                    "isRefresh": true
                },
                "group": {
                    "name": null
                },
                "name": "memory used",
                "pos": {
                    "h": 8,
                    "w": 8,
                    "x": 16,
                    "y": 0
                },
                "type": "sequence",
                "queries": [
                    {
                        "name": "",
                        "type": "sequence",
                        "unit": "",
                        "color": "",
                        "qtype": "dql",
                        "query": {
                            "q": "M::`mem`:(AVG(`total`) AS `total`) { `host` = '#{host}' }",
                            "code": "A",
                            "fill": null,
                            "type": "simple",
                            "alias": "total",
                            "field": "total",
                            "filters": [
                                {
                                    "id": "04cb9840-5966-11eb-a841-7bbd77278e92",
                                    "op": "=",
                                    "name": "host",
                                    "type": "",
                                    "logic": "and",
                                    "value": "#{host}"
                                }
                            ],
                            "groupBy": [],
                            "funcList": [],
                            "fieldFunc": "avg",
                            "fieldType": "integer",
                            "namespace": "metric",
                            "dataSource": "mem",
                            "queryFuncs": [],
                            "groupByTime": ""
                        },
                        "datasource": "dataflux"
                    },
                    {
                        "name": "",
                        "type": "sequence",
                        "unit": "",
                        "color": "",
                        "qtype": "dql",
                        "query": {
                            "q": "M::`mem`:(AVG(`free`) AS `free`) { `host` = '#{host}' }",
                            "code": "B",
                            "fill": null,
                            "type": "simple",
                            "alias": "free",
                            "field": "free",
                            "filters": [
                                {
                                    "id": "06cbfc20-5966-11eb-a841-7bbd77278e92",
                                    "op": "=",
                                    "name": "host",
                                    "type": "",
                                    "logic": "and",
                                    "value": "#{host}"
                                }
                            ],
                            "groupBy": [],
                            "funcList": [],
                            "fieldFunc": "avg",
                            "fieldType": "integer",
                            "namespace": "metric",
                            "dataSource": "mem",
                            "queryFuncs": [],
                            "groupByTime": ""
                        },
                        "datasource": "dataflux"
                    },
                    {
                        "name": "",
                        "type": "sequence",
                        "unit": "",
                        "color": "",
                        "qtype": "dql",
                        "query": {
                            "q": "M::`mem`:(AVG(`used`) AS `used`) { `host` = '#{host}' }",
                            "code": "C",
                            "fill": null,
                            "type": "simple",
                            "alias": "used",
                            "field": "used",
                            "filters": [
                                {
                                    "id": "04cb9840-5966-11eb-a841-7bbd77278e92",
                                    "op": "=",
                                    "name": "host",
                                    "type": "",
                                    "logic": "and",
                                    "value": "#{host}"
                                }
                            ],
                            "groupBy": [],
                            "funcList": [],
                            "fieldFunc": "avg",
                            "fieldType": "integer",
                            "namespace": "metric",
                            "dataSource": "mem",
                            "queryFuncs": [],
                            "groupByTime": ""
                        },
                        "datasource": "dataflux"
                    },
                    {
                        "name": "",
                        "type": "sequence",
                        "unit": "",
                        "color": "",
                        "qtype": "dql",
                        "query": {
                            "q": "M::`mem`:(AVG(`cached`) AS `cached`) { `host` = '#{host}' }",
                            "code": "D",
                            "fill": null,
                            "type": "simple",
                            "alias": "cached",
                            "field": "cached",
                            "filters": [
                                {
                                    "id": "04cb9840-5966-11eb-a841-7bbd77278e92",
                                    "op": "=",
                                    "name": "host",
                                    "type": "",
                                    "logic": "and",
                                    "value": "#{host}"
                                }
                            ],
                            "groupBy": [],
                            "funcList": [],
                            "fieldFunc": "avg",
                            "fieldType": "integer",
                            "namespace": "metric",
                            "dataSource": "mem",
                            "queryFuncs": [],
                            "groupByTime": ""
                        },
                        "datasource": "dataflux"
                    },
                    {
                        "name": "",
                        "type": "sequence",
                        "unit": "",
                        "color": "",
                        "qtype": "dql",
                        "query": {
                            "q": "M::`mem`:(AVG(`buffered`) AS `buffered`) { `host` = '#{host}' }",
                            "code": "E",
                            "fill": null,
                            "type": "simple",
                            "alias": "buffered",
                            "field": "buffered",
                            "filters": [
                                {
                                    "id": "04cb9840-5966-11eb-a841-7bbd77278e92",
                                    "op": "=",
                                    "name": "host",
                                    "type": "",
                                    "logic": "and",
                                    "value": "#{host}"
                                }
                            ],
                            "groupBy": [],
                            "funcList": [],
                            "fieldFunc": "avg",
                            "fieldType": "integer",
                            "namespace": "metric",
                            "dataSource": "mem",
                            "queryFuncs": [],
                            "groupByTime": ""
                        },
                        "datasource": "dataflux"
                    }
                ]
            },
            {
                "extend": {
                    "settings": {
                        "mark": {
                            "axis": "x",
                            "data": [],
                            "type": "area"
                        },
                        "units": [
                            {
                                "key": "irq",
                                "name": "irq",
                                "unit": "",
                                "units": [
                                    "percent",
                                    "percent"
                                ]
                            },
                            {
                                "key": "system",
                                "name": "system",
                                "unit": "",
                                "units": [
                                    "percent",
                                    "percent"
                                ]
                            },
                            {
                                "key": "usage",
                                "name": "usage",
                                "unit": "",
                                "units": [
                                    "percent",
                                    "percent"
                                ]
                            },
                            {
                                "key": "user",
                                "name": "user",
                                "unit": "",
                                "units": [
                                    "percent",
                                    "percent"
                                ]
                            },
                            {
                                "key": "softirq",
                                "name": "softirq",
                                "unit": "",
                                "units": [
                                    "percent",
                                    "percent"
                                ]
                            },
                            {
                                "key": "iowait",
                                "name": "iowait",
                                "unit": "",
                                "units": [
                                    "percent",
                                    "percent"
                                ]
                            }
                        ],
                        "colors": [],
                        "levels": [],
                        "density": "medium",
                        "showLine": false,
                        "chartType": "areaLine",
                        "fixedTime": "",
                        "isPercent": false,
                        "openStack": false,
                        "showTitle": true,
                        "stackType": "time",
                        "titleDesc": "",
                        "compareType": "",
                        "openCompare": false,
                        "compareTitle": "",
                        "timeInterval": "default",
                        "xAxisShowType": "time",
                        "isTimeInterval": true,
                        "currentChartType": "sequence",
                        "showFieldMapping": false,
                        "tableSortMetricName": "15分钟负载"
                    },
                    "fixedTime": "",
                    "isRefresh": false
                },
                "group": {
                    "name": null
                },
                "name": "cpu usage",
                "pos": {
                    "h": 8,
                    "w": 8,
                    "x": 8,
                    "y": 0
                },
                "type": "sequence",
                "queries": [
                    {
                        "name": "",
                        "type": "sequence",
                        "unit": "",
                        "color": "",
                        "qtype": "dql",
                        "query": {
                            "q": "M::`cpu`:(AVG(`usage_irq`) AS `irq`) { `host` = '#{host}' }",
                            "code": "E",
                            "fill": null,
                            "type": "simple",
                            "alias": "irq",
                            "field": "usage_irq",
                            "filters": [
                                {
                                    "id": "093c04f0-5a1a-11eb-b9a7-b1a8d79b80a4",
                                    "op": "=",
                                    "name": "host",
                                    "type": "",
                                    "logic": "and",
                                    "value": "#{host}"
                                }
                            ],
                            "groupBy": [],
                            "funcList": [],
                            "fieldFunc": "avg",
                            "fieldType": "float",
                            "namespace": "metric",
                            "dataSource": "cpu",
                            "queryFuncs": [],
                            "groupByTime": ""
                        },
                        "datasource": "dataflux"
                    },
                    {
                        "name": "",
                        "type": "sequence",
                        "unit": "",
                        "color": "",
                        "qtype": "dql",
                        "query": {
                            "q": "M::`cpu`:(AVG(`usage_system`) AS `system`) { `host` = '#{host}' }",
                            "code": "A",
                            "fill": null,
                            "type": "simple",
                            "alias": "system",
                            "field": "usage_system",
                            "filters": [
                                {
                                    "id": "093c04f0-5a1a-11eb-b9a7-b1a8d79b80a4",
                                    "op": "=",
                                    "name": "host",
                                    "type": "",
                                    "logic": "and",
                                    "value": "#{host}"
                                }
                            ],
                            "groupBy": [],
                            "funcList": [],
                            "fieldFunc": "avg",
                            "fieldType": "float",
                            "namespace": "metric",
                            "dataSource": "cpu",
                            "queryFuncs": [],
                            "groupByTime": ""
                        },
                        "datasource": "dataflux"
                    },
                    {
                        "name": "",
                        "type": "sequence",
                        "unit": "",
                        "color": "",
                        "qtype": "dql",
                        "query": {
                            "q": "M::`cpu`:(AVG(`usage_user`) AS `user`) { `host` = '#{host}' }",
                            "code": "C",
                            "fill": null,
                            "type": "simple",
                            "alias": "user",
                            "field": "usage_user",
                            "filters": [
                                {
                                    "id": "04cb9840-5966-11eb-a841-7bbd77278e92",
                                    "op": "=",
                                    "name": "host",
                                    "type": "",
                                    "logic": "and",
                                    "value": "#{host}"
                                }
                            ],
                            "groupBy": [],
                            "funcList": [],
                            "fieldFunc": "avg",
                            "fieldType": "float",
                            "namespace": "metric",
                            "dataSource": "cpu",
                            "queryFuncs": [],
                            "groupByTime": ""
                        },
                        "datasource": "dataflux"
                    },
                    {
                        "name": "",
                        "type": "sequence",
                        "unit": "",
                        "color": "",
                        "qtype": "dql",
                        "query": {
                            "q": "M::`cpu`:(AVG(`usage_total`) AS `usage`) { `host` = '#{host}' }",
                            "code": "B",
                            "fill": null,
                            "type": "simple",
                            "alias": "usage",
                            "field": "usage_total",
                            "fillNum": null,
                            "filters": [
                                {
                                    "id": "a36de0e0-13bc-11ed-a629-75839182ae98",
                                    "op": "=",
                                    "name": "host",
                                    "logic": "and",
                                    "value": "#{host}"
                                }
                            ],
                            "groupBy": [],
                            "funcList": [],
                            "fieldFunc": "avg",
                            "fieldType": "float",
                            "namespace": "metric",
                            "dataSource": "cpu",
                            "queryFuncs": [],
                            "withLabels": [],
                            "groupByTime": ""
                        },
                        "datasource": "dataflux"
                    },
                    {
                        "name": "",
                        "type": "sequence",
                        "unit": "",
                        "color": "",
                        "qtype": "dql",
                        "query": {
                            "q": "M::`cpu`:(AVG(`usage_softirq`) AS `softirq`) { `host` = '#{host}' }",
                            "code": "D",
                            "fill": null,
                            "type": "simple",
                            "alias": "softirq",
                            "field": "usage_softirq",
                            "filters": [
                                {
                                    "id": "093c04f0-5a1a-11eb-b9a7-b1a8d79b80a4",
                                    "op": "=",
                                    "name": "host",
                                    "type": "",
                                    "logic": "and",
                                    "value": "#{host}"
                                }
                            ],
                            "groupBy": [],
                            "funcList": [],
                            "fieldFunc": "avg",
                            "fieldType": "float",
                            "namespace": "metric",
                            "dataSource": "cpu",
                            "queryFuncs": [],
                            "groupByTime": ""
                        },
                        "datasource": "dataflux"
                    },
                    {
                        "name": "",
                        "type": "sequence",
                        "unit": "",
                        "color": "",
                        "qtype": "dql",
                        "query": {
                            "q": "M::`cpu`:(AVG(`usage_iowait`) AS `iowait`) { `host` = '#{host}' }",
                            "code": "F",
                            "fill": null,
                            "type": "simple",
                            "alias": "iowait",
                            "field": "usage_iowait",
                            "filters": [
                                {
                                    "id": "093c04f0-5a1a-11eb-b9a7-b1a8d79b80a4",
                                    "op": "=",
                                    "name": "host",
                                    "type": "",
                                    "logic": "and",
                                    "value": "#{host}"
                                }
                            ],
                            "groupBy": [],
                            "funcList": [],
                            "fieldFunc": "avg",
                            "fieldType": "float",
                            "namespace": "metric",
                            "dataSource": "cpu",
                            "queryFuncs": [],
                            "groupByTime": ""
                        },
                        "datasource": "dataflux"
                    }
                ]
            },
            {
                "extend": {
                    "settings": {
                        "mark": {
                            "axis": "x",
                            "data": [],
                            "type": "area"
                        },
                        "units": [
                            {
                                "key": "read bytes",
                                "name": "read bytes",
                                "unit": "",
                                "units": [
                                    "traffic",
                                    "B/S"
                                ]
                            },
                            {
                                "key": "write bytes",
                                "name": "write bytes",
                                "unit": "",
                                "units": [
                                    "traffic",
                                    "B/S"
                                ]
                            }
                        ],
                        "colors": [],
                        "levels": [],
                        "density": "medium",
                        "showLine": false,
                        "chartType": "areaLine",
                        "fixedTime": "",
                        "isPercent": false,
                        "openStack": false,
                        "showTitle": true,
                        "stackType": "time",
                        "titleDesc": "",
                        "compareType": "",
                        "openCompare": false,
                        "compareTitle": "",
                        "timeInterval": "default",
                        "xAxisShowType": "time",
                        "isTimeInterval": true,
                        "currentChartType": "sequence",
                        "showFieldMapping": false,
                        "tableSortMetricName": "15分钟负载"
                    },
                    "fixedTime": "",
                    "isRefresh": true
                },
                "group": {
                    "name": null
                },
                "name": "disk read&write bytes/s",
                "pos": {
                    "h": 8,
                    "w": 8,
                    "x": 8,
                    "y": 8
                },
                "type": "sequence",
                "queries": [
                    {
                        "name": "",
                        "type": "sequence",
                        "unit": "",
                        "color": "",
                        "qtype": "dql",
                        "query": {
                            "q": "M::`diskio`:(AVG(`read_bytes/sec`) AS `read bytes`) { `host` = '#{host}' } BY `name`",
                            "code": "C",
                            "fill": null,
                            "type": "simple",
                            "alias": "read bytes",
                            "field": "read_bytes/sec",
                            "filters": [
                                {
                                    "id": "1571b1c0-13be-11ed-a629-75839182ae98",
                                    "op": "=",
                                    "name": "host",
                                    "type": "",
                                    "logic": "and",
                                    "value": "#{host}"
                                }
                            ],
                            "groupBy": [
                                "name"
                            ],
                            "funcList": [],
                            "fieldFunc": "avg",
                            "fieldType": "integer",
                            "namespace": "metric",
                            "dataSource": "diskio",
                            "queryFuncs": [],
                            "groupByTime": ""
                        },
                        "datasource": "dataflux"
                    },
                    {
                        "name": "",
                        "type": "sequence",
                        "unit": "",
                        "color": "",
                        "qtype": "dql",
                        "query": {
                            "q": "M::`diskio`:(AVG(`write_bytes/sec`) AS `write bytes`) { `host` = '#{host}' } BY `name`",
                            "code": "A",
                            "fill": null,
                            "type": "simple",
                            "alias": "write bytes",
                            "field": "write_bytes/sec",
                            "filters": [
                                {
                                    "id": "1571b1c0-13be-11ed-a629-75839182ae98",
                                    "op": "=",
                                    "name": "host",
                                    "type": "",
                                    "logic": "and",
                                    "value": "#{host}"
                                }
                            ],
                            "groupBy": [
                                "name"
                            ],
                            "funcList": [],
                            "fieldFunc": "avg",
                            "fieldType": "integer",
                            "namespace": "metric",
                            "dataSource": "diskio",
                            "queryFuncs": [],
                            "groupByTime": ""
                        },
                        "datasource": "dataflux"
                    }
                ]
            },
            {
                "extend": {
                    "settings": {
                        "mark": {
                            "axis": "x",
                            "data": [],
                            "type": "area"
                        },
                        "units": [
                            {
                                "key": "read time",
                                "name": "read time",
                                "unit": "",
                                "units": [
                                    "time",
                                    "ms"
                                ]
                            },
                            {
                                "key": "write time",
                                "name": "write time",
                                "unit": "",
                                "units": [
                                    "time",
                                    "ms"
                                ]
                            }
                        ],
                        "colors": [],
                        "levels": [],
                        "density": "medium",
                        "showLine": false,
                        "chartType": "areaLine",
                        "fixedTime": "",
                        "isPercent": false,
                        "openStack": false,
                        "showTitle": true,
                        "stackType": "time",
                        "titleDesc": "",
                        "compareType": "",
                        "openCompare": false,
                        "compareTitle": "",
                        "timeInterval": "default",
                        "xAxisShowType": "time",
                        "isTimeInterval": true,
                        "currentChartType": "sequence",
                        "showFieldMapping": false,
                        "tableSortMetricName": "15分钟负载"
                    },
                    "fixedTime": "",
                    "isRefresh": false
                },
                "group": {
                    "name": null
                },
                "name": "disk read&write time/s",
                "pos": {
                    "h": 8,
                    "w": 8,
                    "x": 16,
                    "y": 8
                },
                "type": "sequence",
                "queries": [
                    {
                        "name": "",
                        "type": "sequence",
                        "unit": "",
                        "color": "",
                        "qtype": "dql",
                        "query": {
                            "q": "NON_NEGATIVE_DERIVATIVE(\"M::`diskio`:(AVG(`read_time`) AS `read time`) { `host` = '#{host}' } BY `name`\")",
                            "code": "C",
                            "fill": null,
                            "type": "simple",
                            "alias": "read time",
                            "field": "read_time",
                            "filters": [
                                {
                                    "id": "a772b560-13be-11ed-a629-75839182ae98",
                                    "op": "=",
                                    "name": "host",
                                    "type": "",
                                    "logic": "and",
                                    "value": "#{host}"
                                }
                            ],
                            "groupBy": [
                                "name"
                            ],
                            "funcList": [],
                            "fieldFunc": "avg",
                            "fieldType": "integer",
                            "namespace": "metric",
                            "dataSource": "diskio",
                            "queryFuncs": [
                                {
                                    "args": [],
                                    "name": "non_negative_derivative"
                                }
                            ],
                            "groupByTime": ""
                        },
                        "datasource": "dataflux"
                    },
                    {
                        "name": "",
                        "type": "sequence",
                        "unit": "",
                        "color": "",
                        "qtype": "dql",
                        "query": {
                            "q": "NON_NEGATIVE_DERIVATIVE(\"M::`diskio`:(AVG(`write_time`) AS `write time`) { `host` = '#{host}' } BY `name`\")",
                            "code": "A",
                            "fill": null,
                            "type": "simple",
                            "alias": "write time",
                            "field": "write_time",
                            "filters": [
                                {
                                    "id": "a772b560-13be-11ed-a629-75839182ae98",
                                    "op": "=",
                                    "name": "host",
                                    "type": "",
                                    "logic": "and",
                                    "value": "#{host}"
                                }
                            ],
                            "groupBy": [
                                "name"
                            ],
                            "funcList": [],
                            "fieldFunc": "avg",
                            "fieldType": "integer",
                            "namespace": "metric",
                            "dataSource": "diskio",
                            "queryFuncs": [
                                {
                                    "args": [],
                                    "name": "non_negative_derivative"
                                }
                            ],
                            "groupByTime": ""
                        },
                        "datasource": "dataflux"
                    }
                ]
            },
            {
                "extend": {
                    "settings": {
                        "mark": {
                            "axis": "x",
                            "data": [],
                            "type": "area"
                        },
                        "units": [
                            {
                                "key": "sent bytes",
                                "name": "sent bytes",
                                "unit": "",
                                "units": [
                                    "traffic",
                                    "B/S"
                                ]
                            },
                            {
                                "key": "receive bytes",
                                "name": "receive bytes",
                                "unit": "",
                                "units": [
                                    "traffic",
                                    "B/S"
                                ]
                            }
                        ],
                        "colors": [],
                        "levels": [],
                        "density": "medium",
                        "showLine": false,
                        "chartType": "areaLine",
                        "fixedTime": "",
                        "isPercent": false,
                        "openStack": false,
                        "showTitle": true,
                        "stackType": "time",
                        "titleDesc": "",
                        "compareType": "",
                        "openCompare": false,
                        "compareTitle": "",
                        "timeInterval": "default",
                        "xAxisShowType": "time",
                        "isTimeInterval": true,
                        "currentChartType": "sequence",
                        "showFieldMapping": false,
                        "tableSortMetricName": "15分钟负载"
                    },
                    "fixedTime": "",
                    "isRefresh": true
                },
                "group": {
                    "name": null
                },
                "name": "network traffic",
                "pos": {
                    "h": 8,
                    "w": 8,
                    "x": 8,
                    "y": 16
                },
                "type": "sequence",
                "queries": [
                    {
                        "name": "",
                        "type": "sequence",
                        "unit": "",
                        "color": "",
                        "qtype": "dql",
                        "query": {
                            "q": "M::`net`:(AVG(`bytes_recv/sec`) AS `receive bytes`) { `host` = '#{host}' } BY `interface`",
                            "code": "C",
                            "fill": null,
                            "type": "simple",
                            "alias": "receive bytes",
                            "field": "bytes_recv/sec",
                            "filters": [
                                {
                                    "id": "6004d6f0-13bd-11ed-a629-75839182ae98",
                                    "op": "=",
                                    "name": "host",
                                    "type": "",
                                    "logic": "and",
                                    "value": "#{host}"
                                }
                            ],
                            "groupBy": [
                                "interface"
                            ],
                            "funcList": [],
                            "fieldFunc": "avg",
                            "fieldType": "integer",
                            "namespace": "metric",
                            "dataSource": "net",
                            "queryFuncs": [],
                            "groupByTime": ""
                        },
                        "datasource": "dataflux"
                    },
                    {
                        "name": "",
                        "type": "sequence",
                        "unit": "",
                        "color": "",
                        "qtype": "dql",
                        "query": {
                            "q": "M::`net`:(AVG(`bytes_sent/sec`) AS `sent bytes`) { `host` = '#{host}' } BY `interface`",
                            "code": "A",
                            "fill": null,
                            "type": "simple",
                            "alias": "sent bytes",
                            "field": "bytes_sent/sec",
                            "filters": [
                                {
                                    "id": "6004d6f0-13bd-11ed-a629-75839182ae98",
                                    "op": "=",
                                    "name": "host",
                                    "type": "",
                                    "logic": "and",
                                    "value": "#{host}"
                                }
                            ],
                            "groupBy": [
                                "interface"
                            ],
                            "funcList": [],
                            "fieldFunc": "avg",
                            "fieldType": "integer",
                            "namespace": "metric",
                            "dataSource": "net",
                            "queryFuncs": [],
                            "groupByTime": ""
                        },
                        "datasource": "dataflux"
                    }
                ]
            },
            {
                "extend": {
                    "settings": {
                        "mark": {
                            "axis": "x",
                            "data": [],
                            "type": "area"
                        },
                        "units": [
                            {
                                "key": "receive packets",
                                "name": "receive packets",
                                "unit": "pps",
                                "units": [
                                    "custom",
                                    "pps"
                                ]
                            },
                            {
                                "key": "sent packets",
                                "name": "sent packets",
                                "unit": "pps",
                                "units": [
                                    "custom",
                                    "pps"
                                ]
                            }
                        ],
                        "colors": [],
                        "levels": [],
                        "density": "medium",
                        "showLine": false,
                        "chartType": "areaLine",
                        "fixedTime": "",
                        "isPercent": false,
                        "openStack": false,
                        "showTitle": true,
                        "stackType": "time",
                        "titleDesc": "",
                        "compareType": "",
                        "openCompare": false,
                        "compareTitle": "",
                        "timeInterval": "default",
                        "xAxisShowType": "time",
                        "isTimeInterval": true,
                        "currentChartType": "sequence",
                        "showFieldMapping": false,
                        "tableSortMetricName": "15分钟负载"
                    },
                    "fixedTime": "",
                    "isRefresh": true
                },
                "group": {
                    "name": null
                },
                "name": "network packets",
                "pos": {
                    "h": 8,
                    "w": 8,
                    "x": 16,
                    "y": 16
                },
                "type": "sequence",
                "queries": [
                    {
                        "name": "",
                        "type": "sequence",
                        "unit": "",
                        "color": "",
                        "qtype": "dql",
                        "query": {
                            "q": "M::`net`:(AVG(`packets_recv/sec`) AS `receive packets`) { `host` = '#{host}' } BY `interface`",
                            "code": "C",
                            "fill": null,
                            "type": "simple",
                            "alias": "receive packets",
                            "field": "packets_recv/sec",
                            "filters": [
                                {
                                    "id": "d6fb8d30-13bd-11ed-a629-75839182ae98",
                                    "op": "=",
                                    "name": "host",
                                    "type": "",
                                    "logic": "and",
                                    "value": "#{host}"
                                }
                            ],
                            "groupBy": [
                                "interface"
                            ],
                            "funcList": [],
                            "fieldFunc": "avg",
                            "fieldType": "integer",
                            "namespace": "metric",
                            "dataSource": "net",
                            "queryFuncs": [],
                            "groupByTime": ""
                        },
                        "datasource": "dataflux"
                    },
                    {
                        "name": "",
                        "type": "sequence",
                        "unit": "",
                        "color": "",
                        "qtype": "dql",
                        "query": {
                            "q": "M::`net`:(AVG(`packets_sent/sec`) AS `sent packets`) { `host` = '#{host}' } BY `interface`",
                            "code": "A",
                            "fill": null,
                            "type": "simple",
                            "alias": "sent packets",
                            "field": "packets_sent/sec",
                            "filters": [
                                {
                                    "id": "d6fb8d30-13bd-11ed-a629-75839182ae98",
                                    "op": "=",
                                    "name": "host",
                                    "type": "",
                                    "logic": "and",
                                    "value": "#{host}"
                                }
                            ],
                            "groupBy": [
                                "interface"
                            ],
                            "funcList": [],
                            "fieldFunc": "avg",
                            "fieldType": "integer",
                            "namespace": "metric",
                            "dataSource": "net",
                            "queryFuncs": [],
                            "groupByTime": ""
                        },
                        "datasource": "dataflux"
                    }
                ]
            },
            {
                "extend": {
                    "settings": {
                        "mark": {
                            "axis": "x",
                            "data": [],
                            "type": "area"
                        },
                        "units": [
                            {
                                "key": "memory usage",
                                "name": "memory usage",
                                "unit": "",
                                "units": [
                                    "percent",
                                    "percent"
                                ]
                            },
                            {
                                "key": "swap usage",
                                "name": "swap usage",
                                "unit": "",
                                "units": [
                                    "percent",
                                    "percent"
                                ]
                            }
                        ],
                        "colors": [],
                        "levels": [],
                        "density": "medium",
                        "mappings": [],
                        "showLine": false,
                        "chartType": "areaLine",
                        "fixedTime": "",
                        "isPercent": false,
                        "lineColor": "#3AB8FF",
                        "openStack": false,
                        "showTitle": true,
                        "stackType": "time",
                        "titleDesc": "",
                        "downsample": "last",
                        "showLegend": true,
                        "compareType": "",
                        "openCompare": false,
                        "compareTitle": "",
                        "showLineAxis": false,
                        "timeInterval": "default",
                        "xAxisShowType": "time",
                        "isTimeInterval": true,
                        "currentChartType": "sequence",
                        "showFieldMapping": false,
                        "tableSortMetricName": "last(free)"
                    },
                    "fixedTime": "",
                    "isRefresh": false
                },
                "group": {
                    "name": null
                },
                "name": "memory usage",
                "pos": {
                    "h": 8,
                    "w": 8,
                    "x": 0,
                    "y": 8
                },
                "type": "sequence",
                "queries": [
                    {
                        "name": "",
                        "type": "sequence",
                        "unit": "",
                        "color": "",
                        "qtype": "dql",
                        "query": {
                            "q": "M::`mem`:(AVG(`used_percent`) AS `memory usage`) { `host` = '#{host}' }",
                            "code": "A",
                            "fill": null,
                            "type": "simple",
                            "alias": "memory usage",
                            "field": "used_percent",
                            "filters": [
                                {
                                    "id": "a0debed0-cf39-11eb-970f-8321e9f36952",
                                    "op": "=",
                                    "name": "host",
                                    "type": "",
                                    "logic": "and",
                                    "value": "#{host}"
                                }
                            ],
                            "groupBy": [],
                            "funcList": [],
                            "fieldFunc": "avg",
                            "fieldType": "float",
                            "namespace": "metric",
                            "dataSource": "mem",
                            "queryFuncs": [],
                            "groupByTime": ""
                        },
                        "datasource": "dataflux"
                    }
                ]
            },
            {
                "extend": {
                    "settings": {
                        "mark": {
                            "axis": "x",
                            "data": [],
                            "type": "area"
                        },
                        "units": [
                            {
                                "key": "free",
                                "name": "free",
                                "unit": "",
                                "units": [
                                    "digital",
                                    "B"
                                ]
                            },
                            {
                                "key": "total",
                                "name": "total",
                                "unit": "",
                                "units": [
                                    "digital",
                                    "B"
                                ]
                            },
                            {
                                "key": "used",
                                "name": "used",
                                "unit": "",
                                "units": [
                                    "digital",
                                    "B"
                                ]
                            }
                        ],
                        "colors": [],
                        "levels": [],
                        "density": "medium",
                        "showLine": false,
                        "chartType": "areaLine",
                        "fixedTime": "",
                        "isPercent": false,
                        "openStack": false,
                        "showTitle": true,
                        "stackType": "time",
                        "titleDesc": "",
                        "showLegend": true,
                        "compareType": "",
                        "openCompare": false,
                        "compareTitle": "",
                        "timeInterval": "default",
                        "xAxisShowType": "time",
                        "isTimeInterval": true,
                        "currentChartType": "sequence",
                        "showFieldMapping": false,
                        "tableSortMetricName": "last(free)"
                    },
                    "fixedTime": "",
                    "isRefresh": true
                },
                "group": {
                    "name": null
                },
                "name": "disk used",
                "pos": {
                    "h": 8,
                    "w": 8,
                    "x": 0,
                    "y": 16
                },
                "type": "sequence",
                "queries": [
                    {
                        "name": "",
                        "type": "sequence",
                        "unit": "",
                        "color": "",
                        "qtype": "dql",
                        "query": {
                            "q": "M::`disk`:(AVG(`free`) AS `free`) { `host` = '#{host}' } BY `device`",
                            "code": "A",
                            "fill": null,
                            "type": "simple",
                            "alias": "free",
                            "field": "free",
                            "filters": [
                                {
                                    "id": "a199fbc0-5bba-11eb-bd31-015cfe86e5cf",
                                    "op": "=",
                                    "name": "host",
                                    "type": "",
                                    "logic": "and",
                                    "value": "#{host}"
                                }
                            ],
                            "groupBy": [
                                "device"
                            ],
                            "funcList": [],
                            "fieldFunc": "avg",
                            "fieldType": "integer",
                            "namespace": "metric",
                            "dataSource": "disk",
                            "queryFuncs": [],
                            "groupByTime": ""
                        },
                        "datasource": "dataflux"
                    },
                    {
                        "name": "",
                        "type": "sequence",
                        "unit": "",
                        "color": "",
                        "qtype": "dql",
                        "query": {
                            "q": "M::`disk`:(AVG(`used`) AS `used`) { `host` = '#{host}' } BY `device`",
                            "code": "B",
                            "fill": null,
                            "type": "simple",
                            "alias": "used",
                            "field": "used",
                            "filters": [
                                {
                                    "id": "a5789580-5bba-11eb-bd31-015cfe86e5cf",
                                    "op": "=",
                                    "name": "host",
                                    "type": "",
                                    "logic": "and",
                                    "value": "#{host}"
                                }
                            ],
                            "groupBy": [
                                "device"
                            ],
                            "funcList": [],
                            "fieldFunc": "avg",
                            "fieldType": "integer",
                            "namespace": "metric",
                            "dataSource": "disk",
                            "queryFuncs": [],
                            "groupByTime": ""
                        },
                        "datasource": "dataflux"
                    },
                    {
                        "name": "",
                        "type": "sequence",
                        "unit": "",
                        "color": "",
                        "qtype": "dql",
                        "query": {
                            "q": "M::`disk`:(AVG(`total`) AS `total`) { `host` = '#{host}' } BY `device`",
                            "code": "C",
                            "fill": null,
                            "type": "simple",
                            "alias": "total",
                            "field": "total",
                            "filters": [
                                {
                                    "id": "a5789580-5bba-11eb-bd31-015cfe86e5cf",
                                    "op": "=",
                                    "name": "host",
                                    "type": "",
                                    "logic": "and",
                                    "value": "#{host}"
                                }
                            ],
                            "groupBy": [
                                "device"
                            ],
                            "funcList": [],
                            "fieldFunc": "avg",
                            "fieldType": "integer",
                            "namespace": "metric",
                            "dataSource": "disk",
                            "queryFuncs": [],
                            "groupByTime": ""
                        },
                        "datasource": "dataflux"
                    }
                ]
            }
        ],
        "groups": [],
        "type": "template"
    }
}