{
    "title": "主机总览",
    "dashboardType": "CUSTOM",
    "dashboardExtend": {},
    "dashboardMapping": [],
    "dashboardOwnerType": "node",
    "iconSet": {},
    "dashboardBindSet": [],
    "thumbnail": "",
    "tags": [],
    "summary": "",
    "main": {
        "vars": [],
        "charts": [
            {
                "extend": {
                    "settings": {
                        "units": [
                            {
                                "key": "CPU 使用率",
                                "name": "CPU 使用率",
                                "unit": "",
                                "units": [
                                    "percent",
                                    "percent"
                                ]
                            },
                            {
                                "key": "内存使用率",
                                "name": "内存使用率",
                                "unit": "",
                                "units": [
                                    "percent",
                                    "percent"
                                ]
                            }
                        ],
                        "colors": [],
                        "levels": [],
                        "pageSize": 0,
                        "fixedTime": "",
                        "queryMode": "toGroupColumn",
                        "showTitle": true,
                        "titleDesc": "",
                        "timeInterval": "default",
                        "isTimeInterval": true,
                        "currentChartType": "table",
                        "showFieldMapping": false
                    },
                    "fixedTime": null
                },
                "group": {
                    "name": null
                },
                "name": "进程 (CPU) Top5",
                "pos": {
                    "h": 12,
                    "w": 24,
                    "x": 0,
                    "y": 32
                },
                "type": "table",
                "queries": [
                    {
                        "name": "",
                        "type": "table",
                        "unit": "",
                        "color": "",
                        "qtype": "dql",
                        "query": {
                            "q": "O::`host_processes`:(LAST(`pid`) AS `pid`)  BY `process_name`, `host`",
                            "code": "A",
                            "fill": "",
                            "type": "simple",
                            "alias": "pid",
                            "field": "pid",
                            "filters": [],
                            "groupBy": [
                                "process_name",
                                "host"
                            ],
                            "funcList": [
                                "last"
                            ],
                            "fieldFunc": "last",
                            "fieldType": "long",
                            "namespace": "object",
                            "dataSource": "host_processes",
                            "queryFuncs": [],
                            "groupByTime": ""
                        },
                        "datasource": "dataflux"
                    },
                    {
                        "name": "",
                        "type": "table",
                        "unit": "",
                        "color": "",
                        "qtype": "dql",
                        "query": {
                            "q": "O::`host_processes`:(LAST(`cpu_usage`) AS `CPU 使用率`)  BY `process_name`, `host`",
                            "code": "B",
                            "fill": "",
                            "type": "simple",
                            "alias": "CPU 使用率",
                            "field": "cpu_usage",
                            "filters": [],
                            "groupBy": [
                                "process_name",
                                "host"
                            ],
                            "funcList": [
                                "last",
                                "top:5"
                            ],
                            "fieldFunc": "last",
                            "fieldType": "float",
                            "namespace": "object",
                            "dataSource": "host_processes",
                            "queryFuncs": [],
                            "groupByTime": ""
                        },
                        "datasource": "dataflux"
                    },
                    {
                        "name": "",
                        "type": "table",
                        "unit": "",
                        "color": "",
                        "qtype": "dql",
                        "query": {
                            "q": "O::`host_processes`:(LAST(`mem_used_percent`) AS `内存使用率`)  BY `process_name`, `host`",
                            "code": "C",
                            "fill": "",
                            "type": "simple",
                            "alias": "内存使用率",
                            "field": "mem_used_percent",
                            "filters": [],
                            "groupBy": [
                                "process_name",
                                "host"
                            ],
                            "funcList": [
                                "last"
                            ],
                            "fieldFunc": "last",
                            "fieldType": "float",
                            "namespace": "object",
                            "dataSource": "host_processes",
                            "queryFuncs": [],
                            "groupByTime": ""
                        },
                        "datasource": "dataflux"
                    }
                ]
            },
            {
                "extend": {
                    "settings": {
                        "units": [
                            {
                                "key": "CPU 使用率",
                                "name": "CPU 使用率",
                                "unit": "",
                                "units": [
                                    "percent",
                                    "percent"
                                ]
                            },
                            {
                                "key": "内存使用率",
                                "name": "内存使用率",
                                "unit": "",
                                "units": [
                                    "percent",
                                    "percent"
                                ]
                            }
                        ],
                        "colors": [],
                        "levels": [],
                        "pageSize": 0,
                        "fixedTime": "",
                        "queryMode": "toGroupColumn",
                        "showTitle": true,
                        "titleDesc": "",
                        "timeInterval": "default",
                        "isTimeInterval": true,
                        "currentChartType": "table",
                        "showFieldMapping": false
                    },
                    "fixedTime": null
                },
                "group": {
                    "name": null
                },
                "name": "进程 (Mem) Top5",
                "pos": {
                    "h": 12,
                    "w": 24,
                    "x": 0,
                    "y": 44
                },
                "type": "table",
                "queries": [
                    {
                        "name": "",
                        "type": "table",
                        "unit": "",
                        "color": "",
                        "qtype": "dql",
                        "query": {
                            "q": "O::`host_processes`:(LAST(`pid`) AS `pid`)  BY `process_name`, `host`",
                            "code": "A",
                            "fill": "",
                            "type": "simple",
                            "alias": "pid",
                            "field": "pid",
                            "filters": [],
                            "groupBy": [
                                "process_name",
                                "host"
                            ],
                            "funcList": [
                                "last"
                            ],
                            "fieldFunc": "last",
                            "fieldType": "long",
                            "namespace": "object",
                            "dataSource": "host_processes",
                            "queryFuncs": [],
                            "groupByTime": ""
                        },
                        "datasource": "dataflux"
                    },
                    {
                        "name": "",
                        "type": "table",
                        "unit": "",
                        "color": "",
                        "qtype": "dql",
                        "query": {
                            "q": "O::`host_processes`:(LAST(`mem_used_percent`) AS `内存使用率`)  BY `process_name`, `host`",
                            "code": "C",
                            "fill": "",
                            "type": "simple",
                            "alias": "内存使用率",
                            "field": "mem_used_percent",
                            "filters": [],
                            "groupBy": [
                                "process_name",
                                "host"
                            ],
                            "funcList": [
                                "last"
                            ],
                            "fieldFunc": "last",
                            "fieldType": "float",
                            "namespace": "object",
                            "dataSource": "host_processes",
                            "queryFuncs": [],
                            "groupByTime": ""
                        },
                        "datasource": "dataflux"
                    },
                    {
                        "name": "",
                        "type": "table",
                        "unit": "",
                        "color": "",
                        "qtype": "dql",
                        "query": {
                            "q": "O::`host_processes`:(LAST(`cpu_usage`) AS `CPU 使用率`)  BY `process_name`, `host`",
                            "code": "B",
                            "fill": "",
                            "type": "simple",
                            "alias": "CPU 使用率",
                            "field": "cpu_usage",
                            "filters": [],
                            "groupBy": [
                                "process_name",
                                "host"
                            ],
                            "funcList": [
                                "last",
                                "top:5"
                            ],
                            "fieldFunc": "last",
                            "fieldType": "float",
                            "namespace": "object",
                            "dataSource": "host_processes",
                            "queryFuncs": [],
                            "groupByTime": ""
                        },
                        "datasource": "dataflux"
                    }
                ]
            },
            {
                "extend": {
                    "settings": {
                        "units": [
                            {
                                "key": "内存使用率",
                                "name": "内存使用率",
                                "unit": "",
                                "units": [
                                    "percent",
                                    "percent"
                                ]
                            }
                        ],
                        "colors": [],
                        "levels": [],
                        "pageSize": 0,
                        "fixedTime": "",
                        "queryMode": "toGroupColumn",
                        "showTitle": true,
                        "titleDesc": "",
                        "timeInterval": "default",
                        "isTimeInterval": true,
                        "currentChartType": "table",
                        "showFieldMapping": false
                    },
                    "fixedTime": null,
                    "fixedGroupByTime": null
                },
                "group": {
                    "name": null
                },
                "name": "内存使用率 Top5",
                "pos": {
                    "h": 12,
                    "w": 13,
                    "x": 11,
                    "y": 8
                },
                "type": "table",
                "queries": [
                    {
                        "name": "",
                        "type": "table",
                        "unit": "",
                        "color": "",
                        "qtype": "dql",
                        "query": {
                            "q": "M::`mem`:(LAST(`used_percent`) AS `内存使用率`)  BY `host`",
                            "code": "A",
                            "fill": null,
                            "type": "simple",
                            "alias": "内存使用率",
                            "field": "used_percent",
                            "fillNum": null,
                            "filters": [],
                            "groupBy": [
                                "host"
                            ],
                            "funcList": [
                                "last",
                                "top:5"
                            ],
                            "fieldFunc": "last",
                            "fieldType": "float",
                            "namespace": "metric",
                            "dataSource": "mem",
                            "queryFuncs": [],
                            "groupByTime": ""
                        },
                        "disabled": false,
                        "datasource": "dataflux"
                    }
                ]
            },
            {
                "extend": {
                    "settings": {
                        "units": [],
                        "colors": [],
                        "levels": [],
                        "bgColor": "",
                        "mappings": [],
                        "showLine": false,
                        "fixedTime": "1d",
                        "fontColor": "",
                        "lineColor": "#3AB8FF",
                        "precision": "2",
                        "showTitle": true,
                        "titleDesc": "",
                        "downsample": "last",
                        "openCompare": false,
                        "showLineAxis": false,
                        "timeInterval": "default",
                        "isTimeInterval": false,
                        "currentChartType": "singlestat",
                        "showFieldMapping": false
                    },
                    "fixedTime": {
                        "key": "1d",
                        "text": "最近1天"
                    },
                    "fixedGroupByTime": null
                },
                "group": {
                    "name": null
                },
                "name": "DataKit 主机数",
                "pos": {
                    "h": 8,
                    "w": 6,
                    "x": 0,
                    "y": 0
                },
                "type": "singlestat",
                "queries": [
                    {
                        "name": "",
                        "type": "singlestat",
                        "unit": "",
                        "color": "",
                        "qtype": "dql",
                        "query": {
                            "q": "O::`HOST`:(COUNT(`host`)) ",
                            "code": "A",
                            "fill": "",
                            "type": "simple",
                            "alias": "",
                            "field": "host",
                            "filters": [],
                            "groupBy": [],
                            "funcList": [
                                "last"
                            ],
                            "fieldFunc": "count",
                            "fieldType": "keyword",
                            "namespace": "object",
                            "dataSource": "HOST",
                            "queryFuncs": [],
                            "groupByTime": ""
                        },
                        "datasource": "dataflux"
                    }
                ]
            },
            {
                "extend": {
                    "settings": {
                        "units": [],
                        "colors": [],
                        "levels": [],
                        "bgColor": "",
                        "mappings": [],
                        "showLine": false,
                        "fixedTime": "1d",
                        "fontColor": "",
                        "lineColor": "#3AB8FF",
                        "precision": "2",
                        "showTitle": true,
                        "titleDesc": "",
                        "downsample": "last",
                        "openCompare": false,
                        "showLineAxis": false,
                        "timeInterval": "default",
                        "isTimeInterval": false,
                        "currentChartType": "singlestat",
                        "showFieldMapping": false
                    },
                    "fixedTime": {
                        "key": "1d",
                        "text": "最近1天"
                    },
                    "fixedGroupByTime": null
                },
                "group": {
                    "name": null
                },
                "name": "Linux 主机数",
                "pos": {
                    "h": 8,
                    "w": 6,
                    "x": 6,
                    "y": 0
                },
                "type": "singlestat",
                "queries": [
                    {
                        "name": "",
                        "type": "singlestat",
                        "unit": "",
                        "color": "",
                        "qtype": "dql",
                        "query": {
                            "q": "O::`HOST`:(COUNT(`host`)) { `os` = 'linux' }",
                            "code": "A",
                            "fill": "",
                            "type": "simple",
                            "alias": "",
                            "field": "host",
                            "filters": [
                                {
                                    "id": "436e97d0-019c-11ec-bd92-d3951762b278",
                                    "op": "=",
                                    "name": "os",
                                    "type": "keyword",
                                    "logic": "and",
                                    "value": "linux"
                                }
                            ],
                            "groupBy": [],
                            "funcList": [
                                "last"
                            ],
                            "fieldFunc": "count",
                            "fieldType": "keyword",
                            "namespace": "object",
                            "dataSource": "HOST",
                            "queryFuncs": [],
                            "groupByTime": ""
                        },
                        "datasource": "dataflux"
                    }
                ]
            },
            {
                "extend": {
                    "settings": {
                        "units": [
                            {
                                "key": "磁盘使用率",
                                "name": "磁盘使用率",
                                "unit": "",
                                "units": [
                                    "percent",
                                    "percent"
                                ]
                            }
                        ],
                        "colors": [],
                        "levels": [],
                        "pageSize": 0,
                        "fixedTime": "",
                        "queryMode": "toGroupColumn",
                        "showTitle": true,
                        "titleDesc": "",
                        "timeInterval": "default",
                        "isTimeInterval": true,
                        "currentChartType": "table",
                        "showFieldMapping": false
                    },
                    "fixedTime": null,
                    "fixedGroupByTime": null
                },
                "group": {
                    "name": null
                },
                "name": "磁盘使用率 Top5",
                "pos": {
                    "h": 12,
                    "w": 24,
                    "x": 0,
                    "y": 20
                },
                "type": "table",
                "queries": [
                    {
                        "name": "",
                        "type": "table",
                        "unit": "",
                        "color": "",
                        "qtype": "dql",
                        "query": {
                            "q": "M::`disk`:(LAST(`used_percent`) AS `磁盘使用率`)  BY `host`, `device`, `path`, `fstype`",
                            "code": "A",
                            "type": "simple",
                            "alias": "磁盘使用率",
                            "field": "used_percent",
                            "groupBy": [
                                "host",
                                "device",
                                "path",
                                "fstype"
                            ],
                            "funcList": [
                                "last",
                                "top:5"
                            ],
                            "fieldFunc": "last",
                            "fieldType": "float",
                            "namespace": "metric",
                            "dataSource": "disk",
                            "groupByTime": ""
                        },
                        "disabled": false,
                        "datasource": "dataflux"
                    }
                ]
            },
            {
                "extend": {
                    "settings": {
                        "bar": {
                            "direction": "horizontal",
                            "xAxisShowType": "groupBy"
                        },
                        "color": "rgba(73,139,254,1)",
                        "table": {
                            "queryMode": "toGroupColumn"
                        },
                        "units": [],
                        "colors": [
                            {
                                "key": "last(bytes_recv){\"host\": \"df_solution_ecs_003\", \"interface\": \"eth0\"}",
                                "name": "last(bytes_recv){\"host\": \"df_solution_ecs_003\", \"interface\": \"eth0\"}",
                                "color": "rgba(73,139,254,1)"
                            }
                        ],
                        "levels": [],
                        "topSize": 10,
                        "chartType": "bar",
                        "fixedTime": "",
                        "showTitle": true,
                        "titleDesc": "",
                        "openCompare": false,
                        "showTopSize": true,
                        "timeInterval": "default",
                        "showTableHead": true,
                        "tableSortType": "top",
                        "isTimeInterval": true,
                        "currentChartType": "toplist",
                        "showFieldMapping": false,
                        "tableSortMetricName": ""
                    },
                    "fixedTime": null,
                    "fixedGroupByTime": null
                },
                "group": {
                    "name": null
                },
                "name": "网络入流量 Top5",
                "pos": {
                    "h": 25,
                    "w": 12,
                    "x": 0,
                    "y": 56
                },
                "type": "toplist",
                "queries": [
                    {
                        "name": "",
                        "type": "toplist",
                        "unit": "",
                        "color": "",
                        "qtype": "dql",
                        "query": {
                            "q": "NON_NEGATIVE_DERIVATIVE(\"M::`net`:(LAST(`bytes_recv`))  BY `host`, `interface`\")",
                            "code": "A",
                            "type": "simple",
                            "alias": "",
                            "field": "bytes_recv",
                            "groupBy": [
                                "host",
                                "interface"
                            ],
                            "funcList": [
                                "last",
                                "top:5"
                            ],
                            "fieldFunc": "last",
                            "fieldType": "integer",
                            "namespace": "metric",
                            "dataSource": "net",
                            "queryFuncs": [
                                {
                                    "args": [],
                                    "name": "non_negative_derivative"
                                }
                            ],
                            "groupByTime": ""
                        },
                        "disabled": false,
                        "datasource": "dataflux"
                    }
                ]
            },
            {
                "extend": {
                    "settings": {
                        "bar": {
                            "direction": "horizontal",
                            "xAxisShowType": "groupBy"
                        },
                        "color": "rgba(255,119,170,1)",
                        "table": {
                            "queryMode": "toGroupColumn"
                        },
                        "units": [
                            {
                                "key": "last(bytes_sent)",
                                "name": "last(bytes_sent)",
                                "unit": "",
                                "units": [
                                    "traffic",
                                    "B/S"
                                ]
                            }
                        ],
                        "colors": [
                            {
                                "key": "CPU 使用率{\"host\": \"df-solution-ecs-011\"}",
                                "name": "CPU 使用率{\"host\": \"df-solution-ecs-011\"}",
                                "color": "rgba(255,119,170,1)"
                            }
                        ],
                        "levels": [],
                        "topSize": 10,
                        "chartType": "bar",
                        "fixedTime": "",
                        "showTitle": true,
                        "titleDesc": "",
                        "openCompare": false,
                        "showTopSize": true,
                        "timeInterval": "default",
                        "showTableHead": true,
                        "tableSortType": "top",
                        "isTimeInterval": true,
                        "currentChartType": "toplist",
                        "showFieldMapping": false,
                        "tableSortMetricName": ""
                    },
                    "fixedTime": null,
                    "fixedGroupByTime": null
                },
                "group": {
                    "name": null
                },
                "name": "网络出流量 Top5",
                "pos": {
                    "h": 25,
                    "w": 12,
                    "x": 12,
                    "y": 56
                },
                "type": "toplist",
                "queries": [
                    {
                        "name": "",
                        "type": "toplist",
                        "unit": "",
                        "color": "",
                        "qtype": "dql",
                        "query": {
                            "q": "NON_NEGATIVE_DERIVATIVE(\"M::`net`:(LAST(`bytes_sent`))  BY `host`, `interface`\")",
                            "code": "A",
                            "type": "simple",
                            "alias": "",
                            "field": "bytes_sent",
                            "groupBy": [
                                "host",
                                "interface"
                            ],
                            "funcList": [
                                "last",
                                "top:5"
                            ],
                            "fieldFunc": "last",
                            "fieldType": "integer",
                            "namespace": "metric",
                            "dataSource": "net",
                            "queryFuncs": [
                                {
                                    "args": [],
                                    "name": "non_negative_derivative"
                                }
                            ],
                            "groupByTime": ""
                        },
                        "disabled": false,
                        "datasource": "dataflux"
                    }
                ]
            },
            {
                "extend": {
                    "settings": {
                        "alias": [],
                        "units": [
                            {
                                "key": "CPU 使用率",
                                "name": "CPU 使用率",
                                "unit": "",
                                "units": [
                                    "percent",
                                    "percent"
                                ]
                            }
                        ],
                        "colors": [],
                        "levels": [],
                        "pageSize": 0,
                        "fixedTime": "",
                        "queryMode": "toGroupColumn",
                        "showTitle": true,
                        "titleDesc": "",
                        "valMappings": [],
                        "timeInterval": "default",
                        "isTimeInterval": true,
                        "currentChartType": "table",
                        "showFieldMapping": false,
                        "valColorMappings": [],
                        "mainMeasurementSort": "top",
                        "mainMeasurementLimit": 20,
                        "mainMeasurementQueryCode": "A"
                    },
                    "fixedTime": "",
                    "isRefresh": true,
                    "fixedGroupByTime": null
                },
                "group": {
                    "name": null
                },
                "name": "CPU 使用率 Top 5",
                "pos": {
                    "h": 12,
                    "w": 11,
                    "x": 0,
                    "y": 8
                },
                "type": "table",
                "queries": [
                    {
                        "name": "",
                        "type": "table",
                        "unit": "",
                        "color": "",
                        "qtype": "dql",
                        "query": {
                            "q": "M::`cpu`:(100 - LAST(`usage_idle`) AS `CPU 使用率`)  BY `host`",
                            "code": "A",
                            "type": "dql",
                            "funcList": [
                                "last",
                                "top:5"
                            ]
                        },
                        "datasource": "dataflux"
                    }
                ]
            },
            {
                "extend": {
                    "settings": {
                        "units": [],
                        "colors": [],
                        "levels": [],
                        "bgColor": "",
                        "mappings": [],
                        "showLine": false,
                        "fixedTime": "1d",
                        "fontColor": "",
                        "lineColor": "#3AB8FF",
                        "precision": "2",
                        "showTitle": true,
                        "titleDesc": "",
                        "downsample": "last",
                        "openCompare": false,
                        "showLineAxis": false,
                        "timeInterval": "default",
                        "isTimeInterval": false,
                        "currentChartType": "singlestat",
                        "showFieldMapping": false
                    },
                    "fixedTime": {
                        "key": "1d",
                        "text": "最近1天"
                    },
                    "fixedGroupByTime": null
                },
                "group": {
                    "name": null
                },
                "name": "Windows 主机数",
                "pos": {
                    "h": 8,
                    "w": 6,
                    "x": 12,
                    "y": 0
                },
                "type": "singlestat",
                "queries": [
                    {
                        "name": "",
                        "type": "singlestat",
                        "unit": "",
                        "color": "",
                        "qtype": "dql",
                        "query": {
                            "q": "O::`HOST`:(COUNT(`host`)) { `os` = 'windows' }",
                            "code": "A",
                            "fill": "",
                            "type": "simple",
                            "alias": "",
                            "field": "host",
                            "filters": [
                                {
                                    "id": "436e97d0-019c-11ec-bd92-d3951762b278",
                                    "op": "=",
                                    "name": "os",
                                    "type": "keyword",
                                    "logic": "and",
                                    "value": "windows"
                                }
                            ],
                            "groupBy": [],
                            "funcList": [
                                "last"
                            ],
                            "fieldFunc": "count",
                            "fieldType": "keyword",
                            "namespace": "object",
                            "dataSource": "HOST",
                            "queryFuncs": [],
                            "groupByTime": ""
                        },
                        "datasource": "dataflux"
                    }
                ]
            },
            {
                "extend": {
                    "settings": {
                        "units": [],
                        "colors": [],
                        "levels": [],
                        "bgColor": "",
                        "mappings": [],
                        "showLine": false,
                        "fixedTime": "1d",
                        "fontColor": "",
                        "lineColor": "#3AB8FF",
                        "precision": "2",
                        "showTitle": true,
                        "titleDesc": "",
                        "downsample": "last",
                        "openCompare": false,
                        "showLineAxis": false,
                        "timeInterval": "default",
                        "isTimeInterval": false,
                        "currentChartType": "singlestat",
                        "showFieldMapping": false
                    },
                    "fixedTime": {
                        "key": "1d",
                        "text": "最近1天"
                    },
                    "fixedGroupByTime": null
                },
                "group": {
                    "name": null
                },
                "name": "其他主机数",
                "pos": {
                    "h": 8,
                    "w": 6,
                    "x": 18,
                    "y": 0
                },
                "type": "singlestat",
                "queries": [
                    {
                        "name": "",
                        "type": "singlestat",
                        "unit": "",
                        "color": "",
                        "qtype": "dql",
                        "query": {
                            "q": "O::`HOST`:(COUNT(`host`)) { `os` != 'windows' and `os` != 'linux' }",
                            "code": "A",
                            "fill": "",
                            "type": "simple",
                            "alias": "",
                            "field": "host",
                            "filters": [
                                {
                                    "id": "436e97d0-019c-11ec-bd92-d3951762b278",
                                    "op": "!=",
                                    "name": "os",
                                    "type": "keyword",
                                    "logic": "and",
                                    "value": "windows"
                                },
                                {
                                    "id": "da2d33e0-1c11-11ec-8116-47c2e896bad8",
                                    "op": "!=",
                                    "name": "os",
                                    "type": "keyword",
                                    "logic": "and",
                                    "value": "linux"
                                }
                            ],
                            "groupBy": [],
                            "funcList": [
                                "last"
                            ],
                            "fieldFunc": "count",
                            "fieldType": "keyword",
                            "namespace": "object",
                            "dataSource": "HOST",
                            "queryFuncs": [],
                            "groupByTime": ""
                        },
                        "datasource": "dataflux"
                    }
                ]
            }
        ],
        "groups": [],
        "type": "template"
    }
}