{"title": "Kubernetes Node", "dashboardType": "CUSTOM", "dashboardExtend": {"groupUnfoldStatus": {"Overview": true, "Compute Resources": false}}, "dashboardMapping": [], "dashboardOwnerType": "node", "iconSet": {"url": "https://static-res.guance.com/dataflux-template/dashboard/zh/kubernetes_nodes_overview/kubernetes_nodes_overview.png", "icon": "https://static-res.guance.com/dataflux-template/dashboard/zh/kubernetes_nodes_overview/icon.svg"}, "dashboardBindSet": [], "thumbnail": "", "tagInfo": [{"name": "Kubernetes"}], "summary": "", "main": {"vars": [{"name": "Cluster", "seq": 0, "datasource": "dataflux", "code": "cluster_name_k8s", "type": "QUERY", "definition": {"tag": "", "field": "", "value": "show_tag_value(from=['kube_node'], keyin=['cluster_name_k8s'])[5m]", "metric": "", "object": "", "defaultVal": {"label": "", "value": ""}}, "valueSort": "asc", "hide": 0, "isHiddenAsterisk": 0, "multiple": false, "includeStar": true, "extend": {}}, {"name": "Node", "seq": 1, "datasource": "dataflux", "code": "node_name", "type": "QUERY", "definition": {"tag": "", "field": "", "value": "show_tag_value(from=['kube_node'], keyin=['node']){cluster_name_k8s='#{cluster_name_k8s}'}[5m]", "metric": "", "object": "", "defaultVal": {"label": "*", "value": "*"}}, "valueSort": "default", "hide": 0, "isHiddenAsterisk": 0, "multiple": true, "includeStar": true, "extend": {}}], "charts": [{"extend": {"settings": {"alias": [], "units": [], "colors": [], "levels": [], "bgColor": "", "mappings": [], "showLine": false, "unitType": "global", "fixedTime": "", "fontColor": "#FFDA43", "lineColor": "#3AB8FF", "precision": "2", "showTitle": true, "titleDesc": "", "downsample": "last", "globalUnit": [], "isSampling": true, "compareType": "", "openCompare": false, "compareTitle": "", "showLineAxis": false, "timeInterval": "auto", "isTimeInterval": false, "changeWorkspace": false, "currentChartType": "singlestat", "showFieldMapping": false, "sequenceChartType": "line", "openThousandsSeparator": true}, "fixedTime": "", "isRefresh": false}, "group": {"name": "Overview"}, "name": "Number of nodes", "pos": {"h": 8, "w": 4, "x": 4, "y": 0}, "type": "singlestat", "queries": [{"name": "", "type": "singlestat", "unit": "", "color": "", "qtype": "dql", "query": {"q": "series_sum(\"M::`kube_node`:(count_distinct(`cpu_capacity`)) { `cluster_name_k8s` = '#{cluster_name_k8s}' } BY `cluster_name_k8s`, `node`\")", "code": "A", "fill": null, "type": "simple", "alias": "", "field": "cpu_capacity", "fillNum": null, "filters": [{"id": "4a850ae0-9ae7-11ee-a5eb-43031e70b5a8", "op": "=", "name": "cluster_name_k8s", "logic": "and", "value": "#{cluster_name_k8s}"}], "groupBy": ["cluster_name_k8s", "node"], "labelOp": "", "funcList": [], "fieldFunc": "count_distinct", "fieldType": "float", "namespace": "metric", "dataSource": "kube_node", "queryFuncs": [{"args": [], "name": "series_sum"}], "withLabels": [], "groupByTime": ""}, "datasource": "dataflux"}]}, {"extend": {"settings": {"alias": [], "units": [], "colors": [], "levels": [], "bgColor": "", "mappings": [], "showLine": false, "unitType": "global", "fixedTime": "", "fontColor": "#63DBAD", "lineColor": "#3AB8FF", "precision": "2", "showTitle": true, "titleDesc": "", "downsample": "last", "globalUnit": [], "isSampling": true, "compareType": "", "openCompare": false, "compareTitle": "", "showLineAxis": false, "timeInterval": "auto", "isTimeInterval": false, "changeWorkspace": false, "currentChartType": "singlestat", "showFieldMapping": false, "sequenceChartType": "line", "openThousandsSeparator": true}, "fixedTime": "", "isRefresh": false}, "group": {"name": "Overview"}, "name": "CPU Cores", "pos": {"h": 8, "w": 4, "x": 0, "y": 8}, "type": "singlestat", "queries": [{"name": "", "type": "singlestat", "unit": "", "color": "", "qtype": "dql", "query": {"q": "series_sum(\"M::`kube_node`:(last(`cpu_capacity`)) { `cluster_name_k8s` = '#{cluster_name_k8s}' and `node` = '#{node_name}' } BY `cluster_name_k8s`, `node`\")", "code": "A", "fill": null, "type": "simple", "alias": "", "field": "cpu_capacity", "fillNum": null, "filters": [{"id": "92e3a4c0-3951-11ed-8634-bf00b95d4edf", "op": "=", "name": "cluster_name_k8s", "logic": "and", "value": "#{cluster_name_k8s}"}, {"id": "92e3a4c1-3951-11ed-8634-bf00b95d4edf", "op": "=", "name": "node", "logic": "and", "value": "#{node_name}"}], "groupBy": ["cluster_name_k8s", "node"], "funcList": [], "fieldFunc": "last", "fieldType": "float", "namespace": "metric", "dataSource": "kube_node", "queryFuncs": [{"args": [], "name": "series_sum"}], "withLabels": [], "groupByTime": ""}, "datasource": "dataflux"}]}, {"extend": {"settings": {"alias": [], "units": [{"key": "sum(last(memory_capacity))", "name": "sum(last(memory_capacity))", "unit": "", "units": ["digital", "b"]}], "colors": [], "levels": [], "bgColor": "", "mappings": [], "showLine": false, "unitType": "custom", "fixedTime": "", "fontColor": "#63DBAD", "lineColor": "#3AB8FF", "precision": "2", "showTitle": true, "titleDesc": "", "downsample": "last", "globalUnit": [], "isSampling": true, "compareType": "", "openCompare": false, "compareTitle": "", "showLineAxis": false, "timeInterval": "auto", "isTimeInterval": false, "changeWorkspace": false, "currentChartType": "singlestat", "showFieldMapping": false, "sequenceChartType": "line", "openThousandsSeparator": true}, "fixedTime": "", "isRefresh": false}, "group": {"name": "Overview"}, "name": "Total Memory", "pos": {"h": 8, "w": 4, "x": 4, "y": 8}, "type": "singlestat", "queries": [{"name": "", "type": "singlestat", "unit": "", "color": "", "qtype": "dql", "query": {"q": "series_sum(\"M::`kube_node`:(last(`memory_capacity`)) { `cluster_name_k8s` = '#{cluster_name_k8s}' and `node` = '#{node_name}' } BY `cluster_name_k8s`, `node`\")", "code": "A", "fill": null, "type": "simple", "alias": "", "field": "memory_capacity", "fillNum": null, "filters": [{"id": "69b947d0-b1c4-11ed-83c2-37f9ecc6a62c", "op": "=", "name": "cluster_name_k8s", "logic": "and", "value": "#{cluster_name_k8s}"}, {"id": "69b947d1-b1c4-11ed-83c2-37f9ecc6a62c", "op": "=", "name": "node", "logic": "and", "value": "#{node_name}"}], "groupBy": ["cluster_name_k8s", "node"], "funcList": [], "fieldFunc": "last", "fieldType": "float", "namespace": "metric", "dataSource": "kube_node", "queryFuncs": [{"args": [], "name": "series_sum"}], "withLabels": [], "groupByTime": ""}, "datasource": "dataflux"}]}, {"extend": {"settings": {"alias": [], "units": [], "colors": [], "levels": [], "bgColor": "#FDF29D", "mappings": [], "showLine": false, "unitType": "global", "fixedTime": "", "fontColor": "#5F67D6", "lineColor": "#3AB8FF", "precision": "2", "showTitle": true, "titleDesc": "", "downsample": "last", "globalUnit": [], "isSampling": true, "compareType": "", "openCompare": false, "compareTitle": "", "showLineAxis": false, "timeInterval": "auto", "isTimeInterval": false, "changeWorkspace": false, "currentChartType": "singlestat", "showFieldMapping": false, "sequenceChartType": "line", "openThousandsSeparator": true}, "fixedTime": "", "isRefresh": false}, "group": {"name": "Overview"}, "name": "Total Pods", "pos": {"h": 8, "w": 4, "x": 0, "y": 16}, "type": "singlestat", "queries": [{"name": "", "type": "singlestat", "unit": "", "color": "", "qtype": "dql", "query": {"q": "series_sum(\"O::`kubelet_pod`:(count(`pod_name`) AS `\u5f53\u524d\u7a7a\u95f4pod\u6570`) { `cluster_name_k8s` = '#{cluster_name_k8s}' and `node_name` = '#{node_name}' } BY `node_name`\")", "code": "A", "fill": "", "type": "simple", "alias": "\u5f53\u524d\u7a7a\u95f4pod\u6570", "field": "pod_name", "rollup": "", "search": "", "fillNum": null, "filters": [{"id": "b83b6e70-aa46-11ef-ab4b-bbcb7f612ea7", "op": "=", "name": "cluster_name_k8s", "type": "keyword", "logic": "and", "value": "#{cluster_name_k8s}", "values": []}, {"id": "bb719330-aa46-11ef-ab4b-bbcb7f612ea7", "op": "=", "name": "node_name", "type": "keyword", "logic": "and", "value": "#{node_name}", "values": []}], "groupBy": ["node_name"], "labelOp": "", "funcList": [], "fieldFunc": "count", "fieldType": "keyword", "namespace": "object", "dataSource": "kubelet_pod", "queryFuncs": [{"args": [], "name": "series_sum"}], "withLabels": [], "groupByTime": "", "indexFilter": "", "additionalFields": null}, "datasource": "dataflux"}]}, {"extend": {"settings": {"alias": [], "units": [], "colors": [], "levels": [], "bgColor": "", "mappings": [], "showLine": false, "unitType": "global", "fixedTime": "", "fontColor": "#2D8CF0", "lineColor": "#3AB8FF", "precision": "2", "showTitle": true, "titleDesc": "", "downsample": "last", "globalUnit": [], "isSampling": true, "compareType": "", "openCompare": false, "compareTitle": "", "showLineAxis": false, "timeInterval": "auto", "isTimeInterval": false, "changeWorkspace": false, "currentChartType": "singlestat", "showFieldMapping": false, "sequenceChartType": "line", "openThousandsSeparator": true}, "fixedTime": "", "isRefresh": false}, "group": {"name": "Overview"}, "name": "Uptime", "pos": {"h": 8, "w": 4, "x": 0, "y": 0}, "type": "singlestat", "queries": [{"name": "", "type": "singlestat", "unit": "", "color": "", "qtype": "dql", "query": {"q": "M::`system`:(avg(`uptime`)) { `cluster_name_k8s` = '#{cluster_name_k8s}' and `host` = '#{node_name}' }", "code": "A", "type": "simple", "alias": "", "field": "uptime", "filters": [{"id": "34200b90-aa47-11ef-ab4b-bbcb7f612ea7", "op": "=", "name": "cluster_name_k8s", "type": "keyword", "logic": "and", "value": "#{cluster_name_k8s}", "values": []}, {"id": "34b805d0-aa47-11ef-ab4b-bbcb7f612ea7", "op": "=", "name": "host", "type": "keyword", "logic": "and", "value": "#{node_name}", "values": []}], "groupBy": [], "funcList": [], "fieldFunc": "avg", "fieldType": "float", "namespace": "metric", "dataSource": "system", "groupByTime": "", "additionalFields": null}, "datasource": "dataflux"}]}, {"extend": {"settings": {"alias": [], "units": [], "colors": [], "levels": [], "bgColor": "#FBF9EA", "mappings": [], "showLine": false, "unitType": "global", "fixedTime": "", "fontColor": "#5F67D6", "lineColor": "#3AB8FF", "precision": "2", "showTitle": true, "titleDesc": "", "downsample": "last", "globalUnit": [], "isSampling": true, "compareType": "", "openCompare": false, "compareTitle": "", "showLineAxis": false, "timeInterval": "auto", "isTimeInterval": false, "changeWorkspace": false, "currentChartType": "singlestat", "showFieldMapping": false, "sequenceChartType": "line", "openThousandsSeparator": true}, "fixedTime": "", "isRefresh": false}, "group": {"name": "Overview"}, "name": "Pod Capacity", "pos": {"h": 8, "w": 4, "x": 4, "y": 16}, "type": "singlestat", "queries": [{"name": "", "type": "singlestat", "unit": "", "color": "", "qtype": "dql", "query": {"q": "series_sum(\"M::`kube_node`:(last(`pods_capacity`)) { `cluster_name_k8s` = '#{cluster_name_k8s}' and `node` = '#{node_name}' } BY `cluster_name_k8s`, `node`\")", "code": "A", "fill": null, "type": "simple", "alias": "", "field": "pods_capacity", "fillNum": null, "filters": [{"id": "c8d8dc30-aa47-11ef-ab4b-bbcb7f612ea7", "op": "=", "name": "cluster_name_k8s", "type": "", "logic": "and", "value": "#{cluster_name_k8s}", "values": []}, {"id": "c8d8dc31-aa47-11ef-ab4b-bbcb7f612ea7", "op": "=", "name": "node", "type": "", "logic": "and", "value": "#{node_name}", "values": []}], "groupBy": ["cluster_name_k8s", "node"], "labelOp": "", "funcList": [], "fieldFunc": "last", "fieldType": "float", "namespace": "metric", "dataSource": "kube_node", "queryFuncs": [{"args": [], "name": "series_sum"}], "withLabels": [], "groupByTime": "", "indexFilter": "default"}, "datasource": "dataflux"}]}, {"extend": {"settings": {"alias": [{"key": "avg(usage_total)", "name": "avg(usage_total)", "alias": "{{host}}"}], "units": [], "colors": [], "levels": [], "slimit": 20, "levelArr": [{"max": 20, "min": 0, "color": "#E5F7FF", "isAuto": true}, {"max": 40, "min": 20, "color": "#B9E8FE", "isAuto": true}, {"max": 60, "min": 40, "color": "#91D4FF", "isAuto": true}, {"max": 80, "min": 60, "color": "#68C0FF", "isAuto": true}, {"max": 100, "min": 80, "color": "#3FA9FF", "isAuto": true}], "unitType": "global", "fixedTime": "", "precision": "2", "showTitle": true, "titleDesc": "", "colorLevel": 3, "globalUnit": ["percent", "percent"], "isSampling": true, "rangeColor": "", "showLegend": "bottom", "aliasVersion": 2, "timeInterval": "1s", "rangeColorKey": "light-blue", "isTimeInterval": false, "changeWorkspace": false, "currentChartType": "hexgon", "showFieldMapping": false, "openThousandsSeparator": true, "mainMeasurementQueryCode": "A"}, "fixedTime": "", "isRefresh": false}, "group": {"name": "Overview"}, "name": "CPU utilization per node", "pos": {"h": 24, "w": 8, "x": 8, "y": 0}, "type": "hexgon", "queries": [{"name": "", "type": "hexgon", "unit": "", "color": "", "qtype": "dql", "query": {"q": "M::`cpu`:(avg(`usage_total`)) { `cluster_name_k8s` = '#{cluster_name_k8s}' } BY `host`", "code": "A", "fill": null, "type": "simple", "alias": "", "field": "usage_total", "filters": [{"id": "60ef5340-b512-11ee-8cbe-51dd66e4e5d0", "op": "=", "name": "cluster_name_k8s", "type": "keyword", "logic": "and", "value": "#{cluster_name_k8s}", "values": []}], "groupBy": ["host"], "funcList": [], "fieldFunc": "avg", "fieldType": "float", "namespace": "metric", "dataSource": "cpu", "queryFuncs": [], "groupByTime": "", "indexFilter": ""}, "datasource": "dataflux"}]}, {"extend": {"settings": {"alias": [{"key": "user_percent", "name": "user_percent", "alias": "{{host}}"}], "units": [], "colors": [], "levels": [], "slimit": 20, "levelArr": [{"max": 20, "min": 0, "color": "#E5F7FF", "isAuto": true}, {"max": 40, "min": 20, "color": "#B9E8FE", "isAuto": true}, {"max": 60, "min": 40, "color": "#91D4FF", "isAuto": true}, {"max": 80, "min": 60, "color": "#68C0FF", "isAuto": true}, {"max": 100, "min": 80, "color": "#3FA9FF", "isAuto": true}], "unitType": "global", "fixedTime": "", "precision": "2", "showTitle": true, "titleDesc": "", "colorLevel": 3, "globalUnit": ["percent", "percent"], "isSampling": true, "rangeColor": "", "showLegend": "bottom", "aliasVersion": 2, "timeInterval": "1s", "rangeColorKey": "light-blue", "isTimeInterval": false, "changeWorkspace": false, "currentChartType": "hexgon", "showFieldMapping": false, "openThousandsSeparator": true, "mainMeasurementQueryCode": "A"}, "fixedTime": "", "isRefresh": false}, "group": {"name": "Overview"}, "name": "Memory utilization per node", "pos": {"h": 24, "w": 8, "x": 16, "y": 0}, "type": "hexgon", "queries": [{"name": "", "type": "hexgon", "unit": "", "color": "", "qtype": "dql", "query": {"q": "M::`mem`:(avg(`used_percent`) AS `user_percent`) { `cluster_name_k8s` = '#{cluster_name_k8s}' } BY `host`", "code": "A", "fill": null, "type": "simple", "alias": "user_percent", "field": "used_percent", "filters": [{"id": "6bb9e6f0-aa6c-11ef-99d3-71fb492e263f", "op": "=", "name": "cluster_name_k8s", "type": "keyword", "logic": "and", "value": "#{cluster_name_k8s}", "values": []}], "groupBy": ["host"], "funcList": [], "fieldFunc": "avg", "fieldType": "float", "namespace": "metric", "dataSource": "mem", "queryFuncs": [], "groupByTime": "", "indexFilter": ""}, "datasource": "dataflux"}]}, {"extend": {"settings": {"alias": [{"key": "total", "name": "total", "alias": ""}, {"key": "system", "name": "system", "alias": ""}, {"key": "user", "name": "user", "alias": ""}, {"key": "iowait", "name": "iowait", "alias": ""}], "units": [], "colors": [], "levels": [], "slimit": 20, "density": "medium", "showLine": false, "unitType": "global", "chartType": "areaLine", "fixedTime": "", "isPercent": false, "openStack": false, "precision": "2", "showLabel": false, "showTitle": true, "stackType": "time", "titleDesc": "", "globalUnit": [], "isSampling": true, "compareType": "", "openCompare": false, "yAxixMaxVal": null, "yAxixMinVal": null, "aliasVersion": 2, "compareTitle": "", "connectNulls": true, "legendValues": ["last", "avg", "max"], "timeInterval": "10s", "compareColors": {"dayCompare": "rgba(11,11,12,0.5)", "hourCompare": "#0B0B0C", "weekCompare": "rgba(11,11,12,0.3)", "monthCompare": "rgba(11,11,12,0.12)"}, "legendPostion": "right", "maxPointCount": 360, "sorderByOrder": "desc", "xAxisShowType": "time", "isTimeInterval": true, "changeWorkspace": false, "currentChartType": "sequence", "showFieldMapping": false, "compareColorsDark": {"dayCompare": "rgba(213,217,226,0.5)", "hourCompare": "#D5D9E2", "weekCompare": "rgba(213,217,226,0.25)", "monthCompare": "rgba(213,217,226,0.12)"}, "onlyShowGroupName": false, "compareColorsLight": {"dayCompare": "rgba(11,11,12,0.5)", "hourCompare": "#0B0B0C", "weekCompare": "rgba(11,11,12,0.3)", "monthCompare": "rgba(11,11,12,0.12)"}, "openThousandsSeparator": true, "mainMeasurementQueryCode": "A"}, "fixedTime": "", "isRefresh": false}, "group": {"name": "Node Resource"}, "name": "CPU Usage", "pos": {"h": 16, "w": 12, "x": 0, "y": 0}, "type": "sequence", "queries": [{"name": "", "type": "sequence", "unit": "", "color": "", "qtype": "dql", "query": {"q": "M::`cpu`:(last(`usage_total`) AS `total`) { `cluster_name_k8s` = '#{cluster_name_k8s}' and `host` = '#{node_name}' }", "code": "A", "fill": null, "type": "simple", "alias": "total", "field": "usage_total", "fillNum": null, "filters": [{"id": "9fbedfc0-aa65-11ef-86c8-717edec47c83", "op": "=", "name": "cluster_name_k8s", "type": "", "logic": "and", "value": "#{cluster_name_k8s}", "values": []}, {"id": "9fbedfc1-aa65-11ef-86c8-717edec47c83", "op": "=", "name": "host", "type": "", "logic": "and", "value": "#{node_name}", "values": []}], "groupBy": [], "labelOp": "", "funcList": [], "fieldFunc": "last", "fieldType": "float", "namespace": "metric", "dataSource": "cpu", "queryFuncs": [], "withLabels": [], "groupByTime": "", "indexFilter": "default"}, "datasource": "dataflux"}, {"name": "", "type": "sequence", "unit": "", "color": "", "qtype": "dql", "query": {"q": "M::`cpu`:(last(`usage_system`) AS `system`) { `cluster_name_k8s` = '#{cluster_name_k8s}' and `host` = '#{node_name}' }", "code": "B", "fill": null, "type": "simple", "alias": "system", "field": "usage_system", "fillNum": null, "filters": [{"id": "ab0f1db0-aa68-11ef-86c8-717edec47c83", "op": "=", "name": "cluster_name_k8s", "type": "", "logic": "and", "value": "#{cluster_name_k8s}", "values": []}, {"id": "ab0f1db1-aa68-11ef-86c8-717edec47c83", "op": "=", "name": "host", "type": "", "logic": "and", "value": "#{node_name}", "values": []}], "groupBy": [], "labelOp": "", "funcList": [], "fieldFunc": "last", "fieldType": "float", "namespace": "metric", "dataSource": "cpu", "queryFuncs": [], "withLabels": [], "groupByTime": "", "indexFilter": "default"}, "datasource": "dataflux"}, {"name": "", "type": "sequence", "unit": "", "color": "", "qtype": "dql", "query": {"q": "M::`cpu`:(last(`usage_user`) AS `user`) { `cluster_name_k8s` = '#{cluster_name_k8s}' and `host` = '#{node_name}' }", "code": "C", "fill": null, "type": "simple", "alias": "user", "field": "usage_user", "fillNum": null, "filters": [{"id": "ac234cd0-aa68-11ef-86c8-717edec47c83", "op": "=", "name": "cluster_name_k8s", "type": "", "logic": "and", "value": "#{cluster_name_k8s}", "values": []}, {"id": "ac234cd1-aa68-11ef-86c8-717edec47c83", "op": "=", "name": "host", "type": "", "logic": "and", "value": "#{node_name}", "values": []}], "groupBy": [], "labelOp": "", "funcList": [], "fieldFunc": "last", "fieldType": "float", "namespace": "metric", "dataSource": "cpu", "queryFuncs": [], "withLabels": [], "groupByTime": "", "indexFilter": "default"}, "datasource": "dataflux"}, {"name": "", "type": "sequence", "unit": "", "color": "", "qtype": "dql", "query": {"q": "M::`cpu`:(last(`usage_iowait`) AS `iowait`) { `cluster_name_k8s` = '#{cluster_name_k8s}' and `host` = '#{node_name}' }", "code": "D", "fill": null, "type": "simple", "alias": "iowait", "field": "usage_iowait", "fillNum": null, "filters": [{"id": "ad51bab0-aa68-11ef-86c8-717edec47c83", "op": "=", "name": "cluster_name_k8s", "type": "", "logic": "and", "value": "#{cluster_name_k8s}", "values": []}, {"id": "ad51bab1-aa68-11ef-86c8-717edec47c83", "op": "=", "name": "host", "type": "", "logic": "and", "value": "#{node_name}", "values": []}], "groupBy": [], "labelOp": "", "funcList": [], "fieldFunc": "last", "fieldType": "float", "namespace": "metric", "dataSource": "cpu", "queryFuncs": [], "withLabels": [], "groupByTime": "", "indexFilter": "default"}, "datasource": "dataflux"}]}, {"extend": {"settings": {"alias": [{"key": "total", "name": "total", "alias": ""}, {"key": "system", "name": "system", "alias": ""}, {"key": "user", "name": "user", "alias": ""}, {"key": "iowait", "name": "iowait", "alias": ""}], "units": [], "colors": [], "levels": [], "slimit": 20, "density": "medium", "showLine": false, "unitType": "global", "chartType": "areaLine", "fixedTime": "", "isPercent": false, "openStack": false, "precision": "2", "showLabel": false, "showTitle": true, "stackType": "time", "titleDesc": "", "globalUnit": [], "isSampling": true, "compareType": "", "openCompare": false, "yAxixMaxVal": null, "yAxixMinVal": null, "aliasVersion": 2, "compareTitle": "", "connectNulls": true, "legendValues": ["last", "avg", "max"], "timeInterval": "10s", "compareColors": {"dayCompare": "rgba(11,11,12,0.5)", "hourCompare": "#0B0B0C", "weekCompare": "rgba(11,11,12,0.3)", "monthCompare": "rgba(11,11,12,0.12)"}, "legendPostion": "right", "maxPointCount": 360, "sorderByOrder": "desc", "xAxisShowType": "time", "isTimeInterval": true, "changeWorkspace": false, "currentChartType": "sequence", "showFieldMapping": false, "compareColorsDark": {"dayCompare": "rgba(213,217,226,0.5)", "hourCompare": "#D5D9E2", "weekCompare": "rgba(213,217,226,0.25)", "monthCompare": "rgba(213,217,226,0.12)"}, "onlyShowGroupName": false, "compareColorsLight": {"dayCompare": "rgba(11,11,12,0.5)", "hourCompare": "#0B0B0C", "weekCompare": "rgba(11,11,12,0.3)", "monthCompare": "rgba(11,11,12,0.12)"}, "openThousandsSeparator": true, "mainMeasurementQueryCode": "A"}, "fixedTime": "", "isRefresh": false}, "group": {"name": "Node Resource"}, "name": "Memory Usage", "pos": {"h": 16, "w": 12, "x": 12, "y": 0}, "type": "sequence", "queries": [{"name": "", "type": "sequence", "unit": "", "color": "", "qtype": "dql", "query": {"q": "M::`mem`:(last(`total`) AS `total`) { `cluster_name_k8s` = '#{cluster_name_k8s}' and `host` = '#{node_name}' }", "code": "C", "fill": null, "type": "dql", "alias": "total", "field": "total", "index": "default", "fillNum": null, "filters": [{"op": "=", "name": "cluster_name_k8s", "type": "", "logic": "and", "value": "#{cluster_name_k8s}", "values": []}, {"op": "=", "name": "host", "type": "", "logic": "and", "value": "#{node_name}", "values": []}], "groupBy": [], "indexes": ["default"], "labelOp": "", "funcList": [], "interval": "", "fieldFunc": "last", "namespace": "metric", "dataSource": "mem", "queryFuncs": [], "withLabels": [], "groupByTime": "", "indexFilter": "default", "dataSourceFunc": ""}, "datasource": "dataflux"}, {"name": "", "type": "sequence", "unit": "", "color": "", "qtype": "dql", "query": {"q": "M::`mem`:(last(`used`) AS `used`) { `cluster_name_k8s` = '#{cluster_name_k8s}' and `host` = '#{node_name}' }", "code": "A", "fill": null, "type": "dql", "alias": "used", "field": "used", "index": "default", "fillNum": null, "filters": [{"op": "=", "name": "cluster_name_k8s", "type": "", "logic": "and", "value": "#{cluster_name_k8s}", "values": []}, {"op": "=", "name": "host", "type": "", "logic": "and", "value": "#{node_name}", "values": []}], "groupBy": [], "indexes": ["default"], "labelOp": "", "funcList": [], "interval": "", "fieldFunc": "last", "namespace": "metric", "dataSource": "mem", "queryFuncs": [], "withLabels": [], "groupByTime": "", "indexFilter": "default", "dataSourceFunc": ""}, "datasource": "dataflux"}, {"name": "", "type": "sequence", "unit": "", "color": "", "qtype": "dql", "query": {"q": "M::`mem`:(last(`available`) AS `available`) { `cluster_name_k8s` = '#{cluster_name_k8s}' and `host` = '#{node_name}' }", "code": "B", "fill": null, "type": "dql", "alias": "available", "field": "available", "index": "default", "fillNum": null, "filters": [{"op": "=", "name": "cluster_name_k8s", "type": "", "logic": "and", "value": "#{cluster_name_k8s}", "values": []}, {"op": "=", "name": "host", "type": "", "logic": "and", "value": "#{node_name}", "values": []}], "groupBy": [], "indexes": ["default"], "labelOp": "", "funcList": [], "interval": "", "fieldFunc": "last", "namespace": "metric", "dataSource": "mem", "queryFuncs": [], "withLabels": [], "groupByTime": "", "indexFilter": "default", "dataSourceFunc": ""}, "datasource": "dataflux"}]}, {"extend": {"settings": {"alias": [{"key": "total", "name": "total", "alias": ""}, {"key": "system", "name": "system", "alias": ""}, {"key": "user", "name": "user", "alias": ""}, {"key": "iowait", "name": "iowait", "alias": ""}], "units": [], "colors": [], "levels": [], "slimit": 20, "density": "medium", "showLine": false, "unitType": "global", "chartType": "areaLine", "fixedTime": "", "isPercent": false, "openStack": false, "precision": "2", "showLabel": false, "showTitle": true, "stackType": "time", "titleDesc": "", "globalUnit": [], "isSampling": true, "compareType": "", "openCompare": false, "yAxixMaxVal": null, "yAxixMinVal": null, "aliasVersion": 2, "compareTitle": "", "connectNulls": true, "legendValues": ["last", "avg", "max"], "timeInterval": "10s", "compareColors": {"dayCompare": "rgba(11,11,12,0.5)", "hourCompare": "#0B0B0C", "weekCompare": "rgba(11,11,12,0.3)", "monthCompare": "rgba(11,11,12,0.12)"}, "legendPostion": "right", "maxPointCount": 360, "sorderByOrder": "desc", "xAxisShowType": "time", "isTimeInterval": true, "changeWorkspace": false, "currentChartType": "sequence", "showFieldMapping": false, "compareColorsDark": {"dayCompare": "rgba(213,217,226,0.5)", "hourCompare": "#D5D9E2", "weekCompare": "rgba(213,217,226,0.25)", "monthCompare": "rgba(213,217,226,0.12)"}, "onlyShowGroupName": false, "compareColorsLight": {"dayCompare": "rgba(11,11,12,0.5)", "hourCompare": "#0B0B0C", "weekCompare": "rgba(11,11,12,0.3)", "monthCompare": "rgba(11,11,12,0.12)"}, "openThousandsSeparator": true, "mainMeasurementQueryCode": "A"}, "fixedTime": "", "isRefresh": false}, "group": {"name": "Node Resource"}, "name": "System Load", "pos": {"h": 15, "w": 12, "x": 0, "y": 16}, "type": "sequence", "queries": [{"name": "", "type": "sequence", "unit": "", "color": "", "qtype": "dql", "query": {"q": "M::`system`:(last(`load1`) AS `1m`) { `cluster_name_k8s` = '#{cluster_name_k8s}' and `host` = '#{node_name}' }", "code": "A", "fill": null, "type": "dql", "alias": "1m", "field": "load1", "index": "default", "fillNum": null, "filters": [{"op": "=", "name": "cluster_name_k8s", "type": "", "logic": "and", "value": "#{cluster_name_k8s}", "values": []}, {"op": "=", "name": "host", "type": "", "logic": "and", "value": "#{node_name}", "values": []}], "groupBy": [], "indexes": ["default"], "labelOp": "", "funcList": [], "interval": "", "fieldFunc": "last", "namespace": "metric", "dataSource": "system", "queryFuncs": [], "withLabels": [], "groupByTime": "", "indexFilter": "default", "dataSourceFunc": ""}, "datasource": "dataflux"}, {"name": "", "type": "sequence", "unit": "", "color": "", "qtype": "dql", "query": {"q": "M::`system`:(last(`load5`) AS `5m`) { `cluster_name_k8s` = '#{cluster_name_k8s}' and `host` = '#{node_name}' }", "code": "B", "fill": null, "type": "dql", "alias": "5m", "field": "load5", "index": "default", "fillNum": null, "filters": [{"op": "=", "name": "cluster_name_k8s", "type": "", "logic": "and", "value": "#{cluster_name_k8s}", "values": []}, {"op": "=", "name": "host", "type": "", "logic": "and", "value": "#{node_name}", "values": []}], "groupBy": [], "indexes": ["default"], "labelOp": "", "funcList": [], "interval": "", "fieldFunc": "last", "namespace": "metric", "dataSource": "system", "queryFuncs": [], "withLabels": [], "groupByTime": "", "indexFilter": "default", "dataSourceFunc": ""}, "datasource": "dataflux"}, {"name": "", "type": "sequence", "unit": "", "color": "", "qtype": "dql", "query": {"q": "M::`system`:(last(`load15`) AS `15m`) { `cluster_name_k8s` = '#{cluster_name_k8s}' and `host` = '#{node_name}' }", "code": "C", "fill": null, "type": "dql", "alias": "15m", "field": "load15", "index": "default", "fillNum": null, "filters": [{"op": "=", "name": "cluster_name_k8s", "type": "", "logic": "and", "value": "#{cluster_name_k8s}", "values": []}, {"op": "=", "name": "host", "type": "", "logic": "and", "value": "#{node_name}", "values": []}], "groupBy": [], "indexes": ["default"], "labelOp": "", "funcList": [], "interval": "", "fieldFunc": "last", "namespace": "metric", "dataSource": "system", "queryFuncs": [], "withLabels": [], "groupByTime": "", "indexFilter": "default", "dataSourceFunc": ""}, "datasource": "dataflux"}]}, {"extend": {"settings": {"alias": [{"key": "total", "name": "total", "alias": ""}, {"key": "system", "name": "system", "alias": ""}, {"key": "user", "name": "user", "alias": ""}, {"key": "iowait", "name": "iowait", "alias": ""}], "units": [], "colors": [], "levels": [], "slimit": 20, "density": "medium", "showLine": false, "unitType": "global", "chartType": "areaLine", "fixedTime": "", "isPercent": false, "openStack": false, "precision": "2", "showLabel": false, "showTitle": true, "stackType": "time", "titleDesc": "", "globalUnit": [], "isSampling": true, "compareType": "", "openCompare": false, "yAxixMaxVal": null, "yAxixMinVal": null, "aliasVersion": 2, "compareTitle": "", "connectNulls": true, "legendValues": ["last", "avg", "max"], "timeInterval": "10s", "compareColors": {"dayCompare": "rgba(11,11,12,0.5)", "hourCompare": "#0B0B0C", "weekCompare": "rgba(11,11,12,0.3)", "monthCompare": "rgba(11,11,12,0.12)"}, "legendPostion": "right", "maxPointCount": 360, "sorderByOrder": "desc", "xAxisShowType": "time", "isTimeInterval": true, "changeWorkspace": false, "currentChartType": "sequence", "showFieldMapping": false, "compareColorsDark": {"dayCompare": "rgba(213,217,226,0.5)", "hourCompare": "#D5D9E2", "weekCompare": "rgba(213,217,226,0.25)", "monthCompare": "rgba(213,217,226,0.12)"}, "onlyShowGroupName": false, "compareColorsLight": {"dayCompare": "rgba(11,11,12,0.5)", "hourCompare": "#0B0B0C", "weekCompare": "rgba(11,11,12,0.3)", "monthCompare": "rgba(11,11,12,0.12)"}, "openThousandsSeparator": true, "mainMeasurementQueryCode": "A"}, "fixedTime": "", "isRefresh": false}, "group": {"name": "Node Resource"}, "name": "Disk Usage", "pos": {"h": 17, "w": 12, "x": 0, "y": 31}, "type": "sequence", "queries": [{"name": "", "type": "sequence", "unit": "", "color": "", "qtype": "dql", "query": {"q": "M::`disk`:(last(`used`) AS `used`) { `cluster_name_k8s` = '#{cluster_name_k8s}' and `host` = '#{node_name}' } BY `device`", "code": "A", "fill": null, "type": "simple", "alias": "used", "field": "used", "fillNum": null, "filters": [{"id": "e96c7f90-aa67-11ef-86c8-717edec47c83", "op": "=", "name": "cluster_name_k8s", "type": "", "logic": "and", "value": "#{cluster_name_k8s}", "values": []}, {"id": "e96c7f91-aa67-11ef-86c8-717edec47c83", "op": "=", "name": "host", "type": "", "logic": "and", "value": "#{node_name}", "values": []}], "groupBy": ["device"], "labelOp": "", "funcList": [], "fieldFunc": "last", "fieldType": "float", "namespace": "metric", "dataSource": "disk", "queryFuncs": [], "withLabels": [], "groupByTime": "", "indexFilter": "default"}, "datasource": "dataflux"}, {"name": "", "type": "sequence", "unit": "", "color": "", "qtype": "dql", "query": {"q": "M::`disk`:(last(`used_percent`) AS `used_percent`) { `cluster_name_k8s` = '#{cluster_name_k8s}' and `host` = '#{node_name}' } BY `device`", "code": "B", "fill": null, "type": "simple", "alias": "used_percent", "field": "used_percent", "fillNum": null, "filters": [{"id": "fa65be60-aa67-11ef-86c8-717edec47c83", "op": "=", "name": "cluster_name_k8s", "type": "", "logic": "and", "value": "#{cluster_name_k8s}", "values": []}, {"id": "fa65be61-aa67-11ef-86c8-717edec47c83", "op": "=", "name": "host", "type": "", "logic": "and", "value": "#{node_name}", "values": []}], "groupBy": ["device"], "labelOp": "", "funcList": [], "fieldFunc": "last", "fieldType": "float", "namespace": "metric", "dataSource": "disk", "queryFuncs": [], "withLabels": [], "groupByTime": "", "indexFilter": "default"}, "datasource": "dataflux"}]}, {"extend": {"settings": {"alias": [{"key": "total", "name": "total", "alias": ""}, {"key": "system", "name": "system", "alias": ""}, {"key": "user", "name": "user", "alias": ""}, {"key": "iowait", "name": "iowait", "alias": ""}], "units": [], "colors": [], "levels": [], "slimit": 20, "density": "medium", "showLine": false, "unitType": "global", "chartType": "areaLine", "fixedTime": "", "isPercent": false, "openStack": false, "precision": "2", "showLabel": false, "showTitle": true, "stackType": "time", "titleDesc": "", "globalUnit": [], "isSampling": true, "compareType": "", "openCompare": false, "yAxixMaxVal": null, "yAxixMinVal": null, "aliasVersion": 2, "compareTitle": "", "connectNulls": true, "legendValues": ["last", "avg", "max"], "timeInterval": "10s", "compareColors": {"dayCompare": "rgba(11,11,12,0.5)", "hourCompare": "#0B0B0C", "weekCompare": "rgba(11,11,12,0.3)", "monthCompare": "rgba(11,11,12,0.12)"}, "legendPostion": "right", "maxPointCount": 360, "sorderByOrder": "desc", "xAxisShowType": "time", "isTimeInterval": true, "changeWorkspace": false, "currentChartType": "sequence", "showFieldMapping": false, "compareColorsDark": {"dayCompare": "rgba(213,217,226,0.5)", "hourCompare": "#D5D9E2", "weekCompare": "rgba(213,217,226,0.25)", "monthCompare": "rgba(213,217,226,0.12)"}, "onlyShowGroupName": false, "compareColorsLight": {"dayCompare": "rgba(11,11,12,0.5)", "hourCompare": "#0B0B0C", "weekCompare": "rgba(11,11,12,0.3)", "monthCompare": "rgba(11,11,12,0.12)"}, "openThousandsSeparator": true, "mainMeasurementQueryCode": "A"}, "fixedTime": "", "isRefresh": false}, "group": {"name": "Node Resource"}, "name": "Disk Usage (%)", "pos": {"h": 17, "w": 12, "x": 12, "y": 31}, "type": "sequence", "queries": [{"name": "", "type": "sequence", "unit": "", "color": "", "qtype": "dql", "query": {"q": "M::`disk`:(last(`used_percent`) AS `disk_used`) { `cluster_name_k8s` = '#{cluster_name_k8s}' and `host` = '#{node_name}' } BY `device`", "code": "B", "fill": null, "type": "simple", "alias": "disk_used", "field": "used_percent", "fillNum": null, "filters": [{"id": "fa65be60-aa67-11ef-86c8-717edec47c83", "op": "=", "name": "cluster_name_k8s", "type": "", "logic": "and", "value": "#{cluster_name_k8s}", "values": []}, {"id": "fa65be61-aa67-11ef-86c8-717edec47c83", "op": "=", "name": "host", "type": "", "logic": "and", "value": "#{node_name}", "values": []}], "groupBy": ["device"], "labelOp": "", "funcList": [], "fieldFunc": "last", "fieldType": "float", "namespace": "metric", "dataSource": "disk", "queryFuncs": [], "withLabels": [], "groupByTime": "", "indexFilter": "default"}, "datasource": "dataflux"}, {"name": "", "type": "sequence", "unit": "", "color": "", "qtype": "dql", "query": {"q": "M::`disk`:(last(`inodes_used_percent`) AS `inode_used`) { `cluster_name_k8s` = '#{cluster_name_k8s}' and `host` = '#{node_name}' } BY `device`", "code": "A", "fill": null, "type": "dql", "alias": "inode_used", "field": "inodes_used_percent", "index": "default", "fillNum": null, "filters": [{"op": "=", "name": "cluster_name_k8s", "type": "", "logic": "and", "value": "#{cluster_name_k8s}", "values": []}, {"op": "=", "name": "host", "type": "", "logic": "and", "value": "#{node_name}", "values": []}], "groupBy": ["device"], "indexes": ["default"], "labelOp": "", "funcList": [], "interval": "", "fieldFunc": "last", "namespace": "metric", "dataSource": "disk", "queryFuncs": [], "withLabels": [], "groupByTime": "", "indexFilter": "default", "dataSourceFunc": ""}, "datasource": "dataflux"}]}, {"extend": {"settings": {"alias": [{"key": "total", "name": "total", "alias": ""}, {"key": "system", "name": "system", "alias": ""}, {"key": "user", "name": "user", "alias": ""}, {"key": "iowait", "name": "iowait", "alias": ""}], "units": [], "colors": [], "levels": [], "slimit": 20, "density": "medium", "showLine": false, "unitType": "global", "chartType": "areaLine", "fixedTime": "", "isPercent": false, "openStack": false, "precision": "2", "showLabel": false, "showTitle": true, "stackType": "time", "titleDesc": "", "globalUnit": [], "isSampling": true, "compareType": "", "openCompare": false, "yAxixMaxVal": null, "yAxixMinVal": null, "aliasVersion": 2, "compareTitle": "", "connectNulls": true, "legendValues": ["last", "avg", "max"], "timeInterval": "10s", "compareColors": {"dayCompare": "rgba(11,11,12,0.5)", "hourCompare": "#0B0B0C", "weekCompare": "rgba(11,11,12,0.3)", "monthCompare": "rgba(11,11,12,0.12)"}, "legendPostion": "right", "maxPointCount": 360, "sorderByOrder": "desc", "xAxisShowType": "time", "isTimeInterval": true, "changeWorkspace": false, "currentChartType": "sequence", "showFieldMapping": false, "compareColorsDark": {"dayCompare": "rgba(213,217,226,0.5)", "hourCompare": "#D5D9E2", "weekCompare": "rgba(213,217,226,0.25)", "monthCompare": "rgba(213,217,226,0.12)"}, "onlyShowGroupName": false, "compareColorsLight": {"dayCompare": "rgba(11,11,12,0.5)", "hourCompare": "#0B0B0C", "weekCompare": "rgba(11,11,12,0.3)", "monthCompare": "rgba(11,11,12,0.12)"}, "openThousandsSeparator": true, "mainMeasurementQueryCode": "A"}, "fixedTime": "", "isRefresh": false}, "group": {"name": "Node Resource"}, "name": "Disk I/O", "pos": {"h": 15, "w": 12, "x": 12, "y": 16}, "type": "sequence", "queries": [{"name": "", "type": "sequence", "unit": "", "color": "", "qtype": "dql", "query": {"q": "M::`diskio`:(last(`read_bytes/sec`) AS `read/s`) { `cluster_name_k8s` = '#{cluster_name_k8s}' and `host` = '#{node_name}' }", "code": "A", "fill": null, "type": "simple", "alias": "read/s", "field": "read_bytes/sec", "fillNum": null, "filters": [{"id": "ef761a30-aa68-11ef-86c8-717edec47c83", "op": "=", "name": "cluster_name_k8s", "type": "keyword", "logic": "and", "value": "#{cluster_name_k8s}", "values": []}, {"id": "f2130c30-aa68-11ef-86c8-717edec47c83", "op": "=", "name": "host", "type": "keyword", "logic": "and", "value": "#{node_name}", "values": []}], "groupBy": [], "labelOp": "", "funcList": [], "fieldFunc": "last", "fieldType": "float", "namespace": "metric", "dataSource": "diskio", "queryFuncs": [], "withLabels": [], "groupByTime": "", "indexFilter": "default", "additionalFields": null}, "datasource": "dataflux"}, {"name": "", "type": "sequence", "unit": "", "color": "", "qtype": "dql", "query": {"q": "M::`diskio`:(last(`write_bytes/sec`) AS `write/s`) { `cluster_name_k8s` = '#{cluster_name_k8s}' and `host` = '#{node_name}' }", "code": "B", "fill": null, "type": "simple", "alias": "write/s", "field": "write_bytes/sec", "fillNum": null, "filters": [{"id": "fda6ea30-aa68-11ef-86c8-717edec47c83", "op": "=", "name": "cluster_name_k8s", "type": "keyword", "logic": "and", "value": "#{cluster_name_k8s}", "values": []}, {"id": "0058ead0-aa69-11ef-86c8-717edec47c83", "op": "=", "name": "host", "type": "keyword", "logic": "and", "value": "#{node_name}", "values": []}], "groupBy": [], "labelOp": "", "funcList": [], "fieldFunc": "last", "fieldType": "float", "namespace": "metric", "dataSource": "diskio", "queryFuncs": [], "withLabels": [], "groupByTime": "", "indexFilter": "default", "additionalFields": null}, "datasource": "dataflux"}]}, {"extend": {"settings": {"alias": [{"key": "total", "name": "total", "alias": ""}, {"key": "system", "name": "system", "alias": ""}, {"key": "user", "name": "user", "alias": ""}, {"key": "iowait", "name": "iowait", "alias": ""}], "units": [], "colors": [], "levels": [], "slimit": 20, "density": "medium", "showLine": false, "unitType": "global", "chartType": "areaLine", "fixedTime": "", "isPercent": false, "openStack": false, "precision": "2", "showLabel": false, "showTitle": true, "stackType": "time", "titleDesc": "", "globalUnit": [], "isSampling": true, "compareType": "", "openCompare": false, "yAxixMaxVal": null, "yAxixMinVal": null, "aliasVersion": 2, "compareTitle": "", "connectNulls": true, "legendValues": ["last", "avg", "max"], "timeInterval": "10s", "compareColors": {"dayCompare": "rgba(11,11,12,0.5)", "hourCompare": "#0B0B0C", "weekCompare": "rgba(11,11,12,0.3)", "monthCompare": "rgba(11,11,12,0.12)"}, "legendPostion": "right", "maxPointCount": 360, "sorderByOrder": "desc", "xAxisShowType": "time", "isTimeInterval": true, "changeWorkspace": false, "currentChartType": "sequence", "showFieldMapping": false, "compareColorsDark": {"dayCompare": "rgba(213,217,226,0.5)", "hourCompare": "#D5D9E2", "weekCompare": "rgba(213,217,226,0.25)", "monthCompare": "rgba(213,217,226,0.12)"}, "onlyShowGroupName": false, "compareColorsLight": {"dayCompare": "rgba(11,11,12,0.5)", "hourCompare": "#0B0B0C", "weekCompare": "rgba(11,11,12,0.3)", "monthCompare": "rgba(11,11,12,0.12)"}, "openThousandsSeparator": true, "mainMeasurementQueryCode": "A"}, "fixedTime": "", "isRefresh": false}, "group": {"name": "Node Resource"}, "name": "Network I/O", "pos": {"h": 17, "w": 12, "x": 0, "y": 48}, "type": "sequence", "queries": [{"name": "", "type": "sequence", "unit": "", "color": "", "qtype": "dql", "query": {"q": "M::`net`:(last(`bytes_recv/sec`) AS `in`) { `cluster_name_k8s` = '#{cluster_name_k8s}' and `host` = '#{node_name}' }", "code": "A", "fill": null, "type": "simple", "alias": "in", "field": "bytes_recv/sec", "fillNum": null, "filters": [{"id": "8d448260-aa69-11ef-86c8-717edec47c83", "op": "=", "name": "cluster_name_k8s", "type": "keyword", "logic": "and", "value": "#{cluster_name_k8s}", "values": []}, {"id": "9d693320-aa69-11ef-86c8-717edec47c83", "op": "=", "name": "host", "type": "keyword", "logic": "and", "value": "#{node_name}", "values": []}], "groupBy": [], "labelOp": "", "funcList": [], "fieldFunc": "last", "fieldType": "float", "namespace": "metric", "dataSource": "net", "queryFuncs": [], "withLabels": [], "groupByTime": "", "indexFilter": "default", "additionalFields": null}, "datasource": "dataflux"}, {"name": "", "type": "sequence", "unit": "", "color": "", "qtype": "dql", "query": {"q": "M::`net`:(last(`bytes_sent/sec`) AS `out`) { `cluster_name_k8s` = '#{cluster_name_k8s}' and `host` = '#{node_name}' }", "code": "B", "fill": null, "type": "simple", "alias": "out", "field": "bytes_sent/sec", "filters": [{"id": "8dd21c60-aa69-11ef-86c8-717edec47c83", "op": "=", "name": "cluster_name_k8s", "type": "keyword", "logic": "and", "value": "#{cluster_name_k8s}", "values": []}, {"id": "a0b61430-aa69-11ef-86c8-717edec47c83", "op": "=", "name": "host", "type": "keyword", "logic": "and", "value": "#{node_name}", "values": []}], "groupBy": [], "funcList": [], "fieldFunc": "last", "fieldType": "float", "namespace": "metric", "dataSource": "net", "queryFuncs": [], "groupByTime": "", "indexFilter": "", "additionalFields": null}, "datasource": "dataflux"}]}, {"extend": {"settings": {"alias": [], "units": [], "colors": [], "levels": [], "slimit": 20, "showLine": false, "unitType": "global", "chartType": "areaLine", "fixedTime": "", "isPercent": false, "openStack": false, "precision": "2", "showLabel": false, "showTitle": true, "stackType": "time", "titleDesc": "", "globalUnit": [], "isSampling": true, "compareType": [], "openCompare": false, "yAxixMaxVal": null, "yAxixMinVal": null, "connectNulls": true, "legendValues": ["last", "avg", "max"], "timeInterval": "auto", "legendPostion": "right", "maxPointCount": null, "sorderByOrder": "desc", "xAxisShowType": "time", "isTimeInterval": true, "changeWorkspace": false, "currentChartType": "sequence", "showFieldMapping": false, "onlyShowGroupName": false, "openThousandsSeparator": true, "mainMeasurementQueryCode": "A"}, "fixedTime": "", "isRefresh": false}, "group": {"name": "Node Resource"}, "name": "TCP Connection", "pos": {"h": 17, "w": 12, "x": 12, "y": 48}, "type": "sequence", "queries": [{"name": "", "type": "sequence", "unit": "", "color": "", "qtype": "dql", "query": {"q": "M::`netstat`:(last(`tcp_established`) AS `established`) { `cluster_name_k8s` = '#{cluster_name_k8s}' and `host` = '#{node_name}' }", "code": "A", "fill": null, "type": "simple", "alias": "established", "field": "tcp_established", "fillNum": null, "filters": [{"id": "b39b3ee0-aaf5-11ef-a90b-b972739c49ae", "op": "=", "name": "cluster_name_k8s", "type": "", "logic": "and", "value": "#{cluster_name_k8s}", "values": []}, {"id": "b39b3ee1-aaf5-11ef-a90b-b972739c49ae", "op": "=", "name": "host", "type": "", "logic": "and", "value": "#{node_name}", "values": []}], "groupBy": [], "labelOp": "", "funcList": [], "fieldFunc": "last", "fieldType": "float", "namespace": "metric", "dataSource": "netstat", "queryFuncs": [], "withLabels": [], "groupByTime": "", "indexFilter": "default"}, "datasource": "dataflux"}, {"name": "", "type": "sequence", "unit": "", "color": "", "qtype": "dql", "query": {"q": "M::`netstat`:(last(`tcp_listen`) AS `listen`) { `cluster_name_k8s` = '#{cluster_name_k8s}' and `host` = '#{node_name}' }", "code": "B", "fill": null, "type": "simple", "alias": "listen", "field": "tcp_listen", "fillNum": null, "filters": [{"id": "b43c12c0-aaf5-11ef-a90b-b972739c49ae", "op": "=", "name": "cluster_name_k8s", "type": "", "logic": "and", "value": "#{cluster_name_k8s}", "values": []}, {"id": "b43c12c1-aaf5-11ef-a90b-b972739c49ae", "op": "=", "name": "host", "type": "", "logic": "and", "value": "#{node_name}", "values": []}], "groupBy": [], "labelOp": "", "funcList": [], "fieldFunc": "last", "fieldType": "float", "namespace": "metric", "dataSource": "netstat", "queryFuncs": [], "withLabels": [], "groupByTime": "", "indexFilter": "default"}, "datasource": "dataflux"}, {"name": "", "type": "sequence", "unit": "", "color": "", "qtype": "dql", "query": {"q": "M::`netstat`:(last(`tcp_time_wait`) AS `time_wait`) { `cluster_name_k8s` = '#{cluster_name_k8s}' and `host` = '#{node_name}' }", "code": "C", "fill": null, "type": "simple", "alias": "time_wait", "field": "tcp_time_wait", "fillNum": null, "filters": [{"id": "b4ce8ec0-aaf5-11ef-a90b-b972739c49ae", "op": "=", "name": "cluster_name_k8s", "type": "", "logic": "and", "value": "#{cluster_name_k8s}", "values": []}, {"id": "b4ce8ec1-aaf5-11ef-a90b-b972739c49ae", "op": "=", "name": "host", "type": "", "logic": "and", "value": "#{node_name}", "values": []}], "groupBy": [], "labelOp": "", "funcList": [], "fieldFunc": "last", "fieldType": "float", "namespace": "metric", "dataSource": "netstat", "queryFuncs": [], "withLabels": [], "groupByTime": "", "indexFilter": "default"}, "datasource": "dataflux"}, {"name": "", "type": "sequence", "unit": "", "color": "", "qtype": "dql", "query": {"q": "M::`netstat`:(last(`tcp_close_wait`) AS `close_wait`) { `cluster_name_k8s` = '#{cluster_name_k8s}' and `host` = '#{node_name}' }", "code": "D", "fill": null, "type": "simple", "alias": "close_wait", "field": "tcp_close_wait", "fillNum": null, "filters": [{"id": "b55cec10-aaf5-11ef-a90b-b972739c49ae", "op": "=", "name": "cluster_name_k8s", "type": "", "logic": "and", "value": "#{cluster_name_k8s}", "values": []}, {"id": "b55cec11-aaf5-11ef-a90b-b972739c49ae", "op": "=", "name": "host", "type": "", "logic": "and", "value": "#{node_name}", "values": []}], "groupBy": [], "labelOp": "", "funcList": [], "fieldFunc": "last", "fieldType": "float", "namespace": "metric", "dataSource": "netstat", "queryFuncs": [], "withLabels": [], "groupByTime": "", "indexFilter": "default"}, "datasource": "dataflux"}, {"name": "", "type": "sequence", "unit": "", "color": "", "qtype": "dql", "query": {"q": "M::`netstat`:(last(`tcp_fin_wait1`) AS `fin_wait1`) { `cluster_name_k8s` = '#{cluster_name_k8s}' and `host` = '#{node_name}' }", "code": "E", "fill": null, "type": "simple", "alias": "fin_wait1", "field": "tcp_fin_wait1", "fillNum": null, "filters": [{"id": "b5db91f0-aaf5-11ef-a90b-b972739c49ae", "op": "=", "name": "cluster_name_k8s", "type": "", "logic": "and", "value": "#{cluster_name_k8s}", "values": []}, {"id": "b5db91f1-aaf5-11ef-a90b-b972739c49ae", "op": "=", "name": "host", "type": "", "logic": "and", "value": "#{node_name}", "values": []}], "groupBy": [], "labelOp": "", "funcList": [], "fieldFunc": "last", "fieldType": "float", "namespace": "metric", "dataSource": "netstat", "queryFuncs": [], "withLabels": [], "groupByTime": "", "indexFilter": "default"}, "datasource": "dataflux"}, {"name": "", "type": "sequence", "unit": "", "color": "", "qtype": "dql", "query": {"q": "M::`netstat`:(last(`tcp_fin_wait2`) AS `fin_wait2`) { `cluster_name_k8s` = '#{cluster_name_k8s}' and `host` = '#{node_name}' }", "code": "F", "fill": null, "type": "simple", "alias": "fin_wait2", "field": "tcp_fin_wait2", "fillNum": null, "filters": [{"id": "b66b75e0-aaf5-11ef-a90b-b972739c49ae", "op": "=", "name": "cluster_name_k8s", "type": "", "logic": "and", "value": "#{cluster_name_k8s}", "values": []}, {"id": "b66b75e1-aaf5-11ef-a90b-b972739c49ae", "op": "=", "name": "host", "type": "", "logic": "and", "value": "#{node_name}", "values": []}], "groupBy": [], "labelOp": "", "funcList": [], "fieldFunc": "last", "fieldType": "float", "namespace": "metric", "dataSource": "netstat", "queryFuncs": [], "withLabels": [], "groupByTime": "", "indexFilter": "default"}, "datasource": "dataflux"}, {"name": "", "type": "sequence", "unit": "", "color": "", "qtype": "dql", "query": {"q": "M::`netstat`:(last(`tcp_close`) AS `close`) { `cluster_name_k8s` = '#{cluster_name_k8s}' and `host` = '#{node_name}' }", "code": "G", "fill": null, "type": "simple", "alias": "close", "field": "tcp_close", "fillNum": null, "filters": [{"id": "b6f9fa40-aaf5-11ef-a90b-b972739c49ae", "op": "=", "name": "cluster_name_k8s", "type": "", "logic": "and", "value": "#{cluster_name_k8s}", "values": []}, {"id": "b6f9fa41-aaf5-11ef-a90b-b972739c49ae", "op": "=", "name": "host", "type": "", "logic": "and", "value": "#{node_name}", "values": []}], "groupBy": [], "labelOp": "", "funcList": [], "fieldFunc": "last", "fieldType": "float", "namespace": "metric", "dataSource": "netstat", "queryFuncs": [], "withLabels": [], "groupByTime": "", "indexFilter": "default"}, "datasource": "dataflux"}, {"name": "", "type": "sequence", "unit": "", "color": "", "qtype": "dql", "query": {"q": "M::`netstat`:(last(`tcp_closing`) AS `closing`) { `cluster_name_k8s` = '#{cluster_name_k8s}' and `host` = '#{node_name}' }", "code": "H", "fill": null, "type": "simple", "alias": "closing", "field": "tcp_closing", "fillNum": null, "filters": [{"id": "b78f0e50-aaf5-11ef-a90b-b972739c49ae", "op": "=", "name": "cluster_name_k8s", "type": "", "logic": "and", "value": "#{cluster_name_k8s}", "values": []}, {"id": "b78f0e51-aaf5-11ef-a90b-b972739c49ae", "op": "=", "name": "host", "type": "", "logic": "and", "value": "#{node_name}", "values": []}], "groupBy": [], "labelOp": "", "funcList": [], "fieldFunc": "last", "fieldType": "float", "namespace": "metric", "dataSource": "netstat", "queryFuncs": [], "withLabels": [], "groupByTime": "", "indexFilter": "default"}, "datasource": "dataflux"}]}], "groups": [{"name": "Overview", "extend": {}}, {"name": "Node Resource", "extend": {}}], "type": "template"}, "identifier": "guance-k8s-node"}