{"title": "Kubernetes Pods Overview", "dashboardType": "CUSTOM", "dashboardExtend": {"groupUnfoldStatus": {"Pods": true, "Network": true, "Overview": true, "Containers": true, "Compute Resource": false}}, "dashboardMapping": [], "dashboardOwnerType": "node", "iconSet": {"url": "https://static-res.guance.com/dataflux-template/dashboard/zh/kubernetes_by_pods/kubernetes_by_pods.png", "icon": "https://static-res.guance.com/dataflux-template/dashboard/zh/kubernetes_by_pods/icon.svg"}, "dashboardBindSet": [], "thumbnail": "", "tagInfo": [{"name": "Kubernetes"}], "summary": "", "main": {"vars": [{"name": "Cluster", "seq": 0, "datasource": "dataflux", "code": "cluster_name_k8s", "type": "QUERY", "definition": {"tag": "", "field": "", "value": "show_tag_value(from=['kube_pod'], keyin=['cluster_name_k8s'])[5m]", "metric": "", "object": "", "defaultVal": {"label": "__all__", "value": "__all__"}}, "valueSort": "default", "hide": 0, "isHiddenAsterisk": 0, "multiple": true, "includeStar": true, "extend": {}}, {"name": "Namespace", "seq": 1, "datasource": "dataflux", "code": "namespace", "type": "QUERY", "definition": {"tag": "", "field": "", "value": "show_tag_value(from=['kube_pod'], keyin=['namespace']){cluster_name_k8s='#{cluster_name_k8s}'}[5m]", "metric": "", "object": "", "defaultVal": {"label": "__all__", "value": "__all__"}}, "valueSort": "default", "hide": 0, "isHiddenAsterisk": 0, "multiple": true, "includeStar": false, "extend": {}}, {"name": "Node", "seq": 2, "datasource": "dataflux", "code": "node_name", "type": "QUERY", "definition": {"tag": "", "field": "", "value": "SHOW_TAG_VALUE(from=['kube_pod'], keyin=['node_name']){cluster_name_k8s='#{cluster_name_k8s}',namespace='#{namespace}'}[5m]", "metric": "", "object": "", "defaultVal": {"label": "__all__", "value": "__all__"}}, "valueSort": "asc", "hide": 0, "isHiddenAsterisk": 0, "multiple": true, "includeStar": false, "extend": {}}], "charts": [{"extend": {"settings": {"alias": [], "units": [], "colors": [], "levels": [], "bgColor": "#27F509", "mappings": [], "showLine": false, "unitType": "global", "fixedTime": "", "fontColor": "", "lineColor": "#3AB8FF", "precision": "2", "showTitle": true, "titleDesc": "", "downsample": "last", "globalUnit": [], "isSampling": true, "compareType": "", "openCompare": false, "showLineAxis": false, "timeInterval": "auto", "isTimeInterval": false, "changeWorkspace": false, "currentChartType": "singlestat", "showFieldMapping": false, "sequenceChartType": "line", "scientificNotation": false, "openThousandsSeparator": false}, "fixedTime": "", "isRefresh": false, "fixedGroupByTime": null}, "group": {"name": "Overview"}, "name": "Pods Running", "pos": {"h": 7, "w": 6, "x": 0, "y": 8}, "type": "singlestat", "queries": [{"name": "", "type": "singlestat", "unit": "", "color": "", "qtype": "dql", "query": {"q": "series_sum(\"O::`kubelet_pod`:(count(`status`)) { `cluster_name_k8s` = '#{cluster_name_k8s}' and `namespace` = '#{namespace}' and `status` = 'Running' } BY `pod_name`, `namespace`, `cluster_name_k8s`\")", "code": "B", "fill": null, "type": "simple", "alias": "", "field": "status", "fillNum": null, "filters": [{"id": "cac9c720-adb2-11ef-bbdc-e36e78a09e9e", "op": "=", "name": "cluster_name_k8s", "type": "", "logic": "and", "value": "#{cluster_name_k8s}", "values": []}, {"id": "cac9c721-adb2-11ef-bbdc-e36e78a09e9e", "op": "=", "name": "namespace", "type": "", "logic": "and", "value": "#{namespace}", "values": []}, {"id": "cac9c722-adb2-11ef-bbdc-e36e78a09e9e", "op": "=", "name": "status", "type": "", "logic": "and", "value": "Running", "values": []}], "groupBy": ["pod_name", "namespace", "cluster_name_k8s"], "labelOp": "", "funcList": [], "fieldFunc": "count", "fieldType": "keyword", "namespace": "object", "dataSource": "kubelet_pod", "queryFuncs": [{"args": [], "name": "series_sum"}], "withLabels": [], "groupByTime": "", "indexFilter": "default"}, "datasource": "dataflux"}]}, {"extend": {"links": [{"url": "/scene/dashboard/dashboardDetail?identifier=guance-k8s-pod-detail&name=Kubernetes Pod Detail&lak=Scene&time=15m&variable={\"cluster_name_k8s\":\"#{T.cluster_name_k8s}\",\"pod_name\":\"#{T.pod_name}\",\"namespace\":\"#{T.namespace}\"}", "open": "newWin", "show": true, "type": "custom", "alias": "\u67e5\u770bPod\u76d1\u63a7"}, {"url": "/logIndi/log/all?time=#{TR}&query=#{T}", "open": "newWin", "show": false, "type": "logging"}, {"url": "/objectadmin/docker_containers?routerTabActive=ObjectadminDocker&time=#{TR}&query=#{T}", "open": "newWin", "show": false, "type": "container"}, {"url": "/objectadmin/host_processes?routerTabActive=ObjectadminProcesses&time=#{TR}&query=#{T}", "open": "newWin", "show": false, "type": "processes"}, {"url": "/tracing/link/all?time=#{TR}&query=#{T}", "open": "newWin", "show": false, "type": "tracing"}], "settings": {"alias": [{"key": "cpu_usage", "name": "cpu_usage", "alias": "{{pod_name}}"}], "units": [], "colors": [], "levels": [], "slimit": 20, "density": "medium", "showLine": false, "unitType": "global", "chartType": "areaLine", "fixedTime": "", "isPercent": false, "openStack": false, "precision": "2", "showLabel": false, "showTitle": true, "stackType": "time", "titleDesc": "", "globalUnit": [], "isSampling": true, "compareType": "", "openCompare": false, "yAxixMaxVal": null, "yAxixMinVal": null, "aliasVersion": 2, "compareTitle": "", "connectNulls": true, "legendValues": ["last", "avg"], "timeInterval": "default", "compareColors": {"dayCompare": "rgba(11,11,12,0.5)", "hourCompare": "#0B0B0C", "weekCompare": "rgba(11,11,12,0.3)", "monthCompare": "rgba(11,11,12,0.12)"}, "legendPostion": "right", "maxPointCount": 360, "sorderByOrder": "desc", "xAxisShowType": "time", "isTimeInterval": true, "changeWorkspace": false, "currentChartType": "sequence", "showFieldMapping": false, "compareColorsDark": {"dayCompare": "rgba(213,217,226,0.5)", "hourCompare": "#D5D9E2", "weekCompare": "rgba(213,217,226,0.25)", "monthCompare": "rgba(213,217,226,0.12)"}, "onlyShowGroupName": false, "compareColorsLight": {"dayCompare": "rgba(11,11,12,0.5)", "hourCompare": "#0B0B0C", "weekCompare": "rgba(11,11,12,0.3)", "monthCompare": "rgba(11,11,12,0.12)"}, "scientificNotation": true, "openThousandsSeparator": true, "mainMeasurementQueryCode": "A"}, "fixedTime": "", "isRefresh": false}, "group": {"name": "Pods"}, "name": "CPU Usage (%)", "pos": {"h": 23, "w": 12, "x": 0, "y": 0}, "type": "sequence", "queries": [{"name": "", "type": "sequence", "unit": "", "color": "", "qtype": "dql", "query": {"q": "M::`kube_pod`:(avg(`cpu_usage`) AS `cpu_usage`) { `cluster_name_k8s` = '#{cluster_name_k8s}' and `namespace` = '#{namespace}' and `node_name` = '#{node_name}' } BY `cluster_name_k8s`, `pod_name`, `namespace`", "code": "A", "fill": null, "type": "simple", "alias": "cpu_usage", "field": "cpu_usage", "fillNum": null, "filters": [{"id": "1acf3270-a9a1-11ef-a6c1-6bdd1ff2d14a", "op": "=", "name": "cluster_name_k8s", "type": "", "logic": "and", "value": "#{cluster_name_k8s}", "values": []}, {"id": "1acf3271-a9a1-11ef-a6c1-6bdd1ff2d14a", "op": "=", "name": "namespace", "type": "", "logic": "and", "value": "#{namespace}", "values": []}, {"id": "16271f20-ab0a-11ef-8d9d-cd372caee203", "op": "=", "name": "node_name", "type": "keyword", "logic": "and", "value": "#{node_name}", "values": []}], "groupBy": ["cluster_name_k8s", "pod_name", "namespace"], "labelOp": "", "funcList": [], "fieldFunc": "avg", "fieldType": "float", "namespace": "metric", "dataSource": "kube_pod", "queryFuncs": [], "withLabels": [], "groupByTime": "", "indexFilter": "default"}, "datasource": "dataflux"}]}, {"extend": {"links": [{"url": "/scene/dashboard/dashboardDetail?identifier=guance-k8s-pod-detail&name=Kubernetes Pod Detail&lak=Scene&time=15m&variable={\"cluster_name_k8s\":\"#{T.cluster_name_k8s}\",\"pod_name\":\"#{T.pod_name}\",\"namespace\":\"#{T.namespace}\"}", "open": "newWin", "show": true, "type": "custom", "alias": "\u67e5\u770bPod\u76d1\u63a7"}, {"url": "/logIndi/log/all?time=#{TR}&query=#{T}", "open": "newWin", "show": false, "type": "logging"}, {"url": "/objectadmin/docker_containers?routerTabActive=ObjectadminDocker&time=#{TR}&query=#{T}", "open": "newWin", "show": true, "type": "container"}, {"url": "/objectadmin/host_processes?routerTabActive=ObjectadminProcesses&time=#{TR}&query=#{T}", "open": "newWin", "show": false, "type": "processes"}, {"url": "/tracing/link/all?time=#{TR}&query=#{T}", "open": "newWin", "show": false, "type": "tracing"}], "settings": {"bar": {"direction": "horizontal", "xAxisShowType": "groupBy"}, "alias": [], "color": "", "table": {"queryMode": "toGroupColumn"}, "units": [], "colors": [], "levels": [], "slimit": 20, "topSize": 10, "unitType": "global", "chartType": "bar", "fixedTime": "", "precision": "2", "showTitle": true, "titleDesc": "", "globalUnit": [], "isSampling": true, "openCompare": false, "showTopSize": true, "timeInterval": "default", "showTableHead": true, "tableSortType": "top", "isTimeInterval": false, "changeWorkspace": false, "currentChartType": "toplist", "showFieldMapping": false, "scientificNotation": true, "mainMeasurementSort": "top", "tableSortMetricName": "", "mainMeasurementLimit": 10, "openThousandsSeparator": true, "mainMeasurementQueryCode": "A"}, "fixedTime": "", "isRefresh": false}, "group": {"name": "Pods"}, "name": "Most CPU-intensive pods (top 10)", "pos": {"h": 22, "w": 12, "x": 0, "y": 44}, "type": "toplist", "queries": [{"name": "", "type": "toplist", "unit": "", "color": "", "qtype": "dql", "query": {"q": "M::`kube_pod`:(avg(`cpu_usage`)) { `cluster_name_k8s` = '#{cluster_name_k8s}' and `namespace` = '#{namespace}' and `node_name` = '#{node_name}' } BY `cluster_name_k8s`, `namespace`, `pod_name`", "code": "A", "fill": "", "type": "simple", "alias": "", "field": "cpu_usage", "filters": [{"id": "e3aff650-bc9d-11ec-83c1-559806b3b80f", "op": "=", "name": "cluster_name_k8s", "type": "", "logic": "and", "value": "#{cluster_name_k8s}"}, {"id": "28926790-bca2-11ec-83c1-559806b3b80f", "op": "=", "name": "namespace", "type": "", "logic": "and", "value": "#{namespace}"}, {"id": "42b58630-ab0a-11ef-8d9d-cd372caee203", "op": "=", "name": "node_name", "type": "keyword", "logic": "and", "value": "#{node_name}", "values": []}], "groupBy": ["cluster_name_k8s", "namespace", "pod_name"], "funcList": ["last", "top:10"], "fieldFunc": "avg", "fieldType": "float", "namespace": "metric", "dataSource": "kube_pod", "queryFuncs": [], "groupByTime": ""}, "datasource": "dataflux"}]}, {"extend": {"links": [{"url": "/scene/dashboard/dashboardDetail?identifier=guance-k8s-pod-detail&name=Kubernetes Pod Detail&lak=Scene&time=15m&variable={\"cluster_name_k8s\":\"#{T.cluster_name_k8s}\",\"pod_name\":\"#{T.pod_name}\",\"namespace\":\"#{T.namespace}\"}", "open": "newWin", "show": true, "type": "custom", "alias": "\u67e5\u770bPod\u76d1\u63a7"}, {"url": "/logIndi/log/all?time=#{TR}&query=#{T}", "open": "newWin", "show": false, "type": "logging"}, {"url": "/objectadmin/docker_containers?routerTabActive=ObjectadminDocker&time=#{TR}&query=#{T}", "open": "newWin", "show": true, "type": "container"}, {"url": "/objectadmin/host_processes?routerTabActive=ObjectadminProcesses&time=#{TR}&query=#{T}", "open": "newWin", "show": false, "type": "processes"}, {"url": "/tracing/link/all?time=#{TR}&query=#{T}", "open": "newWin", "show": false, "type": "tracing"}], "settings": {"bar": {"direction": "horizontal", "xAxisShowType": "groupBy"}, "alias": [], "color": "", "table": {"queryMode": "toGroupColumn"}, "units": [], "colors": [], "levels": [], "slimit": 20, "topSize": 10, "unitType": "global", "chartType": "bar", "fixedTime": "", "precision": "2", "showTitle": true, "titleDesc": "", "globalUnit": ["digital", "b"], "isSampling": true, "openCompare": false, "showTopSize": true, "timeInterval": "default", "showTableHead": true, "tableSortType": "top", "isTimeInterval": false, "changeWorkspace": false, "currentChartType": "toplist", "showFieldMapping": false, "scientificNotation": true, "mainMeasurementSort": "top", "tableSortMetricName": "", "mainMeasurementLimit": 10, "openThousandsSeparator": true, "mainMeasurementQueryCode": "A"}, "fixedTime": "", "isRefresh": false}, "group": {"name": "Pods"}, "name": "Most memory-intensive pods (top 10)", "pos": {"h": 22, "w": 12, "x": 12, "y": 44}, "type": "toplist", "queries": [{"name": "", "type": "toplist", "unit": "", "color": "", "qtype": "dql", "query": {"q": "M::`kube_pod`:(avg(`memory_usage_bytes`)) { `cluster_name_k8s` = '#{cluster_name_k8s}' and `namespace` = '#{namespace}' and `node_name` = '#{node_name}' } BY `cluster_name_k8s`, `namespace`, `pod_name`", "code": "A", "fill": null, "type": "simple", "alias": "", "field": "memory_usage_bytes", "fillNum": null, "filters": [{"id": "f287c940-a9b3-11ef-94ad-119df33c77c3", "op": "=", "name": "cluster_name_k8s", "type": "", "logic": "and", "value": "#{cluster_name_k8s}", "values": []}, {"id": "f287c941-a9b3-11ef-94ad-119df33c77c3", "op": "=", "name": "namespace", "type": "", "logic": "and", "value": "#{namespace}", "values": []}, {"id": "4a1f6990-ab0a-11ef-8d9d-cd372caee203", "op": "=", "name": "node_name", "type": "keyword", "logic": "and", "value": "#{node_name}", "values": []}], "groupBy": ["cluster_name_k8s", "namespace", "pod_name"], "labelOp": "", "funcList": ["last", "top:10"], "fieldFunc": "avg", "fieldType": "float", "namespace": "metric", "dataSource": "kube_pod", "queryFuncs": [], "withLabels": [], "groupByTime": "", "indexFilter": "default"}, "datasource": "dataflux"}]}, {"extend": {"links": [{"url": "/scene/dashboard/dashboardDetail?identifier=guance-k8s-pod-detail&name=Kubernetes Pod Detail&lak=Scene&time=15m&variable={\"cluster_name_k8s\":\"#{T.cluster_name_k8s}\",\"pod_name\":\"#{T.pod_name}\",\"namespace\":\"#{T.namespace}\"}", "open": "newWin", "show": true, "type": "custom", "alias": "\u67e5\u770bPod\u76d1\u63a7"}, {"url": "/logIndi/log/all?time=#{TR}&query=#{T}", "open": "newWin", "show": false, "type": "logging"}, {"url": "/objectadmin/docker_containers?routerTabActive=ObjectadminDocker&time=#{TR}&query=#{T}", "open": "newWin", "show": false, "type": "container"}, {"url": "/objectadmin/host_processes?routerTabActive=ObjectadminProcesses&time=#{TR}&query=#{T}", "open": "newWin", "show": false, "type": "processes"}, {"url": "/tracing/link/all?time=#{TR}&query=#{T}", "open": "newWin", "show": false, "type": "tracing"}], "settings": {"alias": [{"key": "mem_usage_percent", "name": "mem_usage_percent", "alias": "{{pod_name}}"}], "units": [], "colors": [], "levels": [], "slimit": 20, "density": "medium", "showLine": false, "unitType": "global", "chartType": "areaLine", "fixedTime": "", "isPercent": false, "openStack": false, "precision": "2", "showLabel": false, "showTitle": true, "stackType": "time", "titleDesc": "", "globalUnit": [], "isSampling": true, "compareType": "", "openCompare": false, "yAxixMaxVal": null, "yAxixMinVal": null, "aliasVersion": 2, "compareTitle": "", "connectNulls": true, "legendValues": ["last", "avg"], "timeInterval": "default", "compareColors": {"dayCompare": "rgba(11,11,12,0.5)", "hourCompare": "#0B0B0C", "weekCompare": "rgba(11,11,12,0.3)", "monthCompare": "rgba(11,11,12,0.12)"}, "legendPostion": "right", "maxPointCount": 360, "sorderByOrder": "desc", "xAxisShowType": "time", "isTimeInterval": true, "changeWorkspace": false, "currentChartType": "sequence", "showFieldMapping": false, "compareColorsDark": {"dayCompare": "rgba(213,217,226,0.5)", "hourCompare": "#D5D9E2", "weekCompare": "rgba(213,217,226,0.25)", "monthCompare": "rgba(213,217,226,0.12)"}, "onlyShowGroupName": false, "compareColorsLight": {"dayCompare": "rgba(11,11,12,0.5)", "hourCompare": "#0B0B0C", "weekCompare": "rgba(11,11,12,0.3)", "monthCompare": "rgba(11,11,12,0.12)"}, "scientificNotation": true, "openThousandsSeparator": true, "mainMeasurementQueryCode": "A"}, "fixedTime": "", "isRefresh": false}, "group": {"name": "Pods"}, "name": "Memory Usage (%)", "pos": {"h": 21, "w": 12, "x": 0, "y": 23}, "type": "sequence", "queries": [{"name": "", "type": "sequence", "unit": "", "color": "", "qtype": "dql", "query": {"q": "M::`kube_pod`:(avg(`memory_used_percent`) AS `mem_usage_percent`) { `cluster_name_k8s` = '#{cluster_name_k8s}' and `namespace` = '#{namespace}' and `node_name` = '#{node_name}' } BY `cluster_name_k8s`, `pod_name`, `namespace`", "code": "A", "fill": null, "type": "simple", "alias": "mem_usage_percent", "field": "memory_used_percent", "fillNum": null, "filters": [{"id": "f191aea0-a9a1-11ef-a6c1-6bdd1ff2d14a", "op": "=", "name": "cluster_name_k8s", "type": "", "logic": "and", "value": "#{cluster_name_k8s}", "values": []}, {"id": "f191aea1-a9a1-11ef-a6c1-6bdd1ff2d14a", "op": "=", "name": "namespace", "type": "", "logic": "and", "value": "#{namespace}", "values": []}, {"id": "324e7540-ab0a-11ef-8d9d-cd372caee203", "op": "=", "name": "node_name", "type": "keyword", "logic": "and", "value": "#{node_name}", "values": []}], "groupBy": ["cluster_name_k8s", "pod_name", "namespace"], "labelOp": "", "funcList": [], "fieldFunc": "avg", "fieldType": "float", "namespace": "metric", "dataSource": "kube_pod", "queryFuncs": [], "withLabels": [], "groupByTime": "", "indexFilter": "default"}, "datasource": "dataflux"}]}, {"extend": {"links": [{"url": "/scene/dashboard/dashboardDetail?identifier=guance-k8s-pod-detail&name=Kubernetes Pod Detail&lak=Scene&time=15m&variable={\"cluster_name_k8s\":\"#{T.cluster_name_k8s}\",\"pod_name\":\"#{T.pod_name}\",\"namespace\":\"#{T.namespace}\"}", "open": "newWin", "show": true, "type": "custom", "alias": "\u67e5\u770bPod\u76d1\u63a7"}, {"url": "/logIndi/log/all?time=#{TR}&query=#{T}", "open": "newWin", "show": false, "type": "logging"}, {"url": "/objectadmin/docker_containers?routerTabActive=ObjectadminDocker&time=#{TR}&query=#{T}", "open": "newWin", "show": true, "type": "container"}, {"url": "/objectadmin/host_processes?routerTabActive=ObjectadminProcesses&time=#{TR}&query=#{T}", "open": "newWin", "show": false, "type": "processes"}, {"url": "/tracing/link/all?time=#{TR}&query=#{T}", "open": "newWin", "show": false, "type": "tracing"}], "settings": {"bar": {"direction": "horizontal", "xAxisShowType": "groupBy"}, "alias": [], "color": "#498BFE", "table": {"queryMode": "toGroupColumn"}, "units": [], "colors": [{"key": "avg(restarts){\"namespace\": \"kube-system\", \"pod_name\": \"calico-node-8lzt5\"}", "name": "avg(restarts){\"namespace\": \"kube-system\", \"pod_name\": \"calico-node-8lzt5\"}", "color": "#498BFE"}], "levels": [], "slimit": 20, "topSize": 10, "unitType": "global", "chartType": "bar", "fixedTime": "", "precision": "2", "showTitle": true, "titleDesc": "", "globalUnit": [], "isSampling": true, "openCompare": false, "showTopSize": true, "timeInterval": "default", "showTableHead": true, "tableSortType": "top", "isTimeInterval": false, "changeWorkspace": false, "currentChartType": "toplist", "showFieldMapping": false, "scientificNotation": true, "mainMeasurementSort": "top", "tableSortMetricName": "", "mainMeasurementLimit": 10, "openThousandsSeparator": true, "mainMeasurementQueryCode": "A"}, "fixedTime": "", "isRefresh": false}, "group": {"name": "Overview"}, "name": "Pods Restart", "pos": {"h": 19, "w": 12, "x": 12, "y": 42}, "type": "toplist", "queries": [{"name": "", "type": "toplist", "unit": "", "color": "", "qtype": "dql", "query": {"q": "O::`kubelet_pod`:(avg(`restarts`)) { `cluster_name_k8s` = '#{cluster_name_k8s}' and `namespace` = '#{namespace}' and `node_name` = '#{node_name}' } BY `cluster_name_k8s`, `namespace`, `pod_name`", "code": "A", "fill": null, "type": "simple", "alias": "", "field": "restarts", "fillNum": null, "filters": [{"id": "e992ae80-b1b3-11ed-83c2-37f9ecc6a62c", "op": "=", "name": "cluster_name_k8s", "logic": "and", "value": "#{cluster_name_k8s}"}, {"id": "e992ae81-b1b3-11ed-83c2-37f9ecc6a62c", "op": "=", "name": "namespace", "logic": "and", "value": "#{namespace}"}, {"id": "09c1e760-ab0a-11ef-8d9d-cd372caee203", "op": "=", "name": "node_name", "type": "keyword", "logic": "and", "value": "#{node_name}", "values": []}], "groupBy": ["cluster_name_k8s", "namespace", "pod_name"], "funcList": ["last", "top:10"], "fieldFunc": "avg", "fieldType": "long", "namespace": "object", "dataSource": "kubelet_pod", "queryFuncs": [], "withLabels": [], "groupByTime": ""}, "datasource": "dataflux"}]}, {"extend": {"settings": {"alias": [], "units": [], "colors": [], "levels": [], "bgColor": "#077BF5", "mappings": [], "showLine": false, "unitType": "global", "fixedTime": "", "fontColor": "", "lineColor": "#3AB8FF", "precision": "2", "showTitle": true, "titleDesc": "", "downsample": "last", "globalUnit": [], "isSampling": true, "compareType": "", "openCompare": false, "showLineAxis": false, "timeInterval": "auto", "isTimeInterval": false, "changeWorkspace": false, "currentChartType": "singlestat", "showFieldMapping": false, "sequenceChartType": "line", "scientificNotation": false, "openThousandsSeparator": false}, "fixedTime": "", "isRefresh": false, "fixedGroupByTime": null}, "group": {"name": "Overview"}, "name": "Pods Ready", "pos": {"h": 7, "w": 6, "x": 0, "y": 15}, "type": "singlestat", "queries": [{"name": "", "type": "singlestat", "unit": "", "color": "", "qtype": "dql", "query": {"q": "series_sum(\"M::`kube_pod`:(last(`ready`)) { `cluster_name_k8s` = '#{cluster_name_k8s}' and `namespace` = '#{namespace}' } BY `cluster_name_k8s`, `namespace`\")", "code": "B", "fill": null, "type": "simple", "alias": "", "field": "ready", "fillNum": null, "filters": [{"id": "272fc240-adb2-11ef-bbdc-e36e78a09e9e", "op": "=", "name": "cluster_name_k8s", "type": "", "logic": "and", "value": "#{cluster_name_k8s}", "values": []}, {"id": "272fc241-adb2-11ef-bbdc-e36e78a09e9e", "op": "=", "name": "namespace", "type": "", "logic": "and", "value": "#{namespace}", "values": []}], "groupBy": ["cluster_name_k8s", "namespace"], "labelOp": "", "funcList": [], "fieldFunc": "last", "fieldType": "float", "namespace": "metric", "dataSource": "kube_pod", "queryFuncs": [{"args": [], "name": "series_sum"}], "withLabels": [], "groupByTime": "", "indexFilter": "default"}, "datasource": "dataflux"}]}, {"extend": {"links": [{"url": "/scene/dashboard/dashboardDetail?identifier=guance-k8s-pod-detail0&name=Kubernetes Pod Detail&lak=Scene&time=15m&variable={\"cluster_name_k8s\":\"#{T.cluster_name_k8s}\",\"pod_name\":\"#{T.pod_name}\",\"namespace\":\"#{T.namespace}\"}", "open": "newWin", "show": true, "type": "custom", "alias": "\u67e5\u770bPod\u76d1\u63a7"}, {"url": "/logIndi/log/all?time=#{TR}&query=#{T}", "open": "newWin", "show": false, "type": "logging"}, {"url": "/objectadmin/docker_containers?routerTabActive=ObjectadminDocker&time=#{TR}&query=#{T}", "open": "newWin", "show": true, "type": "container"}, {"url": "/objectadmin/host_processes?routerTabActive=ObjectadminProcesses&time=#{TR}&query=#{T}", "open": "newWin", "show": false, "type": "processes"}, {"url": "/tracing/link/all?time=#{TR}&query=#{T}", "open": "newWin", "show": false, "type": "tracing"}], "settings": {"bar": {"direction": "horizontal", "xAxisShowType": "groupBy"}, "alias": [], "color": "#498BFE", "table": {"queryMode": "toGroupColumn"}, "units": [], "colors": [{"key": "last(network_bytes_rcvd)", "name": "last(network_bytes_rcvd)", "color": "#498BFE"}], "levels": [], "slimit": 20, "topSize": 10, "unitType": "global", "chartType": "bar", "fixedTime": "5m", "precision": "2", "showTitle": true, "titleDesc": "", "globalUnit": ["traffic", "B/S"], "isSampling": true, "openCompare": false, "showTopSize": true, "timeInterval": "default", "showTableHead": true, "tableSortType": "top", "isTimeInterval": true, "changeWorkspace": false, "currentChartType": "toplist", "showFieldMapping": false, "scientificNotation": true, "mainMeasurementSort": "top", "tableSortMetricName": "", "mainMeasurementLimit": 10, "openThousandsSeparator": true, "mainMeasurementQueryCode": "A"}, "fixedTime": {"key": "5m", "text": "\u6700\u8fd1 5 \u5206\u949f"}, "isRefresh": false}, "group": {"name": "Network"}, "name": "Most Network-Received pods (top 10)", "pos": {"h": 22, "w": 12, "x": 12, "y": 0}, "type": "toplist", "queries": [{"name": "", "type": "toplist", "unit": "", "color": "", "qtype": "dql", "query": {"q": "non_negative_derivative(\"M::`kube_pod`:(avg(`network_bytes_rcvd`)) { `cluster_name_k8s` = '#{cluster_name_k8s}' and `namespace` = '#{namespace}' and `node_name` = '#{node_name}' } BY `cluster_name_k8s`, `namespace`, `pod_name`\")", "code": "A", "fill": null, "type": "simple", "alias": "", "field": "network_bytes_rcvd", "fillNum": null, "filters": [{"id": "3637a2e0-a884-11ef-96be-69185d533394", "op": "=", "name": "cluster_name_k8s", "type": "keyword", "logic": "and", "value": "#{cluster_name_k8s}", "values": []}, {"id": "3a16fff0-a884-11ef-96be-69185d533394", "op": "=", "name": "namespace", "type": "keyword", "logic": "and", "value": "#{namespace}", "values": []}, {"id": "62503120-ab0a-11ef-8d9d-cd372caee203", "op": "=", "name": "node_name", "type": "keyword", "logic": "and", "value": "#{node_name}", "values": []}], "groupBy": ["cluster_name_k8s", "namespace", "pod_name"], "funcList": ["last", "top:10"], "fieldFunc": "avg", "fieldType": "float", "namespace": "metric", "dataSource": "kube_pod", "queryFuncs": [{"args": [], "name": "non_negative_derivative"}], "withLabels": [], "groupByTime": "", "additionalFields": null}, "datasource": "dataflux"}]}, {"extend": {"links": [{"url": "/scene/dashboard/dashboardDetail?identifier=guance-k8s-pod-detail&name=Kubernetes Pod Detail&lak=Scene&time=15m&variable={\"cluster_name_k8s\":\"#{T.cluster_name_k8s}\",\"pod_name\":\"#{T.pod_name}\",\"namespace\":\"#{T.namespace}\"}", "open": "newWin", "show": true, "type": "custom", "alias": "\u67e5\u770bPod\u76d1\u63a7"}, {"url": "/logIndi/log/all?time=#{TR}&query=#{T}", "open": "newWin", "show": false, "type": "logging"}, {"url": "/objectadmin/docker_containers?routerTabActive=ObjectadminDocker&time=#{TR}&query=#{T}", "open": "newWin", "show": true, "type": "container"}, {"url": "/objectadmin/host_processes?routerTabActive=ObjectadminProcesses&time=#{TR}&query=#{T}", "open": "newWin", "show": false, "type": "processes"}, {"url": "/tracing/link/all?time=#{TR}&query=#{T}", "open": "newWin", "show": false, "type": "tracing"}], "settings": {"bar": {"direction": "horizontal", "xAxisShowType": "groupBy"}, "alias": [], "color": "#498BFE", "table": {"queryMode": "toGroupColumn"}, "units": [], "colors": [{"key": "last(network_bytes_rcvd)", "name": "last(network_bytes_rcvd)", "color": "#498BFE"}], "levels": [], "slimit": 20, "topSize": 10, "unitType": "global", "chartType": "bar", "fixedTime": "5m", "precision": "2", "showTitle": true, "titleDesc": "", "globalUnit": ["traffic", "B/S"], "isSampling": true, "openCompare": false, "showTopSize": true, "timeInterval": "default", "showTableHead": true, "tableSortType": "top", "isTimeInterval": true, "changeWorkspace": false, "currentChartType": "toplist", "showFieldMapping": false, "scientificNotation": true, "mainMeasurementSort": "top", "tableSortMetricName": "", "mainMeasurementLimit": 10, "openThousandsSeparator": true, "mainMeasurementQueryCode": "A"}, "fixedTime": {"key": "5m", "text": "\u6700\u8fd1 5 \u5206\u949f"}, "isRefresh": false}, "group": {"name": "Network"}, "name": "Most Network-Transmit pods (top 10)", "pos": {"h": 23, "w": 12, "x": 12, "y": 22}, "type": "toplist", "queries": [{"name": "", "type": "toplist", "unit": "", "color": "", "qtype": "dql", "query": {"q": "non_negative_derivative(\"M::`kube_pod`:(avg(`network_bytes_sent`)) { `cluster_name_k8s` = '#{cluster_name_k8s}' and `namespace` = '#{namespace}' and `node_name` = '#{node_name}' } BY `cluster_name_k8s`, `namespace`, `pod_name`\")", "code": "A", "fill": null, "type": "simple", "alias": "", "field": "network_bytes_sent", "fillNum": null, "filters": [{"id": "29fd8f90-a991-11ef-abf0-e348eb84571c", "op": "=", "name": "cluster_name_k8s", "type": "", "logic": "and", "value": "#{cluster_name_k8s}", "values": []}, {"id": "29fd8f91-a991-11ef-abf0-e348eb84571c", "op": "=", "name": "namespace", "type": "", "logic": "and", "value": "#{namespace}", "values": []}, {"id": "69f8f240-ab0a-11ef-8d9d-cd372caee203", "op": "=", "name": "node_name", "type": "keyword", "logic": "and", "value": "#{node_name}", "values": []}], "groupBy": ["cluster_name_k8s", "namespace", "pod_name"], "labelOp": "", "funcList": ["last", "top:10"], "fieldFunc": "avg", "fieldType": "float", "namespace": "metric", "dataSource": "kube_pod", "queryFuncs": [{"args": [], "name": "non_negative_derivative"}], "withLabels": [], "groupByTime": "", "indexFilter": "default"}, "datasource": "dataflux"}]}, {"extend": {"links": [{"url": "/scene/dashboard/dashboardDetail?identifier=guance-k8s-pod-detail&name=Kubernetes Pod Detail&lak=Scene&time=15m&variable={\"cluster_name_k8s\":\"#{T.cluster_name_k8s}\",\"pod_name\":\"#{T.pod_name}\",\"namespace\":\"#{T.namespace}\"}", "open": "newWin", "show": true, "type": "custom", "alias": "\u67e5\u770bPod\u76d1\u63a7"}, {"url": "/logIndi/log/all?time=#{TR}&query=#{T}", "open": "newWin", "show": false, "type": "logging"}, {"url": "/objectadmin/docker_containers?routerTabActive=ObjectadminDocker&time=#{TR}&query=#{T}", "open": "newWin", "show": false, "type": "container"}, {"url": "/objectadmin/host_processes?routerTabActive=ObjectadminProcesses&time=#{TR}&query=#{T}", "open": "newWin", "show": false, "type": "processes"}, {"url": "/tracing/link/all?time=#{TR}&query=#{T}", "open": "newWin", "show": false, "type": "tracing"}], "settings": {"alias": [{"key": "non_negative_derivative(rcvd)", "name": "non_negative_derivative(rcvd)", "alias": "{{pod_name}}"}], "units": [], "colors": [], "levels": [], "slimit": 50, "showLine": false, "unitType": "global", "chartType": "areaLine", "fixedTime": "", "isPercent": false, "openStack": false, "precision": "2", "showLabel": false, "showTitle": true, "stackType": "time", "titleDesc": "", "globalUnit": ["traffic", "B/S"], "isSampling": true, "compareType": [], "openCompare": false, "yAxixMaxVal": null, "yAxixMinVal": null, "aliasVersion": 2, "connectNulls": true, "legendValues": ["last", "avg"], "timeInterval": "auto", "legendPostion": "right", "maxPointCount": null, "sorderByOrder": "desc", "xAxisShowType": "time", "isTimeInterval": true, "changeWorkspace": false, "currentChartType": "sequence", "showFieldMapping": false, "onlyShowGroupName": false, "scientificNotation": true, "openThousandsSeparator": true, "mainMeasurementQueryCode": "B"}, "fixedTime": "", "isRefresh": false, "fixedGroupByTime": null}, "group": {"name": "Network"}, "name": "Network Received", "pos": {"h": 22, "w": 12, "x": 0, "y": 0}, "type": "sequence", "queries": [{"name": "", "type": "sequence", "unit": "", "color": "", "qtype": "dql", "query": {"q": "non_negative_derivative(\"M::`kube_pod`:(avg(`network_bytes_rcvd`) AS `rcvd`) { `cluster_name_k8s` = '#{cluster_name_k8s}' and `namespace` = '#{namespace}' and `node_name` = '#{node_name}' } BY `pod_name`, `cluster_name_k8s`, `namespace`\")", "code": "B", "fill": null, "type": "simple", "alias": "rcvd", "field": "network_bytes_rcvd", "filters": [{"id": "37b52600-a993-11ef-abf0-e348eb84571c", "op": "=", "name": "cluster_name_k8s", "type": "keyword", "logic": "and", "value": "#{cluster_name_k8s}", "values": []}, {"id": "39e4b030-a993-11ef-abf0-e348eb84571c", "op": "=", "name": "namespace", "type": "keyword", "logic": "and", "value": "#{namespace}", "values": []}, {"id": "5baa6110-ab0a-11ef-8d9d-cd372caee203", "op": "=", "name": "node_name", "type": "keyword", "logic": "and", "value": "#{node_name}", "values": []}], "groupBy": ["pod_name", "cluster_name_k8s", "namespace"], "funcList": [], "fieldFunc": "avg", "fieldType": "float", "namespace": "metric", "dataSource": "kube_pod", "queryFuncs": [{"args": [], "name": "non_negative_derivative"}], "groupByTime": "", "indexFilter": "", "additionalFields": null}, "datasource": "dataflux"}]}, {"extend": {"links": [{"url": "/scene/dashboard/dashboardDetail?identifier=guance-k8s-pod-detail&name=Kubernetes Pod Detail&lak=Scene&time=15m&variable={\"cluster_name_k8s\":\"#{T.cluster_name_k8s}\",\"pod_name\":\"#{T.pod_name}\",\"namespace\":\"#{T.namespace}\"}", "open": "newWin", "show": true, "type": "custom", "alias": "\u67e5\u770bPod\u76d1\u63a7"}, {"url": "/logIndi/log/all?time=#{TR}&query=#{T}", "open": "newWin", "show": false, "type": "logging"}, {"url": "/objectadmin/docker_containers?routerTabActive=ObjectadminDocker&time=#{TR}&query=#{T}", "open": "newWin", "show": false, "type": "container"}, {"url": "/objectadmin/host_processes?routerTabActive=ObjectadminProcesses&time=#{TR}&query=#{T}", "open": "newWin", "show": false, "type": "processes"}, {"url": "/tracing/link/all?time=#{TR}&query=#{T}", "open": "newWin", "show": false, "type": "tracing"}], "settings": {"alias": [{"key": "non_negative_derivative(sent)", "name": "non_negative_derivative(sent)", "alias": "{{pod_name}}"}], "units": [], "colors": [], "levels": [], "slimit": 50, "showLine": false, "unitType": "global", "chartType": "areaLine", "fixedTime": "", "isPercent": false, "openStack": false, "precision": "2", "showLabel": false, "showTitle": true, "stackType": "time", "titleDesc": "", "globalUnit": ["traffic", "B/S"], "isSampling": true, "compareType": [], "openCompare": false, "yAxixMaxVal": null, "yAxixMinVal": null, "aliasVersion": 2, "connectNulls": true, "legendValues": ["last", "avg"], "timeInterval": "auto", "legendPostion": "right", "maxPointCount": null, "sorderByOrder": "desc", "xAxisShowType": "time", "isTimeInterval": true, "changeWorkspace": false, "currentChartType": "sequence", "showFieldMapping": false, "onlyShowGroupName": false, "scientificNotation": true, "openThousandsSeparator": true, "mainMeasurementQueryCode": "B"}, "fixedTime": "", "isRefresh": false, "fixedGroupByTime": null}, "group": {"name": "Network"}, "name": "Network Transmit", "pos": {"h": 23, "w": 12, "x": 0, "y": 22}, "type": "sequence", "queries": [{"name": "", "type": "sequence", "unit": "", "color": "", "qtype": "dql", "query": {"q": "non_negative_derivative(\"M::`kube_pod`:(avg(`network_bytes_sent`) AS `sent`) { `cluster_name_k8s` = '#{cluster_name_k8s}' and `namespace` = '#{namespace}' and `node_name` = '#{node_name}' } BY `pod_name`, `cluster_name_k8s`, `namespace`\")", "code": "B", "fill": null, "type": "simple", "alias": "sent", "field": "network_bytes_sent", "filters": [{"id": "90c8a550-a993-11ef-abf0-e348eb84571c", "op": "=", "name": "cluster_name_k8s", "type": "keyword", "logic": "and", "value": "#{cluster_name_k8s}", "values": []}, {"id": "92f23c10-a993-11ef-abf0-e348eb84571c", "op": "=", "name": "namespace", "type": "keyword", "logic": "and", "value": "#{namespace}", "values": []}, {"id": "70aec7e0-ab0a-11ef-8d9d-cd372caee203", "op": "=", "name": "node_name", "type": "keyword", "logic": "and", "value": "#{node_name}", "values": []}], "groupBy": ["pod_name", "cluster_name_k8s", "namespace"], "funcList": [], "fieldFunc": "avg", "fieldType": "float", "namespace": "metric", "dataSource": "kube_pod", "queryFuncs": [{"args": [], "name": "non_negative_derivative"}], "groupByTime": "", "indexFilter": "", "additionalFields": null}, "datasource": "dataflux"}]}, {"extend": {"settings": {"alias": [], "units": [], "colors": [], "levels": [], "bgColor": "", "mappings": [], "showLine": false, "unitType": "global", "fixedTime": "", "fontColor": "", "lineColor": "#3AB8FF", "precision": "2", "showTitle": true, "titleDesc": "", "downsample": "last", "globalUnit": [], "isSampling": true, "compareType": "", "openCompare": false, "showLineAxis": false, "timeInterval": "auto", "isTimeInterval": false, "changeWorkspace": false, "currentChartType": "singlestat", "showFieldMapping": false, "sequenceChartType": "line", "openThousandsSeparator": true}, "fixedTime": "", "isRefresh": false}, "group": {"name": "Overview"}, "name": "Namespace", "pos": {"h": 8, "w": 4, "x": 0, "y": 0}, "type": "singlestat", "queries": [{"name": "", "type": "singlestat", "unit": "", "color": "", "qtype": "dql", "query": {"q": "O::`kubelet_pod`:(last(`namespace`)) { `cluster_name_k8s` = '#{cluster_name_k8s}' and `namespace` = '#{namespace}' }", "code": "A", "fill": "", "type": "simple", "alias": "", "field": "namespace", "rollup": "", "search": "", "fillNum": null, "filters": [{"id": "4f76acd0-a99a-11ef-888e-ef3c4e66c9f3", "op": "=", "name": "cluster_name_k8s", "type": "keyword", "logic": "and", "value": "#{cluster_name_k8s}", "values": []}, {"id": "527dab40-a99a-11ef-888e-ef3c4e66c9f3", "op": "=", "name": "namespace", "type": "keyword", "logic": "and", "value": "#{namespace}", "values": []}], "groupBy": [], "labelOp": "", "funcList": [], "fieldFunc": "last", "fieldType": "keyword", "namespace": "object", "dataSource": "kubelet_pod", "queryFuncs": [], "withLabels": [], "groupByTime": "", "indexFilter": "", "additionalFields": null}, "datasource": "dataflux"}]}, {"extend": {"links": [{"url": "/scene/dashboard/dashboardDetail?identifier=guance-k8s-pod-detail&name=Kubernetes Pod Detail&lak=Scene&time=15m&variable={\"cluster_name_k8s\":\"#{T.cluster_name_k8s}\",\"pod_name\":\"#{T.pod_name}\",\"namespace\":\"#{T.namespace}\"}", "open": "newWin", "show": true, "type": "custom", "alias": "\u67e5\u770bPod\u76d1\u63a7"}, {"url": "/logIndi/log/all?time=#{TR}&query=#{T}", "open": "newWin", "show": false, "type": "logging"}, {"url": "/objectadmin/docker_containers?routerTabActive=ObjectadminDocker&time=#{TR}&query=#{T}", "open": "newWin", "show": false, "type": "container"}, {"url": "/objectadmin/host_processes?routerTabActive=ObjectadminProcesses&time=#{TR}&query=#{T}", "open": "newWin", "show": false, "type": "processes"}, {"url": "/tracing/link/all?time=#{TR}&query=#{T}", "open": "newWin", "show": false, "type": "tracing"}], "settings": {"alias": [{"key": "cpu_usage_millicores", "name": "cpu_usage_millicores", "alias": "{{pod_name}}"}], "units": [{"key": "cpu_usage_millicores", "name": "cpu_usage_millicores", "unit": "m", "units": ["custom", "m"]}], "colors": [], "levels": [], "slimit": 20, "density": "medium", "showLine": false, "unitType": "custom", "chartType": "areaLine", "fixedTime": "", "isPercent": false, "openStack": false, "precision": "2", "showLabel": false, "showTitle": true, "stackType": "time", "titleDesc": "", "globalUnit": [], "isSampling": true, "compareType": "", "openCompare": false, "yAxixMaxVal": null, "yAxixMinVal": null, "aliasVersion": 2, "compareTitle": "", "connectNulls": true, "legendValues": ["last", "avg"], "timeInterval": "default", "compareColors": {"dayCompare": "rgba(11,11,12,0.5)", "hourCompare": "#0B0B0C", "weekCompare": "rgba(11,11,12,0.3)", "monthCompare": "rgba(11,11,12,0.12)"}, "legendPostion": "right", "maxPointCount": 360, "sorderByOrder": "desc", "xAxisShowType": "time", "isTimeInterval": true, "changeWorkspace": false, "currentChartType": "sequence", "showFieldMapping": false, "compareColorsDark": {"dayCompare": "rgba(213,217,226,0.5)", "hourCompare": "#D5D9E2", "weekCompare": "rgba(213,217,226,0.25)", "monthCompare": "rgba(213,217,226,0.12)"}, "onlyShowGroupName": false, "compareColorsLight": {"dayCompare": "rgba(11,11,12,0.5)", "hourCompare": "#0B0B0C", "weekCompare": "rgba(11,11,12,0.3)", "monthCompare": "rgba(11,11,12,0.12)"}, "scientificNotation": true, "openThousandsSeparator": true, "mainMeasurementQueryCode": "A"}, "fixedTime": "", "isRefresh": false}, "group": {"name": "Pods"}, "name": "CPU Usage By Cores", "pos": {"h": 23, "w": 12, "x": 12, "y": 0}, "type": "sequence", "queries": [{"name": "", "type": "sequence", "unit": "", "color": "", "qtype": "dql", "query": {"q": "M::`kube_pod`:(last(`cpu_usage_millicores`) AS `cpu_usage_millicores`) { `cluster_name_k8s` = '#{cluster_name_k8s}' and `namespace` = '#{namespace}' and `node_name` = '#{node_name}' } BY `cluster_name_k8s`, `pod_name`, `namespace`", "code": "A", "fill": null, "type": "simple", "alias": "cpu_usage_millicores", "field": "cpu_usage_millicores", "fillNum": null, "filters": [{"id": "a5f86e20-aae1-11ef-a801-7b95acd33a0b", "op": "=", "name": "cluster_name_k8s", "type": "", "logic": "and", "value": "#{cluster_name_k8s}", "values": []}, {"id": "a5f86e21-aae1-11ef-a801-7b95acd33a0b", "op": "=", "name": "namespace", "type": "", "logic": "and", "value": "#{namespace}", "values": []}, {"id": "1c40b4c0-ab0a-11ef-8d9d-cd372caee203", "op": "=", "name": "node_name", "type": "keyword", "logic": "and", "value": "#{node_name}", "values": []}], "groupBy": ["cluster_name_k8s", "pod_name", "namespace"], "labelOp": "", "funcList": [], "fieldFunc": "last", "fieldType": "float", "namespace": "metric", "dataSource": "kube_pod", "queryFuncs": [], "withLabels": [], "groupByTime": "", "indexFilter": "default"}, "datasource": "dataflux"}]}, {"extend": {"links": [{"url": "/scene/dashboard/dashboardDetail?identifier=guance-k8s-pod-detail&name=Kubernetes Pod Detail&lak=Scene&time=15m&variable={\"cluster_name_k8s\":\"#{T.cluster_name_k8s}\",\"pod_name\":\"#{T.pod_name}\",\"namespace\":\"#{T.namespace}\"}", "open": "newWin", "show": true, "type": "custom", "alias": "\u67e5\u770bPod\u76d1\u63a7"}, {"url": "/logIndi/log/all?time=#{TR}&query=#{T}", "open": "newWin", "show": false, "type": "logging"}, {"url": "/objectadmin/docker_containers?routerTabActive=ObjectadminDocker&time=#{TR}&query=#{T}", "open": "newWin", "show": false, "type": "container"}, {"url": "/objectadmin/host_processes?routerTabActive=ObjectadminProcesses&time=#{TR}&query=#{T}", "open": "newWin", "show": false, "type": "processes"}, {"url": "/tracing/link/all?time=#{TR}&query=#{T}", "open": "newWin", "show": false, "type": "tracing"}], "settings": {"alias": [{"key": "mem_usage", "name": "mem_usage", "alias": "{{pod_name}}"}], "units": [], "colors": [], "levels": [], "slimit": 20, "density": "medium", "showLine": false, "unitType": "global", "chartType": "areaLine", "fixedTime": "", "isPercent": false, "openStack": false, "precision": "2", "showLabel": false, "showTitle": true, "stackType": "time", "titleDesc": "", "globalUnit": [], "isSampling": true, "compareType": "", "openCompare": false, "yAxixMaxVal": null, "yAxixMinVal": null, "aliasVersion": 2, "compareTitle": "", "connectNulls": true, "legendValues": ["last", "avg"], "timeInterval": "default", "compareColors": {"dayCompare": "rgba(11,11,12,0.5)", "hourCompare": "#0B0B0C", "weekCompare": "rgba(11,11,12,0.3)", "monthCompare": "rgba(11,11,12,0.12)"}, "legendPostion": "right", "maxPointCount": 360, "sorderByOrder": "desc", "xAxisShowType": "time", "isTimeInterval": true, "changeWorkspace": false, "currentChartType": "sequence", "showFieldMapping": false, "compareColorsDark": {"dayCompare": "rgba(213,217,226,0.5)", "hourCompare": "#D5D9E2", "weekCompare": "rgba(213,217,226,0.25)", "monthCompare": "rgba(213,217,226,0.12)"}, "onlyShowGroupName": false, "compareColorsLight": {"dayCompare": "rgba(11,11,12,0.5)", "hourCompare": "#0B0B0C", "weekCompare": "rgba(11,11,12,0.3)", "monthCompare": "rgba(11,11,12,0.12)"}, "scientificNotation": true, "openThousandsSeparator": true, "mainMeasurementQueryCode": "A"}, "fixedTime": "", "isRefresh": false}, "group": {"name": "Pods"}, "name": "Memory Usage", "pos": {"h": 21, "w": 12, "x": 12, "y": 23}, "type": "sequence", "queries": [{"name": "", "type": "sequence", "unit": "", "color": "", "qtype": "dql", "query": {"q": "M::`kube_pod`:(avg(`memory_usage_bytes`) AS `mem_usage`) { `cluster_name_k8s` = '#{cluster_name_k8s}' and `namespace` = '#{namespace}' and `node_name` = '#{node_name}' } BY `pod_name`, `cluster_name_k8s`, `namespace`", "code": "A", "fill": null, "type": "simple", "alias": "mem_usage", "field": "memory_usage_bytes", "filters": [{"id": "383fd440-e7ca-11ec-a28f-5d05bd55e058", "op": "=", "name": "cluster_name_k8s", "type": "", "logic": "and", "value": "#{cluster_name_k8s}"}, {"id": "3c7e4140-e7ca-11ec-a28f-5d05bd55e058", "op": "=", "name": "namespace", "type": "", "logic": "and", "value": "#{namespace}"}, {"id": "383ba3b0-ab0a-11ef-8d9d-cd372caee203", "op": "=", "name": "node_name", "type": "keyword", "logic": "and", "value": "#{node_name}", "values": []}], "groupBy": ["pod_name", "cluster_name_k8s", "namespace"], "funcList": [], "fieldFunc": "avg", "fieldType": "float", "namespace": "metric", "dataSource": "kube_pod", "queryFuncs": [], "groupByTime": ""}, "datasource": "dataflux"}]}, {"extend": {"settings": {"alias": [], "units": [], "colors": [], "levels": [{"value": ["0"], "bgColor": "#F9756A", "fontColor": "", "lineColor": "", "operation": "!="}, {"value": ["0"], "bgColor": "#06FB56", "fontColor": "", "lineColor": "", "operation": "="}], "bgColor": "", "mappings": [], "showLine": false, "unitType": "global", "fixedTime": "5m", "fontColor": "", "lineColor": "#3AB8FF", "precision": "2", "showTitle": true, "titleDesc": "", "downsample": "last", "globalUnit": [], "isSampling": true, "compareType": "", "openCompare": false, "showLineAxis": false, "timeInterval": "auto", "isTimeInterval": false, "changeWorkspace": false, "currentChartType": "singlestat", "showFieldMapping": false, "sequenceChartType": "line", "scientificNotation": true, "openThousandsSeparator": true}, "fixedTime": {"key": "5m", "text": "\u6700\u8fd1 5 \u5206\u949f"}, "isRefresh": true}, "group": {"name": "Overview"}, "name": "Pods Restarts Count", "pos": {"h": 7, "w": 6, "x": 6, "y": 15}, "type": "singlestat", "queries": [{"name": "", "type": "singlestat", "unit": "", "color": "", "qtype": "dql", "query": {"q": "series_sum(\"M::`kube_pod`:(`restarts`) { `cluster_name_k8s` = '#{cluster_name_k8s}' and `namespace` = '#{namespace}' } BY `pod_name`\")", "code": "A", "fill": null, "type": "dql", "alias": "", "field": "restarts", "index": "default", "fillNum": null, "filters": [{"op": "=", "name": "cluster_name_k8s", "type": "", "logic": "and", "value": "#{cluster_name_k8s}", "values": []}, {"op": "=", "name": "namespace", "type": "", "logic": "and", "value": "#{namespace}", "values": []}], "groupBy": ["pod_name"], "indexes": ["default"], "labelOp": "", "funcList": [], "interval": "", "fieldFunc": "", "namespace": "metric", "dataSource": "kube_pod", "queryFuncs": [{"args": [], "name": "series_sum"}], "withLabels": [], "groupByTime": "", "indexFilter": "default", "dataSourceFunc": ""}, "datasource": "dataflux"}]}, {"extend": {"settings": {"alias": [], "units": [], "colors": [], "levels": [], "slimit": 20, "levelArr": [], "unitType": "custom", "fixedTime": "", "precision": "2", "showLabel": true, "showTitle": true, "titleDesc": "", "colorLevel": 3, "globalUnit": [], "isSampling": true, "rangeColor": "", "showLegend": false, "showPercent": false, "aliasVersion": 2, "timeInterval": "default", "rangeColorKey": "light-blue", "isTimeInterval": false, "showLabelValue": true, "changeWorkspace": false, "currentChartType": "treemap", "showFieldMapping": false, "scientificNotation": true, "mainMeasurementSort": "top", "mainMeasurementLimit": 50, "openThousandsSeparator": true, "mainMeasurementQueryCode": "A"}, "fixedTime": "", "isRefresh": true}, "group": {"name": "Overview"}, "name": "Pod distribution in cluster", "pos": {"h": 24, "w": 12, "x": 12, "y": 0}, "type": "treemap", "queries": [{"name": "", "type": "treemap", "unit": "", "color": "", "qtype": "dql", "query": {"q": "M::`kubernetes`:(last(`pod`) AS `Pod count`) { `cluster_name_k8s` = '#{cluster_name_k8s}' } BY `namespace`", "code": "A", "fill": null, "type": "simple", "alias": "Pod count", "field": "pod", "filters": [{"id": "0ed55150-ba4a-11ec-b29c-6b7bede1c9e9", "op": "=", "name": "cluster_name_k8s", "type": "", "logic": "and", "value": "#{cluster_name_k8s}", "values": []}], "groupBy": ["namespace"], "funcList": [], "fieldFunc": "last", "fieldType": "float", "namespace": "metric", "dataSource": "kubernetes", "queryFuncs": [], "groupByTime": ""}, "datasource": "dataflux"}]}, {"extend": {"settings": {"alias": [], "units": [], "colors": [], "levels": [], "bgColor": "", "mappings": [], "showLine": false, "unitType": "global", "fixedTime": "1h", "fontColor": "", "lineColor": "#3AB8FF", "precision": "2", "showTitle": true, "titleDesc": "", "downsample": "last", "globalUnit": [], "isSampling": true, "compareType": "", "openCompare": false, "showLineAxis": false, "timeInterval": "auto", "isTimeInterval": false, "changeWorkspace": false, "currentChartType": "singlestat", "showFieldMapping": false, "sequenceChartType": "line", "openThousandsSeparator": true}, "fixedTime": {"key": "1h", "text": "\u6700\u8fd1 1 \u5c0f\u65f6"}, "isRefresh": false}, "group": {"name": "Overview"}, "name": "Node Name", "pos": {"h": 8, "w": 4, "x": 4, "y": 0}, "type": "singlestat", "queries": [{"name": "", "type": "singlestat", "unit": "", "color": "", "qtype": "dql", "query": {"q": "O::`kubelet_pod`:(last(`node_name`)) { `cluster_name_k8s` = '#{cluster_name_k8s}' and `namespace` = '#{namespace}' and `node_name` = '#{node_name}' }", "code": "A", "fill": null, "type": "simple", "alias": "", "field": "node_name", "fillNum": null, "filters": [{"id": "81f062c0-aa38-11ef-b5f2-516fb461b699", "op": "=", "name": "cluster_name_k8s", "type": "", "logic": "and", "value": "#{cluster_name_k8s}", "values": []}, {"id": "81f062c1-aa38-11ef-b5f2-516fb461b699", "op": "=", "name": "namespace", "type": "", "logic": "and", "value": "#{namespace}", "values": []}, {"id": "836d8ce0-aa38-11ef-b5f2-516fb461b699", "op": "=", "name": "node_name", "type": "keyword", "logic": "and", "value": "#{node_name}", "values": []}], "groupBy": [], "labelOp": "", "funcList": [], "fieldFunc": "last", "fieldType": "keyword", "namespace": "object", "dataSource": "kubelet_pod", "queryFuncs": [], "withLabels": [], "groupByTime": "", "indexFilter": "default"}, "datasource": "dataflux"}]}, {"extend": {"links": [{"url": "/scene/dashboard/dashboardDetail?identifier=guance-k8s-pod-detail&name=Kubernetes Pod Detail&lak=Scene&time=15m&variable={\"cluster_name_k8s\":\"#{T.cluster_name_k8s}\",\"pod_name\":\"#{T.pod_name}\",\"namespace\":\"#{T.namespace}\"}", "open": "newWin", "show": true, "type": "custom", "alias": "\u67e5\u770bPod\u76d1\u63a7"}, {"url": "/logIndi/log/all?time=#{TR}&query=#{T}", "open": "newWin", "show": false, "type": "logging"}, {"url": "/objectadmin/docker_containers?routerTabActive=ObjectadminDocker&time=#{TR}&query=#{T}", "open": "newWin", "show": true, "type": "container"}, {"url": "/objectadmin/host_processes?routerTabActive=ObjectadminProcesses&time=#{TR}&query=#{T}", "open": "newWin", "show": false, "type": "processes"}, {"url": "/tracing/link/all?time=#{TR}&query=#{T}", "open": "newWin", "show": false, "type": "tracing"}], "settings": {"alias": [{"key": "cpu_limit", "name": "cpu_limit", "alias": "CPU Limits"}, {"key": "mem_limit", "name": "mem_limit", "alias": "Memory Limits"}, {"key": "mem_usage", "name": "mem_usage", "alias": "Memory Usage"}, {"key": "cpu_usage", "name": "cpu_usage", "alias": "CPU Usage"}, {"key": "network_in", "name": "network_in", "alias": "Network Receive"}, {"key": "network_out", "name": "network_out", "alias": "Network Transmit"}, {"key": "mem_used_percent", "name": "mem_used_percent", "alias": "Memory Usage %"}], "units": [], "colors": [], "levels": [], "slimit": 20, "pageSize": 0, "unitType": "custom", "fixedTime": "", "precision": "2", "queryMode": "toGroupColumn", "showTitle": true, "titleDesc": "", "globalUnit": [], "isSampling": true, "showColumns": [], "valMappings": [], "aliasVersion": 2, "timeInterval": "auto", "isTimeInterval": false, "changeWorkspace": false, "currentChartType": "table", "showFieldMapping": false, "valColorMappings": [{"field": "cpu_usage", "value": [0, 50], "bgColor": "#35D652", "fontColor": "", "lineColor": "", "operation": "between"}, {"field": "cpu_usage", "value": [50, 90], "bgColor": "#F97A11", "fontColor": "", "lineColor": "", "operation": "between"}, {"field": "cpu_usage", "value": ["90"], "bgColor": "#FE0411", "fontColor": "", "lineColor": "", "operation": ">"}, {"field": "mem_used_percent", "value": [0, 50], "bgColor": "#35D652", "fontColor": "", "lineColor": "", "operation": "between"}, {"field": "mem_used_percent", "value": [50, 90], "bgColor": "#F97A11", "fontColor": "", "lineColor": "", "operation": "between"}, {"field": "mem_used_percent", "value": ["90"], "bgColor": "#FE0411", "fontColor": "", "lineColor": "", "operation": ">"}], "scientificNotation": true, "mainMeasurementSort": "top", "mainMeasurementLimit": 20, "openThousandsSeparator": false, "mainMeasurementQueryCode": "E"}, "fixedTime": "", "isRefresh": false}, "group": {"name": "Containers"}, "name": "Container List", "pos": {"h": 22, "w": 24, "x": 0, "y": 0}, "type": "table", "queries": [{"name": "", "type": "table", "unit": "", "color": "", "qtype": "dql", "query": {"q": "M::`docker_containers`:(avg(`cpu_usage`) AS `cpu_usage`) { `cluster_name_k8s` = '#{cluster_name_k8s}' and `namespace` = '#{namespace}' and `host` = '#{node_name}' } BY `container_name`, `pod_name`", "code": "E", "fill": null, "type": "dql", "alias": "cpu_usage", "field": "cpu_usage", "index": "default", "fillNum": null, "filters": [{"op": "=", "name": "cluster_name_k8s", "type": "", "logic": "and", "value": "#{cluster_name_k8s}", "values": []}, {"op": "=", "name": "namespace", "type": "", "logic": "and", "value": "#{namespace}", "values": []}, {"op": "=", "name": "host", "type": "", "logic": "and", "value": "#{node_name}", "values": []}], "groupBy": ["container_name", "pod_name"], "indexes": ["default"], "labelOp": "", "funcList": [], "interval": "", "fieldFunc": "avg", "namespace": "metric", "dataSource": "docker_containers", "queryFuncs": [], "withLabels": [], "groupByTime": "", "indexFilter": "default", "dataSourceFunc": ""}, "datasource": "dataflux"}, {"name": "", "type": "table", "unit": "", "color": "", "qtype": "dql", "query": {"q": "M::`docker_containers`:(avg(`cpu_limit`) AS `cpu_limit`) { `cluster_name_k8s` = '#{cluster_name_k8s}' and `namespace` = '#{namespace}' and `host` = '#{node_name}' } BY `container_name`, `pod_name`", "code": "A", "fill": null, "type": "dql", "alias": "cpu_limit", "field": "cpu_limit", "index": "default", "fillNum": null, "filters": [{"op": "=", "name": "cluster_name_k8s", "type": "", "logic": "and", "value": "#{cluster_name_k8s}", "values": []}, {"op": "=", "name": "namespace", "type": "", "logic": "and", "value": "#{namespace}", "values": []}, {"op": "=", "name": "host", "type": "", "logic": "and", "value": "#{node_name}", "values": []}], "groupBy": ["container_name", "pod_name"], "indexes": ["default"], "labelOp": "", "funcList": [], "interval": "", "fieldFunc": "avg", "namespace": "metric", "dataSource": "docker_containers", "queryFuncs": [], "withLabels": [], "groupByTime": "", "indexFilter": "default", "dataSourceFunc": ""}, "datasource": "dataflux"}, {"name": "", "type": "table", "unit": "", "color": "", "qtype": "dql", "query": {"q": "M::`docker_containers`:(avg(`mem_used_percent`) AS `mem_used_percent`) { `cluster_name_k8s` = '#{cluster_name_k8s}' and `namespace` = '#{namespace}' and `host` = '#{node_name}' } BY `container_name`, `pod_name`", "code": "F", "fill": null, "type": "dql", "alias": "mem_used_percent", "field": "mem_used_percent", "index": "default", "fillNum": null, "filters": [{"op": "=", "name": "cluster_name_k8s", "type": "", "logic": "and", "value": "#{cluster_name_k8s}", "values": []}, {"op": "=", "name": "namespace", "type": "", "logic": "and", "value": "#{namespace}", "values": []}, {"op": "=", "name": "host", "type": "", "logic": "and", "value": "#{node_name}", "values": []}], "groupBy": ["container_name", "pod_name"], "indexes": ["default"], "labelOp": "", "funcList": [], "interval": "", "fieldFunc": "avg", "namespace": "metric", "dataSource": "docker_containers", "queryFuncs": [], "withLabels": [], "groupByTime": "", "indexFilter": "default", "dataSourceFunc": ""}, "datasource": "dataflux"}, {"name": "", "type": "table", "unit": "", "color": "", "qtype": "dql", "query": {"q": "M::`docker_containers`:(avg(`mem_usage`) AS `mem_usage`) { `cluster_name_k8s` = '#{cluster_name_k8s}' and `namespace` = '#{namespace}' and `host` = '#{node_name}' } BY `container_name`, `pod_name`", "code": "C", "fill": null, "type": "dql", "alias": "mem_usage", "field": "mem_usage", "index": "default", "fillNum": null, "filters": [{"op": "=", "name": "cluster_name_k8s", "type": "", "logic": "and", "value": "#{cluster_name_k8s}", "values": []}, {"op": "=", "name": "namespace", "type": "", "logic": "and", "value": "#{namespace}", "values": []}, {"op": "=", "name": "host", "type": "", "logic": "and", "value": "#{node_name}", "values": []}], "groupBy": ["container_name", "pod_name"], "indexes": ["default"], "labelOp": "", "funcList": [], "interval": "", "fieldFunc": "avg", "namespace": "metric", "dataSource": "docker_containers", "queryFuncs": [], "withLabels": [], "groupByTime": "", "indexFilter": "default", "dataSourceFunc": ""}, "datasource": "dataflux"}, {"name": "", "type": "table", "unit": "", "color": "", "qtype": "dql", "query": {"q": "M::`docker_containers`:(avg(`mem_limit`) AS `mem_limit`) { `cluster_name_k8s` = '#{cluster_name_k8s}' and `namespace` = '#{namespace}' and `host` = '#{node_name}' } BY `container_name`, `pod_name`", "code": "B", "fill": null, "type": "dql", "alias": "mem_limit", "field": "mem_limit", "index": "default", "fillNum": null, "filters": [{"op": "=", "name": "cluster_name_k8s", "type": "", "logic": "and", "value": "#{cluster_name_k8s}", "values": []}, {"op": "=", "name": "namespace", "type": "", "logic": "and", "value": "#{namespace}", "values": []}, {"op": "=", "name": "host", "type": "", "logic": "and", "value": "#{node_name}", "values": []}], "groupBy": ["container_name", "pod_name"], "indexes": ["default"], "labelOp": "", "funcList": [], "interval": "", "fieldFunc": "avg", "namespace": "metric", "dataSource": "docker_containers", "queryFuncs": [], "withLabels": [], "groupByTime": "", "indexFilter": "default", "dataSourceFunc": ""}, "datasource": "dataflux"}, {"name": "", "type": "table", "unit": "", "color": "", "qtype": "dql", "query": {"q": "O::`docker_containers`:(last(`age`) AS `Age`) { `cluster_name_k8s` = '#{cluster_name_k8s}' and `namespace` = '#{namespace}' and `host` = '#{node_name}' } BY `container_name`, `pod_name`", "code": "D", "fill": null, "type": "dql", "alias": "Age", "field": "age", "index": "default", "fillNum": null, "filters": [{"op": "=", "name": "cluster_name_k8s", "type": "", "logic": "and", "value": "#{cluster_name_k8s}", "values": []}, {"op": "=", "name": "namespace", "type": "", "logic": "and", "value": "#{namespace}", "values": []}, {"op": "=", "name": "host", "type": "", "logic": "and", "value": "#{node_name}", "values": []}], "groupBy": ["container_name", "pod_name"], "indexes": ["default"], "labelOp": "", "funcList": [], "interval": "", "fieldFunc": "last", "namespace": "object", "dataSource": "docker_containers", "queryFuncs": [], "withLabels": [], "groupByTime": "", "indexFilter": "default", "dataSourceFunc": ""}, "datasource": "dataflux"}]}, {"extend": {"settings": {"alias": [], "units": [], "colors": [], "levels": [{"value": ["N/A"], "bgColor": "#2DF032", "fontColor": "", "lineColor": "", "operation": "nodata"}], "bgColor": "#E13B12", "mappings": [{"operation": "nodata", "mappingVal": "0", "originalVal": ["N/A"]}], "showLine": false, "unitType": "global", "fixedTime": "5m", "fontColor": "", "lineColor": "#3AB8FF", "precision": "2", "showTitle": true, "titleDesc": "", "downsample": "last", "globalUnit": [], "isSampling": false, "compareType": "", "openCompare": false, "showLineAxis": false, "timeInterval": "auto", "isTimeInterval": false, "changeWorkspace": false, "currentChartType": "singlestat", "showFieldMapping": false, "sequenceChartType": "line", "scientificNotation": true, "openThousandsSeparator": true}, "fixedTime": {"key": "5m", "text": "\u6700\u8fd1 5 \u5206\u949f"}, "isRefresh": false}, "group": {"name": "Overview"}, "name": "Pods Failed", "pos": {"h": 8, "w": 4, "x": 8, "y": 0}, "type": "singlestat", "queries": [{"name": "", "type": "singlestat", "unit": "", "color": "", "qtype": "dql", "query": {"q": "series_sum(\"O::`kubelet_pod`:(count(`status`)) { `cluster_name_k8s` = '#{cluster_name_k8s}' and `namespace` = '#{namespace}' and `status` NOT IN ['Running', 'Succeeded'] } BY `pod_name`\")", "code": "A", "fill": null, "type": "simple", "alias": "", "field": "status", "fillNum": null, "filters": [{"id": "ca13cb00-aca9-11ef-bc33-8d113a3905ca", "op": "=", "name": "cluster_name_k8s", "type": "", "logic": "and", "value": "#{cluster_name_k8s}", "values": []}, {"id": "ca13cb01-aca9-11ef-bc33-8d113a3905ca", "op": "=", "name": "namespace", "type": "", "logic": "and", "value": "#{namespace}", "values": []}, {"id": "ca13cb02-aca9-11ef-bc33-8d113a3905ca", "op": "not in", "name": "status", "type": "", "logic": "and", "value": "", "values": ["Running", "Succeeded"]}], "groupBy": ["pod_name"], "labelOp": "", "funcList": [], "fieldFunc": "count", "fieldType": "keyword", "namespace": "object", "dataSource": "kubelet_pod", "queryFuncs": [{"args": [], "name": "series_sum"}], "withLabels": [], "groupByTime": "", "indexFilter": "default"}, "datasource": "dataflux"}]}, {"extend": {"settings": {"alias": [], "units": [], "colors": [], "levels": [{"value": ["N/A"], "bgColor": "#2D8CF0", "fontColor": "", "lineColor": "", "operation": "="}], "bgColor": "#2D8CF0", "mappings": [{"operation": "=", "mappingVal": "0", "originalVal": ["N/A"]}], "showLine": false, "unitType": "global", "fixedTime": "5m", "fontColor": "", "lineColor": "#3AB8FF", "precision": "2", "showTitle": true, "titleDesc": "", "downsample": "last", "globalUnit": [], "isSampling": false, "compareType": "", "openCompare": false, "showLineAxis": false, "timeInterval": "auto", "isTimeInterval": false, "changeWorkspace": false, "currentChartType": "singlestat", "showFieldMapping": false, "sequenceChartType": "line", "scientificNotation": true, "openThousandsSeparator": true}, "fixedTime": {"key": "5m", "text": "\u6700\u8fd1 5 \u5206\u949f"}, "isRefresh": false}, "group": {"name": "Overview"}, "name": "Pods Pending", "pos": {"h": 7, "w": 6, "x": 6, "y": 8}, "type": "singlestat", "queries": [{"name": "", "type": "singlestat", "unit": "", "color": "", "qtype": "dql", "query": {"q": "series_sum(\"O::`kubelet_pod`:(count(`status`)) { `cluster_name_k8s` = '#{cluster_name_k8s}' and `namespace` = '#{namespace}' and `status` = 'Pending' } BY `pod_name`\")", "code": "A", "fill": null, "type": "simple", "alias": "", "field": "status", "fillNum": null, "filters": [{"id": "f3b28c30-aca9-11ef-a96c-25b3b6e62445", "op": "=", "name": "cluster_name_k8s", "type": "", "logic": "and", "value": "#{cluster_name_k8s}", "values": []}, {"id": "f3b28c31-aca9-11ef-a96c-25b3b6e62445", "op": "=", "name": "namespace", "type": "", "logic": "and", "value": "#{namespace}", "values": []}, {"id": "f3b28c34-aca9-11ef-a96c-25b3b6e62445", "op": "=", "name": "status", "type": "", "logic": "and", "value": "Pending", "values": []}], "groupBy": ["pod_name"], "labelOp": "", "funcList": [], "fieldFunc": "count", "fieldType": "keyword", "namespace": "object", "dataSource": "kubelet_pod", "queryFuncs": [{"args": [], "name": "series_sum"}], "withLabels": [], "groupByTime": "", "indexFilter": "default"}, "datasource": "dataflux"}]}, {"extend": {"links": [{"url": "/scene/dashboard/dashboardDetail?identifier=guance-k8s-pod-detail&name=Kubernetes Pod Detail&lak=Scene&time=15m&variable={\"cluster_name_k8s\":\"#{T.cluster_name_k8s}\",\"pod_name\":\"#{T.pod_name}\",\"namespace\":\"#{T.namespace}\"}", "open": "newWin", "show": true, "type": "custom", "alias": "\u67e5\u770bPod\u76d1\u63a7"}, {"url": "/logIndi/log/all?time=#{TR}&query=#{T}", "open": "newWin", "show": false, "type": "logging"}, {"url": "/objectadmin/docker_containers?routerTabActive=ObjectadminDocker&time=#{TR}&query=#{T}", "open": "newWin", "show": true, "type": "container"}, {"url": "/objectadmin/host_processes?routerTabActive=ObjectadminProcesses&time=#{TR}&query=#{T}", "open": "newWin", "show": false, "type": "processes"}, {"url": "/tracing/link/all?time=#{TR}&query=#{T}", "open": "newWin", "show": false, "type": "tracing"}], "settings": {"alias": [{"key": "cluster_name_k8s", "name": "cluster_name_k8s", "alias": "Cluster"}, {"key": "namespace", "name": "namespace", "alias": "Namespace"}, {"key": "pod_name", "name": "pod_name", "alias": "Pod"}], "units": [], "colors": [], "levels": [], "slimit": 20, "pageSize": 0, "unitType": "custom", "fixedTime": "5m", "precision": "2", "queryMode": "toGroupColumn", "showTitle": true, "titleDesc": "", "globalUnit": [], "isSampling": true, "showColumns": [], "valMappings": [], "aliasVersion": 2, "timeInterval": "default", "isTimeInterval": false, "changeWorkspace": false, "disableFuncList": false, "currentChartType": "table", "showFieldMapping": false, "valColorMappings": [{"field": "Ready", "value": ["0"], "bgColor": "#FC9C0E", "fontColor": "", "lineColor": "", "operation": "="}, {"field": "Ready", "value": ["0"], "bgColor": "#05FC12", "fontColor": "", "lineColor": "", "operation": ">"}, {"field": "Restart", "value": ["0"], "bgColor": "#F6474F", "fontColor": "", "lineColor": "", "operation": ">"}, {"field": "Restart", "value": ["0"], "bgColor": "#1AF908", "fontColor": "", "lineColor": "", "operation": "="}, {"field": "Status", "value": ["CrashLoopBackOff"], "bgColor": "#F93D34", "fontColor": "", "lineColor": "", "operation": "="}, {"field": "Status", "value": ["Failed"], "bgColor": "#FC1805", "fontColor": "", "lineColor": "", "operation": "="}, {"field": "Status", "value": ["Running"], "bgColor": "#05FC12", "fontColor": "", "lineColor": "", "operation": "="}, {"field": "Status", "value": ["Succeeded"], "bgColor": "#05FC12", "fontColor": "", "lineColor": "", "operation": "="}], "scientificNotation": true, "mainMeasurementSort": "top", "mainMeasurementLimit": 50, "openThousandsSeparator": false, "mainMeasurementQueryCode": "D"}, "fixedTime": {"key": "5m", "text": "\u6700\u8fd1 5 \u5206\u949f"}, "isRefresh": false}, "group": {"name": "Overview"}, "name": "Pod List", "pos": {"h": 40, "w": 12, "x": 0, "y": 22}, "type": "table", "queries": [{"name": "", "type": "table", "unit": "", "color": "", "qtype": "dql", "query": {"q": "M::`kube_pod`:(last(`ready`) AS `Ready`) { `cluster_name_k8s` = '#{cluster_name_k8s}' and `namespace` = '#{namespace}' and `node_name` = '#{node_name}' } BY `cluster_name_k8s`, `namespace`, `pod_name`", "code": "F", "fill": "", "type": "simple", "alias": "Ready", "field": "ready", "search": "", "filters": [{"id": "543626e0-23e6-11ef-8cfa-e39fa2adb3b2", "op": "=", "name": "cluster_name_k8s", "type": "keyword", "logic": "and", "value": "#{cluster_name_k8s}", "values": []}, {"id": "569302a0-23e6-11ef-8cfa-e39fa2adb3b2", "op": "=", "name": "namespace", "type": "keyword", "logic": "and", "value": "#{namespace}", "values": []}, {"id": "d9eae500-ab09-11ef-8d9d-cd372caee203", "op": "=", "name": "node_name", "type": "keyword", "logic": "and", "value": "#{node_name}", "values": []}], "groupBy": ["cluster_name_k8s", "namespace", "pod_name"], "funcList": [], "fieldFunc": "last", "fieldType": "float", "namespace": "metric", "dataSource": "kube_pod", "queryFuncs": [], "groupByTime": "", "indexFilter": "", "additionalFields": null}, "datasource": "dataflux"}, {"name": "", "type": "table", "unit": "", "color": "", "qtype": "dql", "query": {"q": "O::`kubelet_pod`:(last(`status`) AS `Status`) { `cluster_name_k8s` = '#{cluster_name_k8s}' and `namespace` = '#{namespace}' and `node_name` = '#{node_name}' } BY `cluster_name_k8s`, `namespace`, `pod_name`", "code": "B", "fill": null, "type": "simple", "alias": "Status", "field": "status", "fillNum": null, "filters": [{"id": "7b82d920-ad4b-11ef-b521-757e4b4c1f88", "op": "=", "name": "cluster_name_k8s", "type": "", "logic": "and", "value": "#{cluster_name_k8s}", "values": []}, {"id": "7b82d921-ad4b-11ef-b521-757e4b4c1f88", "op": "=", "name": "namespace", "type": "", "logic": "and", "value": "#{namespace}", "values": []}, {"id": "7b82d922-ad4b-11ef-b521-757e4b4c1f88", "op": "=", "name": "node_name", "type": "", "logic": "and", "value": "#{node_name}", "values": []}], "groupBy": ["cluster_name_k8s", "namespace", "pod_name"], "labelOp": "", "funcList": [], "fieldFunc": "last", "fieldType": "keyword", "namespace": "object", "dataSource": "kubelet_pod", "queryFuncs": [], "withLabels": [], "groupByTime": "", "indexFilter": "default"}, "disabled": false, "datasource": "dataflux"}, {"name": "", "type": "table", "unit": "", "color": "", "qtype": "dql", "query": {"q": "O::`kubelet_pod`:(avg(`restarts`) AS `Restart`) { `cluster_name_k8s` = '#{cluster_name_k8s}' and `namespace` = '#{namespace}' } BY `cluster_name_k8s`, `namespace`, `pod_name`", "code": "D", "fill": null, "type": "simple", "alias": "Restart", "field": "restarts", "fillNum": null, "filters": [{"id": "d4c29ac0-aae9-11ef-b222-27643f2fedfc", "op": "=", "name": "cluster_name_k8s", "type": "", "logic": "and", "value": "#{cluster_name_k8s}", "values": []}, {"id": "d4c29ac1-aae9-11ef-b222-27643f2fedfc", "op": "=", "name": "namespace", "type": "", "logic": "and", "value": "#{namespace}", "values": []}], "groupBy": ["cluster_name_k8s", "namespace", "pod_name"], "labelOp": "", "funcList": [], "fieldFunc": "avg", "fieldType": "long", "namespace": "object", "dataSource": "kubelet_pod", "queryFuncs": [], "withLabels": [], "groupByTime": "", "indexFilter": "default"}, "datasource": "dataflux"}, {"name": "", "type": "table", "unit": "", "color": "", "qtype": "dql", "query": {"q": "O::`kubelet_pod`:(last(`pod_ip`) AS `Pod IP`) { `cluster_name_k8s` = '#{cluster_name_k8s}' and `namespace` = '#{namespace}' and `node_name` = '#{node_name}' } BY `cluster_name_k8s`, `namespace`, `pod_name`", "code": "J", "fill": null, "type": "simple", "alias": "Pod IP", "field": "pod_ip", "fillNum": null, "filters": [{"id": "f9b7a4e0-aa37-11ef-b5f2-516fb461b699", "op": "=", "name": "cluster_name_k8s", "type": "", "logic": "and", "value": "#{cluster_name_k8s}", "values": []}, {"id": "f9b7a4e1-aa37-11ef-b5f2-516fb461b699", "op": "=", "name": "namespace", "type": "", "logic": "and", "value": "#{namespace}", "values": []}, {"id": "e4834c00-ab09-11ef-8d9d-cd372caee203", "op": "=", "name": "node_name", "type": "keyword", "logic": "and", "value": "#{node_name}", "values": []}], "groupBy": ["cluster_name_k8s", "namespace", "pod_name"], "labelOp": "", "funcList": [], "fieldFunc": "last", "fieldType": "keyword", "namespace": "object", "dataSource": "kubelet_pod", "queryFuncs": [], "withLabels": [], "groupByTime": "", "indexFilter": "default"}, "disabled": false, "datasource": "dataflux"}, {"name": "", "type": "table", "unit": "", "color": "", "qtype": "dql", "query": {"q": "O::`kubelet_pod`:(last(`node_name`) AS `Node IP`) { `cluster_name_k8s` = '#{cluster_name_k8s}' and `namespace` = '#{namespace}' and `node_name` = '#{node_name}' } BY `cluster_name_k8s`, `namespace`, `pod_name`", "code": "C", "fill": "", "type": "simple", "alias": "Node IP", "field": "node_name", "rollup": "", "search": "", "filters": [{"id": "3964c2d0-aa38-11ef-b5f2-516fb461b699", "op": "=", "name": "cluster_name_k8s", "type": "keyword", "logic": "and", "value": "#{cluster_name_k8s}", "values": []}, {"id": "3ea86ad0-aa38-11ef-b5f2-516fb461b699", "op": "=", "name": "namespace", "type": "keyword", "logic": "and", "value": "#{namespace}", "values": []}, {"id": "ec33d550-ab09-11ef-8d9d-cd372caee203", "op": "=", "name": "node_name", "type": "keyword", "logic": "and", "value": "#{node_name}", "values": []}], "groupBy": ["cluster_name_k8s", "namespace", "pod_name"], "funcList": [], "fieldFunc": "last", "fieldType": "keyword", "namespace": "object", "dataSource": "kubelet_pod", "queryFuncs": [], "groupByTime": "", "indexFilter": "", "additionalFields": null}, "datasource": "dataflux"}, {"name": "", "type": "table", "unit": "", "color": "", "qtype": "dql", "query": {"q": "O::`kubelet_pod`:(last(`age`) AS `Age`) { `cluster_name_k8s` = '#{cluster_name_k8s}' and `namespace` = '#{namespace}' and `node_name` = '#{node_name}' } BY `cluster_name_k8s`, `namespace`, `pod_name`", "code": "A", "fill": null, "type": "simple", "alias": "Age", "field": "age", "fillNum": null, "filters": [{"id": "ae145530-a9a9-11ef-8ab0-cd9723476a71", "op": "=", "name": "cluster_name_k8s", "type": "", "logic": "and", "value": "#{cluster_name_k8s}", "values": []}, {"id": "ae145531-a9a9-11ef-8ab0-cd9723476a71", "op": "=", "name": "namespace", "type": "", "logic": "and", "value": "#{namespace}", "values": []}, {"id": "f11b5390-ab09-11ef-8d9d-cd372caee203", "op": "=", "name": "node_name", "type": "keyword", "logic": "and", "value": "#{node_name}", "values": []}], "groupBy": ["cluster_name_k8s", "namespace", "pod_name"], "labelOp": "", "funcList": [], "fieldFunc": "last", "fieldType": "long", "namespace": "object", "dataSource": "kubelet_pod", "queryFuncs": [], "withLabels": [], "groupByTime": "", "indexFilter": "default"}, "datasource": "dataflux"}]}, {"extend": {"settings": {"alias": [], "index": "default", "units": [], "colors": [], "levels": [], "unitType": "global", "fixedTime": "15m", "inColumns": [{"field": "time", "headerName": "\u65f6\u95f4"}], "showTitle": true, "titleDesc": "", "addColumns": [{"hide": true, "field": "status"}, {"hide": true, "field": "__docid"}, {"field": "type"}, {"field": "reason"}, {"field": "involved_kind", "headerName": " Kind"}, {"field": "message"}], "globalUnit": [], "isSampling": true, "valMappings": [], "timeInterval": "", "isTimeInterval": false, "changeWorkspace": false, "currentChartType": "log", "showFieldMapping": false, "valColorMappings": []}, "fixedTime": {"key": "15m", "text": "\u6700\u8fd1 15 \u5206\u949f"}, "isRefresh": true}, "group": {"name": "Overview"}, "name": "Events", "pos": {"h": 18, "w": 12, "x": 12, "y": 24}, "type": "log", "queries": [{"name": "", "type": "log", "unit": "", "color": "", "qtype": "dql", "query": {"q": "L('default')::`kubernetes_events`:(`status`, `__docid`, `type`, `reason`, `involved_kind`, `message`) { `cluster_name_k8s` = '#{cluster_name_k8s}' and `involved_namespace` = '#{namespace}' and `involved_kind` = 'Pod' }", "code": "A", "fill": null, "type": "simple", "alias": "\u5185\u5bb9", "field": null, "fields": [{"hide": true, "field": "status"}, {"hide": true, "field": "__docid"}, {"field": "type"}, {"field": "reason"}, {"alias": " Kind", "field": "involved_kind", "isEditAlias": false}, {"field": "message"}], "search": "", "filters": [{"id": "e5bdd780-e119-11ee-978f-3d44f2ab31b0", "op": "=", "name": "cluster_name_k8s", "type": "keyword", "logic": "and", "value": "#{cluster_name_k8s}", "values": []}, {"id": "3fd10410-ada0-11ef-a67a-1ba4748debc8", "op": "=", "name": "involved_namespace", "type": "keyword", "logic": "and", "value": "#{namespace}", "values": []}, {"id": "bfe73cf0-ada0-11ef-a67a-1ba4748debc8", "op": "=", "name": "involved_kind", "type": "keyword", "logic": "and", "value": "Pod", "values": []}], "groupBy": [], "funcList": [], "fieldFunc": "count", "fieldType": "keyword", "highlight": true, "namespace": "logging", "dataSource": "kubernetes_events", "queryFuncs": [], "groupByTime": "", "indexFilter": "default", "disableMultipleField": false}, "datasource": "dataflux", "noTimeRange": false}]}], "groups": [{"name": "Overview", "extend": {}}, {"name": "Pods", "extend": {}}, {"name": "Containers", "extend": {}}, {"name": "Network", "extend": {}}], "type": "template"}, "identifier": "guance-k8s-pods-overview"}