{"title": "Kubernetes Pod Detail", "dashboardType": "CUSTOM", "dashboardExtend": {"groupUnfoldStatus": {"CPU": true, "Pods": true, "Memory": true, "Network": true, "Overview": true, "Containers": true, "Deployment": true, "Compute Resource": false}}, "dashboardMapping": [], "dashboardOwnerType": "node", "iconSet": {"url": "https://static-res.guance.com/dataflux-template/dashboard/zh/kubernetes_by_pods/kubernetes_by_pods.png", "icon": "https://static-res.guance.com/dataflux-template/dashboard/zh/kubernetes_by_pods/icon.svg"}, "dashboardBindSet": [], "thumbnail": "", "tagInfo": [{"name": "Kubernetes"}], "summary": "", "main": {"vars": [{"name": "Cluster", "seq": 0, "datasource": "dataflux", "code": "cluster_name_k8s", "type": "QUERY", "definition": {"tag": "", "field": "", "value": "show_tag_value(from=['kube_pod'], keyin=['cluster_name_k8s'])[5m]", "metric": "", "object": "", "defaultVal": {"label": "__all__", "value": "__all__"}}, "valueSort": "default", "hide": 0, "isHiddenAsterisk": 0, "multiple": true, "includeStar": false, "extend": {}}, {"name": "Namespace", "seq": 1, "datasource": "dataflux", "code": "namespace", "type": "QUERY", "definition": {"tag": "", "field": "", "value": "show_tag_value(from=['kube_pod'], keyin=['namespace']){cluster_name_k8s='#{cluster_name_k8s}'}[5m]", "metric": "", "object": "", "defaultVal": {"label": "__all__", "value": "__all__"}}, "valueSort": "default", "hide": 0, "isHiddenAsterisk": 0, "multiple": true, "includeStar": false, "extend": {}}, {"name": "Pod", "seq": 2, "datasource": "dataflux", "code": "pod_name", "type": "QUERY", "definition": {"tag": "", "field": "", "value": "SHOW_TAG_VALUE(from=['kube_pod'], keyin=['pod_name']){cluster_name_k8s='#{cluster_name_k8s}',namespace='#{namespace}'}[5m]", "metric": "", "object": "", "defaultVal": {"label": "", "value": ""}}, "valueSort": "asc", "hide": 0, "isHiddenAsterisk": 0, "multiple": true, "includeStar": true, "extend": {}}], "charts": [{"extend": {"links": [{"url": "/logIndi/log/all?time=#{TR}&query=#{T}", "open": "newWin", "show": false, "type": "logging"}, {"url": "/objectadmin/docker_containers?routerTabActive=ObjectadminDocker&time=#{TR}&query=#{T}", "open": "newWin", "show": true, "type": "container"}, {"url": "/objectadmin/host_processes?routerTabActive=ObjectadminProcesses&time=#{TR}&query=#{T}", "open": "newWin", "show": false, "type": "processes"}, {"url": "/tracing/link/all?time=#{TR}&query=#{T}", "open": "newWin", "show": false, "type": "tracing"}], "settings": {"alias": [{"key": "cpu_usage", "name": "cpu_usage", "alias": "{{pod_name}}"}], "units": [], "colors": [], "levels": [], "slimit": 20, "density": "medium", "showLine": false, "unitType": "global", "chartType": "areaLine", "fixedTime": "", "isPercent": false, "openStack": false, "precision": "2", "showLabel": false, "showTitle": true, "stackType": "time", "titleDesc": "", "globalUnit": [], "isSampling": true, "compareType": "", "openCompare": false, "yAxixMaxVal": null, "yAxixMinVal": null, "aliasVersion": 2, "compareTitle": "", "connectNulls": true, "legendValues": ["last", "avg"], "timeInterval": "default", "compareColors": {"dayCompare": "rgba(11,11,12,0.5)", "hourCompare": "#0B0B0C", "weekCompare": "rgba(11,11,12,0.3)", "monthCompare": "rgba(11,11,12,0.12)"}, "legendPostion": "right", "maxPointCount": 360, "sorderByOrder": "desc", "xAxisShowType": "time", "isTimeInterval": true, "changeWorkspace": false, "currentChartType": "sequence", "showFieldMapping": false, "compareColorsDark": {"dayCompare": "rgba(213,217,226,0.5)", "hourCompare": "#D5D9E2", "weekCompare": "rgba(213,217,226,0.25)", "monthCompare": "rgba(213,217,226,0.12)"}, "onlyShowGroupName": false, "compareColorsLight": {"dayCompare": "rgba(11,11,12,0.5)", "hourCompare": "#0B0B0C", "weekCompare": "rgba(11,11,12,0.3)", "monthCompare": "rgba(11,11,12,0.12)"}, "scientificNotation": true, "openThousandsSeparator": true, "mainMeasurementQueryCode": "A"}, "fixedTime": "", "isRefresh": false}, "group": {"name": "CPU"}, "name": "CPU Usage (%)", "pos": {"h": 23, "w": 12, "x": 0, "y": 0}, "type": "sequence", "queries": [{"name": "", "type": "sequence", "unit": "", "color": "", "qtype": "dql", "query": {"q": "M::`kube_pod`:(avg(`cpu_usage`) AS `cpu_usage`) { `cluster_name_k8s` = '#{cluster_name_k8s}' and `namespace` = '#{namespace}' and `pod_name` = '#{pod_name}' } BY `cluster_name_k8s`, `pod_name`", "code": "A", "fill": null, "type": "simple", "alias": "cpu_usage", "field": "cpu_usage", "fillNum": null, "filters": [{"id": "1acf3270-a9a1-11ef-a6c1-6bdd1ff2d14a", "op": "=", "name": "cluster_name_k8s", "type": "", "logic": "and", "value": "#{cluster_name_k8s}", "values": []}, {"id": "1acf3271-a9a1-11ef-a6c1-6bdd1ff2d14a", "op": "=", "name": "namespace", "type": "", "logic": "and", "value": "#{namespace}", "values": []}, {"id": "59134e60-aafd-11ef-bc11-a7809ca9e242", "op": "=", "name": "pod_name", "type": "keyword", "logic": "and", "value": "#{pod_name}", "values": []}], "groupBy": ["cluster_name_k8s", "pod_name"], "labelOp": "", "funcList": [], "fieldFunc": "avg", "fieldType": "float", "namespace": "metric", "dataSource": "kube_pod", "queryFuncs": [], "withLabels": [], "groupByTime": "", "indexFilter": "default"}, "datasource": "dataflux"}]}, {"extend": {"links": [{"url": "/logIndi/log/all?time=#{TR}&query=#{T}", "open": "newWin", "show": false, "type": "logging"}, {"url": "/objectadmin/docker_containers?routerTabActive=ObjectadminDocker&time=#{TR}&query=#{T}", "open": "newWin", "show": true, "type": "container"}, {"url": "/objectadmin/host_processes?routerTabActive=ObjectadminProcesses&time=#{TR}&query=#{T}", "open": "newWin", "show": false, "type": "processes"}, {"url": "/tracing/link/all?time=#{TR}&query=#{T}", "open": "newWin", "show": false, "type": "tracing"}], "settings": {"alias": [{"key": "mem_usage_percent", "name": "mem_usage_percent", "alias": "{{pod_name}}"}, {"key": "container_mem_usage_percent", "name": "container_mem_usage_percent", "alias": "{{container_name}}"}], "units": [], "colors": [], "levels": [], "slimit": 20, "density": "medium", "showLine": false, "unitType": "global", "chartType": "areaLine", "fixedTime": "", "isPercent": false, "openStack": false, "precision": "2", "showLabel": false, "showTitle": true, "stackType": "time", "titleDesc": "", "globalUnit": [], "isSampling": true, "compareType": "", "openCompare": false, "yAxixMaxVal": null, "yAxixMinVal": null, "aliasVersion": 2, "compareTitle": "", "connectNulls": true, "legendValues": ["last", "avg"], "timeInterval": "default", "compareColors": {"dayCompare": "rgba(11,11,12,0.5)", "hourCompare": "#0B0B0C", "weekCompare": "rgba(11,11,12,0.3)", "monthCompare": "rgba(11,11,12,0.12)"}, "legendPostion": "right", "maxPointCount": 360, "sorderByOrder": "desc", "xAxisShowType": "time", "isTimeInterval": true, "changeWorkspace": false, "currentChartType": "sequence", "showFieldMapping": false, "compareColorsDark": {"dayCompare": "rgba(213,217,226,0.5)", "hourCompare": "#D5D9E2", "weekCompare": "rgba(213,217,226,0.25)", "monthCompare": "rgba(213,217,226,0.12)"}, "onlyShowGroupName": false, "compareColorsLight": {"dayCompare": "rgba(11,11,12,0.5)", "hourCompare": "#0B0B0C", "weekCompare": "rgba(11,11,12,0.3)", "monthCompare": "rgba(11,11,12,0.12)"}, "scientificNotation": true, "openThousandsSeparator": true, "mainMeasurementQueryCode": "A"}, "fixedTime": "", "isRefresh": false}, "group": {"name": "Memory"}, "name": "Memory Usage (%)", "pos": {"h": 21, "w": 12, "x": 0, "y": 0}, "type": "sequence", "queries": [{"name": "", "type": "sequence", "unit": "", "color": "", "qtype": "dql", "query": {"q": "M::`kube_pod`:(avg(`memory_used_percent`) AS `mem_usage_percent`) { `cluster_name_k8s` = '#{cluster_name_k8s}' and `namespace` = '#{namespace}' and `pod_name` = '#{pod_name}' } BY `pod_name`", "code": "A", "fill": null, "type": "simple", "alias": "mem_usage_percent", "field": "memory_used_percent", "fillNum": null, "filters": [{"id": "226686c0-ab07-11ef-8d8e-875318abd356", "op": "=", "name": "cluster_name_k8s", "type": "", "logic": "and", "value": "#{cluster_name_k8s}", "values": []}, {"id": "226686c1-ab07-11ef-8d8e-875318abd356", "op": "=", "name": "namespace", "type": "", "logic": "and", "value": "#{namespace}", "values": []}, {"id": "226686c2-ab07-11ef-8d8e-875318abd356", "op": "=", "name": "pod_name", "type": "", "logic": "and", "value": "#{pod_name}", "values": []}], "groupBy": ["pod_name"], "labelOp": "", "funcList": [], "fieldFunc": "avg", "fieldType": "float", "namespace": "metric", "dataSource": "kube_pod", "queryFuncs": [], "withLabels": [], "groupByTime": "", "indexFilter": "default"}, "datasource": "dataflux"}]}, {"extend": {"links": [{"url": "/logIndi/log/all?time=#{TR}&query=#{T}", "open": "newWin", "show": false, "type": "logging"}, {"url": "/objectadmin/docker_containers?routerTabActive=ObjectadminDocker&time=#{TR}&query=#{T}", "open": "newWin", "show": true, "type": "container"}, {"url": "/objectadmin/host_processes?routerTabActive=ObjectadminProcesses&time=#{TR}&query=#{T}", "open": "newWin", "show": false, "type": "processes"}, {"url": "/tracing/link/all?time=#{TR}&query=#{T}", "open": "newWin", "show": false, "type": "tracing"}], "settings": {"alias": [{"key": "non_negative_derivative(rcvd)", "name": "non_negative_derivative(rcvd)", "alias": "{{pod_name}}"}], "units": [], "colors": [], "levels": [], "slimit": 50, "showLine": false, "unitType": "global", "chartType": "areaLine", "fixedTime": "", "isPercent": false, "openStack": false, "precision": "2", "showLabel": false, "showTitle": true, "stackType": "time", "titleDesc": "", "globalUnit": ["traffic", "B/S"], "isSampling": true, "compareType": [], "openCompare": false, "yAxixMaxVal": null, "yAxixMinVal": null, "aliasVersion": 2, "connectNulls": true, "legendValues": ["last", "avg"], "timeInterval": "auto", "legendPostion": "right", "maxPointCount": null, "sorderByOrder": "desc", "xAxisShowType": "time", "isTimeInterval": true, "changeWorkspace": false, "currentChartType": "sequence", "showFieldMapping": false, "onlyShowGroupName": false, "scientificNotation": true, "openThousandsSeparator": true, "mainMeasurementQueryCode": "B"}, "fixedTime": "", "isRefresh": false, "fixedGroupByTime": null}, "group": {"name": "Network"}, "name": "Network Received", "pos": {"h": 23, "w": 12, "x": 0, "y": 0}, "type": "sequence", "queries": [{"name": "", "type": "sequence", "unit": "", "color": "", "qtype": "dql", "query": {"q": "non_negative_derivative(\"M::`kube_pod`:(avg(`network_bytes_rcvd`) AS `rcvd`) { `cluster_name_k8s` = '#{cluster_name_k8s}' and `namespace` = '#{namespace}' and `pod_name` = '#{pod_name}' } BY `pod_name`\")", "code": "B", "fill": null, "type": "simple", "alias": "rcvd", "field": "network_bytes_rcvd", "filters": [{"id": "37b52600-a993-11ef-abf0-e348eb84571c", "op": "=", "name": "cluster_name_k8s", "type": "keyword", "logic": "and", "value": "#{cluster_name_k8s}", "values": []}, {"id": "39e4b030-a993-11ef-abf0-e348eb84571c", "op": "=", "name": "namespace", "type": "keyword", "logic": "and", "value": "#{namespace}", "values": []}, {"id": "b1f31380-aafd-11ef-bc11-a7809ca9e242", "op": "=", "name": "pod_name", "type": "keyword", "logic": "and", "value": "#{pod_name}", "values": []}], "groupBy": ["pod_name"], "funcList": [], "fieldFunc": "avg", "fieldType": "float", "namespace": "metric", "dataSource": "kube_pod", "queryFuncs": [{"args": [], "name": "non_negative_derivative"}], "groupByTime": "", "indexFilter": "", "additionalFields": null}, "datasource": "dataflux"}]}, {"extend": {"links": [{"url": "/logIndi/log/all?time=#{TR}&query=#{T}", "open": "newWin", "show": false, "type": "logging"}, {"url": "/objectadmin/docker_containers?routerTabActive=ObjectadminDocker&time=#{TR}&query=#{T}", "open": "newWin", "show": true, "type": "container"}, {"url": "/objectadmin/host_processes?routerTabActive=ObjectadminProcesses&time=#{TR}&query=#{T}", "open": "newWin", "show": false, "type": "processes"}, {"url": "/tracing/link/all?time=#{TR}&query=#{T}", "open": "newWin", "show": false, "type": "tracing"}], "settings": {"alias": [{"key": "non_negative_derivative(sent)", "name": "non_negative_derivative(sent)", "alias": "{{pod_name}}"}], "units": [], "colors": [], "levels": [], "slimit": 50, "showLine": false, "unitType": "global", "chartType": "areaLine", "fixedTime": "", "isPercent": false, "openStack": false, "precision": "2", "showLabel": false, "showTitle": true, "stackType": "time", "titleDesc": "", "globalUnit": ["traffic", "B/S"], "isSampling": true, "compareType": [], "openCompare": false, "yAxixMaxVal": null, "yAxixMinVal": null, "aliasVersion": 2, "connectNulls": true, "legendValues": ["last", "avg"], "timeInterval": "auto", "legendPostion": "right", "maxPointCount": null, "sorderByOrder": "desc", "xAxisShowType": "time", "isTimeInterval": true, "changeWorkspace": false, "currentChartType": "sequence", "showFieldMapping": false, "onlyShowGroupName": false, "scientificNotation": true, "openThousandsSeparator": true, "mainMeasurementQueryCode": "B"}, "fixedTime": "", "isRefresh": false, "fixedGroupByTime": null}, "group": {"name": "Network"}, "name": "Network Transmit", "pos": {"h": 23, "w": 12, "x": 12, "y": 0}, "type": "sequence", "queries": [{"name": "", "type": "sequence", "unit": "", "color": "", "qtype": "dql", "query": {"q": "non_negative_derivative(\"M::`kube_pod`:(avg(`network_bytes_sent`) AS `sent`) { `cluster_name_k8s` = '#{cluster_name_k8s}' and `namespace` = '#{namespace}' and `pod_name` = '#{pod_name}' } BY `pod_name`\")", "code": "B", "fill": null, "type": "simple", "alias": "sent", "field": "network_bytes_sent", "filters": [{"id": "90c8a550-a993-11ef-abf0-e348eb84571c", "op": "=", "name": "cluster_name_k8s", "type": "keyword", "logic": "and", "value": "#{cluster_name_k8s}", "values": []}, {"id": "92f23c10-a993-11ef-abf0-e348eb84571c", "op": "=", "name": "namespace", "type": "keyword", "logic": "and", "value": "#{namespace}", "values": []}, {"id": "bc925850-aafd-11ef-bc11-a7809ca9e242", "op": "=", "name": "pod_name", "type": "keyword", "logic": "and", "value": "#{pod_name}", "values": []}], "groupBy": ["pod_name"], "funcList": [], "fieldFunc": "avg", "fieldType": "float", "namespace": "metric", "dataSource": "kube_pod", "queryFuncs": [{"args": [], "name": "non_negative_derivative"}], "groupByTime": "", "indexFilter": "", "additionalFields": null}, "datasource": "dataflux"}]}, {"extend": {"links": [{"url": "/logIndi/log/all?time=#{TR}&query=#{T}", "open": "newWin", "show": false, "type": "logging"}, {"url": "/objectadmin/docker_containers?routerTabActive=ObjectadminDocker&time=#{TR}&query=#{T}", "open": "newWin", "show": true, "type": "container"}, {"url": "/objectadmin/host_processes?routerTabActive=ObjectadminProcesses&time=#{TR}&query=#{T}", "open": "newWin", "show": false, "type": "processes"}, {"url": "/tracing/link/all?time=#{TR}&query=#{T}", "open": "newWin", "show": false, "type": "tracing"}], "settings": {"alias": [{"key": "cpu_usage_millicores", "name": "cpu_usage_millicores", "alias": "{{pod_name}}"}], "units": [{"key": "cpu_usage_millicores", "name": "cpu_usage_millicores", "unit": "m", "units": ["custom", "m"]}], "colors": [], "levels": [], "slimit": 20, "density": "medium", "showLine": false, "unitType": "custom", "chartType": "areaLine", "fixedTime": "", "isPercent": false, "openStack": false, "precision": "2", "showLabel": false, "showTitle": true, "stackType": "time", "titleDesc": "", "globalUnit": [], "isSampling": true, "compareType": "", "openCompare": false, "yAxixMaxVal": null, "yAxixMinVal": null, "aliasVersion": 2, "compareTitle": "", "connectNulls": true, "legendValues": ["last", "avg"], "timeInterval": "default", "compareColors": {"dayCompare": "rgba(11,11,12,0.5)", "hourCompare": "#0B0B0C", "weekCompare": "rgba(11,11,12,0.3)", "monthCompare": "rgba(11,11,12,0.12)"}, "legendPostion": "right", "maxPointCount": 360, "sorderByOrder": "desc", "xAxisShowType": "time", "isTimeInterval": true, "changeWorkspace": false, "currentChartType": "sequence", "showFieldMapping": false, "compareColorsDark": {"dayCompare": "rgba(213,217,226,0.5)", "hourCompare": "#D5D9E2", "weekCompare": "rgba(213,217,226,0.25)", "monthCompare": "rgba(213,217,226,0.12)"}, "onlyShowGroupName": false, "compareColorsLight": {"dayCompare": "rgba(11,11,12,0.5)", "hourCompare": "#0B0B0C", "weekCompare": "rgba(11,11,12,0.3)", "monthCompare": "rgba(11,11,12,0.12)"}, "scientificNotation": true, "openThousandsSeparator": true, "mainMeasurementQueryCode": "A"}, "fixedTime": "", "isRefresh": false}, "group": {"name": "CPU"}, "name": "CPU Usage By Cores", "pos": {"h": 23, "w": 12, "x": 12, "y": 0}, "type": "sequence", "queries": [{"name": "", "type": "sequence", "unit": "", "color": "", "qtype": "dql", "query": {"q": "M::`kube_pod`:(last(`cpu_usage_millicores`) AS `cpu_usage_millicores`) { `cluster_name_k8s` = '#{cluster_name_k8s}' and `namespace` = '#{namespace}' and `pod_name` = '#{pod_name}' } BY `cluster_name_k8s`, `pod_name`", "code": "A", "fill": null, "type": "simple", "alias": "cpu_usage_millicores", "field": "cpu_usage_millicores", "fillNum": null, "filters": [{"id": "a5f86e20-aae1-11ef-a801-7b95acd33a0b", "op": "=", "name": "cluster_name_k8s", "type": "", "logic": "and", "value": "#{cluster_name_k8s}", "values": []}, {"id": "a5f86e21-aae1-11ef-a801-7b95acd33a0b", "op": "=", "name": "namespace", "type": "", "logic": "and", "value": "#{namespace}", "values": []}, {"id": "82e41c10-aafd-11ef-bc11-a7809ca9e242", "op": "=", "name": "pod_name", "type": "keyword", "logic": "and", "value": "#{pod_name}", "values": []}], "groupBy": ["cluster_name_k8s", "pod_name"], "labelOp": "", "funcList": [], "fieldFunc": "last", "fieldType": "float", "namespace": "metric", "dataSource": "kube_pod", "queryFuncs": [], "withLabels": [], "groupByTime": "", "indexFilter": "default"}, "datasource": "dataflux"}]}, {"extend": {"links": [{"url": "/logIndi/log/all?time=#{TR}&query=#{T}", "open": "newWin", "show": false, "type": "logging"}, {"url": "/objectadmin/docker_containers?routerTabActive=ObjectadminDocker&time=#{TR}&query=#{T}", "open": "newWin", "show": true, "type": "container"}, {"url": "/objectadmin/host_processes?routerTabActive=ObjectadminProcesses&time=#{TR}&query=#{T}", "open": "newWin", "show": false, "type": "processes"}, {"url": "/tracing/link/all?time=#{TR}&query=#{T}", "open": "newWin", "show": false, "type": "tracing"}], "settings": {"alias": [{"key": "mem_usage", "name": "mem_usage", "alias": "{{pod_name}}"}], "units": [], "colors": [], "levels": [], "slimit": 20, "density": "medium", "showLine": false, "unitType": "global", "chartType": "areaLine", "fixedTime": "", "isPercent": false, "openStack": false, "precision": "2", "showLabel": false, "showTitle": true, "stackType": "time", "titleDesc": "", "globalUnit": [], "isSampling": true, "compareType": "", "openCompare": false, "yAxixMaxVal": null, "yAxixMinVal": null, "aliasVersion": 2, "compareTitle": "", "connectNulls": true, "legendValues": ["last", "avg"], "timeInterval": "default", "compareColors": {"dayCompare": "rgba(11,11,12,0.5)", "hourCompare": "#0B0B0C", "weekCompare": "rgba(11,11,12,0.3)", "monthCompare": "rgba(11,11,12,0.12)"}, "legendPostion": "right", "maxPointCount": 360, "sorderByOrder": "desc", "xAxisShowType": "time", "isTimeInterval": true, "changeWorkspace": false, "currentChartType": "sequence", "showFieldMapping": false, "compareColorsDark": {"dayCompare": "rgba(213,217,226,0.5)", "hourCompare": "#D5D9E2", "weekCompare": "rgba(213,217,226,0.25)", "monthCompare": "rgba(213,217,226,0.12)"}, "onlyShowGroupName": false, "compareColorsLight": {"dayCompare": "rgba(11,11,12,0.5)", "hourCompare": "#0B0B0C", "weekCompare": "rgba(11,11,12,0.3)", "monthCompare": "rgba(11,11,12,0.12)"}, "scientificNotation": true, "openThousandsSeparator": true, "mainMeasurementQueryCode": "A"}, "fixedTime": "", "isRefresh": false}, "group": {"name": "Memory"}, "name": "Memory Usage", "pos": {"h": 21, "w": 12, "x": 12, "y": 0}, "type": "sequence", "queries": [{"name": "", "type": "sequence", "unit": "", "color": "", "qtype": "dql", "query": {"q": "M::`kube_pod`:(avg(`memory_usage_bytes`) AS `mem_usage`) { `cluster_name_k8s` = '#{cluster_name_k8s}' and `namespace` = '#{namespace}' and `pod_name` = '#{pod_name}' } BY `pod_name`", "code": "A", "fill": null, "type": "simple", "alias": "mem_usage", "field": "memory_usage_bytes", "filters": [{"id": "383fd440-e7ca-11ec-a28f-5d05bd55e058", "op": "=", "name": "cluster_name_k8s", "type": "", "logic": "and", "value": "#{cluster_name_k8s}"}, {"id": "3c7e4140-e7ca-11ec-a28f-5d05bd55e058", "op": "=", "name": "namespace", "type": "", "logic": "and", "value": "#{namespace}"}, {"id": "da9bdbf0-aafd-11ef-bc11-a7809ca9e242", "op": "=", "name": "pod_name", "type": "keyword", "logic": "and", "value": "#{pod_name}", "values": []}], "groupBy": ["pod_name"], "funcList": [], "fieldFunc": "avg", "fieldType": "float", "namespace": "metric", "dataSource": "kube_pod", "queryFuncs": [], "groupByTime": ""}, "datasource": "dataflux"}]}, {"extend": {"links": [{"url": "/logIndi/log/all?time=#{TR}&query=#{T}", "open": "newWin", "show": false, "type": "logging"}, {"url": "/objectadmin/docker_containers?routerTabActive=ObjectadminDocker&time=#{TR}&query=#{T}", "open": "newWin", "show": true, "type": "container"}, {"url": "/objectadmin/host_processes?routerTabActive=ObjectadminProcesses&time=#{TR}&query=#{T}", "open": "newWin", "show": false, "type": "processes"}, {"url": "/tracing/link/all?time=#{TR}&query=#{T}", "open": "newWin", "show": false, "type": "tracing"}], "settings": {"alias": [{"key": "cpu_limit", "name": "cpu_limit", "alias": "CPU Limits"}, {"key": "mem_limit", "name": "mem_limit", "alias": "Memory Limits"}, {"key": "mem_usage", "name": "mem_usage", "alias": "Memory Usage"}, {"key": "cpu_usage", "name": "cpu_usage", "alias": "CPU Usage"}, {"key": "network_in", "name": "network_in", "alias": "Network Receive"}, {"key": "network_out", "name": "network_out", "alias": "Network Transmit"}, {"key": "mem_used_percent", "name": "mem_used_percent", "alias": "Memory Usage %"}], "units": [], "colors": [], "levels": [], "slimit": 20, "pageSize": 0, "unitType": "custom", "fixedTime": "", "precision": "2", "queryMode": "toGroupColumn", "showTitle": true, "titleDesc": "", "globalUnit": [], "isSampling": true, "showColumns": [], "valMappings": [], "aliasVersion": 2, "timeInterval": "auto", "isTimeInterval": false, "changeWorkspace": false, "currentChartType": "table", "showFieldMapping": false, "valColorMappings": [{"field": "cpu_usage", "value": [0, 50], "bgColor": "#35D652", "fontColor": "", "lineColor": "", "operation": "between"}, {"field": "cpu_usage", "value": [50, 90], "bgColor": "#F97A11", "fontColor": "", "lineColor": "", "operation": "between"}, {"field": "cpu_usage", "value": ["90"], "bgColor": "#FE0411", "fontColor": "", "lineColor": "", "operation": ">"}, {"field": "mem_used_percent", "value": [0, 50], "bgColor": "#35D652", "fontColor": "", "lineColor": "", "operation": "between"}, {"field": "mem_used_percent", "value": [50, 90], "bgColor": "#F97A11", "fontColor": "", "lineColor": "", "operation": "between"}, {"field": "mem_used_percent", "value": ["90"], "bgColor": "#FE0411", "fontColor": "", "lineColor": "", "operation": ">"}], "mainMeasurementSort": "top", "mainMeasurementLimit": 20, "openThousandsSeparator": false, "mainMeasurementQueryCode": "E"}, "fixedTime": "", "isRefresh": false}, "group": {"name": "Containers"}, "name": "Container List", "pos": {"h": 18, "w": 24, "x": 0, "y": 0}, "type": "table", "queries": [{"name": "", "type": "table", "unit": "", "color": "", "qtype": "dql", "query": {"q": "M::`docker_containers`:(avg(`cpu_usage`) AS `cpu_usage`) { `cluster_name_k8s` = '#{cluster_name_k8s}' and `namespace` = '#{namespace}' and `pod_name` = '#{pod_name}' } BY `container_name`, `pod_name`", "code": "E", "fill": null, "type": "dql", "alias": "cpu_usage", "field": "cpu_usage", "index": "default", "fillNum": null, "filters": [{"op": "=", "name": "cluster_name_k8s", "type": "", "logic": "and", "value": "#{cluster_name_k8s}", "values": []}, {"op": "=", "name": "namespace", "type": "", "logic": "and", "value": "#{namespace}", "values": []}, {"op": "=", "name": "pod_name", "type": "", "logic": "and", "value": "#{pod_name}", "values": []}], "groupBy": ["container_name", "pod_name"], "indexes": ["default"], "labelOp": "", "funcList": [], "interval": "", "fieldFunc": "avg", "namespace": "metric", "dataSource": "docker_containers", "queryFuncs": [], "withLabels": [], "groupByTime": "", "indexFilter": "default", "dataSourceFunc": ""}, "datasource": "dataflux"}, {"name": "", "type": "table", "unit": "", "color": "", "qtype": "dql", "query": {"q": "M::`docker_containers`:(avg(`cpu_limit`) AS `cpu_limit`) { `cluster_name_k8s` = '#{cluster_name_k8s}' and `namespace` = '#{namespace}' and `pod_name` = '#{pod_name}' } BY `container_name`, `pod_name`", "code": "A", "fill": null, "type": "dql", "alias": "cpu_limit", "field": "cpu_limit", "index": "default", "fillNum": null, "filters": [{"op": "=", "name": "cluster_name_k8s", "type": "", "logic": "and", "value": "#{cluster_name_k8s}", "values": []}, {"op": "=", "name": "namespace", "type": "", "logic": "and", "value": "#{namespace}", "values": []}, {"op": "=", "name": "pod_name", "type": "", "logic": "and", "value": "#{pod_name}", "values": []}], "groupBy": ["container_name", "pod_name"], "indexes": ["default"], "labelOp": "", "funcList": [], "interval": "", "fieldFunc": "avg", "namespace": "metric", "dataSource": "docker_containers", "queryFuncs": [], "withLabels": [], "groupByTime": "", "indexFilter": "default", "dataSourceFunc": ""}, "datasource": "dataflux"}, {"name": "", "type": "table", "unit": "", "color": "", "qtype": "dql", "query": {"q": "M::`docker_containers`:(avg(`mem_used_percent`) AS `mem_used_percent`) { `cluster_name_k8s` = '#{cluster_name_k8s}' and `namespace` = '#{namespace}' and `pod_name` = '#{pod_name}' } BY `container_name`, `pod_name`", "code": "F", "fill": null, "type": "dql", "alias": "mem_used_percent", "field": "mem_used_percent", "index": "default", "fillNum": null, "filters": [{"op": "=", "name": "cluster_name_k8s", "type": "", "logic": "and", "value": "#{cluster_name_k8s}", "values": []}, {"op": "=", "name": "namespace", "type": "", "logic": "and", "value": "#{namespace}", "values": []}, {"op": "=", "name": "pod_name", "type": "", "logic": "and", "value": "#{pod_name}", "values": []}], "groupBy": ["container_name", "pod_name"], "indexes": ["default"], "labelOp": "", "funcList": [], "interval": "", "fieldFunc": "avg", "namespace": "metric", "dataSource": "docker_containers", "queryFuncs": [], "withLabels": [], "groupByTime": "", "indexFilter": "default", "dataSourceFunc": ""}, "datasource": "dataflux"}, {"name": "", "type": "table", "unit": "", "color": "", "qtype": "dql", "query": {"q": "M::`docker_containers`:(avg(`mem_usage`) AS `mem_usage`) { `cluster_name_k8s` = '#{cluster_name_k8s}' and `namespace` = '#{namespace}' and `pod_name` = '#{pod_name}' } BY `container_name`, `pod_name`", "code": "C", "fill": null, "type": "dql", "alias": "mem_usage", "field": "mem_usage", "index": "default", "fillNum": null, "filters": [{"op": "=", "name": "cluster_name_k8s", "type": "", "logic": "and", "value": "#{cluster_name_k8s}", "values": []}, {"op": "=", "name": "namespace", "type": "", "logic": "and", "value": "#{namespace}", "values": []}, {"op": "=", "name": "pod_name", "type": "", "logic": "and", "value": "#{pod_name}", "values": []}], "groupBy": ["container_name", "pod_name"], "indexes": ["default"], "labelOp": "", "funcList": [], "interval": "", "fieldFunc": "avg", "namespace": "metric", "dataSource": "docker_containers", "queryFuncs": [], "withLabels": [], "groupByTime": "", "indexFilter": "default", "dataSourceFunc": ""}, "datasource": "dataflux"}, {"name": "", "type": "table", "unit": "", "color": "", "qtype": "dql", "query": {"q": "M::`docker_containers`:(avg(`mem_limit`) AS `mem_limit`) { `cluster_name_k8s` = '#{cluster_name_k8s}' and `namespace` = '#{namespace}' and `pod_name` = '#{pod_name}' } BY `container_name`, `pod_name`", "code": "B", "fill": null, "type": "dql", "alias": "mem_limit", "field": "mem_limit", "index": "default", "fillNum": null, "filters": [{"op": "=", "name": "cluster_name_k8s", "type": "", "logic": "and", "value": "#{cluster_name_k8s}", "values": []}, {"op": "=", "name": "namespace", "type": "", "logic": "and", "value": "#{namespace}", "values": []}, {"op": "=", "name": "pod_name", "type": "", "logic": "and", "value": "#{pod_name}", "values": []}], "groupBy": ["container_name", "pod_name"], "indexes": ["default"], "labelOp": "", "funcList": [], "interval": "", "fieldFunc": "avg", "namespace": "metric", "dataSource": "docker_containers", "queryFuncs": [], "withLabels": [], "groupByTime": "", "indexFilter": "default", "dataSourceFunc": ""}, "datasource": "dataflux"}, {"name": "", "type": "table", "unit": "", "color": "", "qtype": "dql", "query": {"q": "O::`docker_containers`:(last(`age`) AS `Age`) { `cluster_name_k8s` = '#{cluster_name_k8s}' and `namespace` = '#{namespace}' and `pod_name` = '#{pod_name}' } BY `container_name`, `pod_name`", "code": "D", "fill": null, "type": "dql", "alias": "Age", "field": "age", "index": "default", "fillNum": null, "filters": [{"op": "=", "name": "cluster_name_k8s", "type": "", "logic": "and", "value": "#{cluster_name_k8s}", "values": []}, {"op": "=", "name": "namespace", "type": "", "logic": "and", "value": "#{namespace}", "values": []}, {"op": "=", "name": "pod_name", "type": "", "logic": "and", "value": "#{pod_name}", "values": []}], "groupBy": ["container_name", "pod_name"], "indexes": ["default"], "labelOp": "", "funcList": [], "interval": "", "fieldFunc": "last", "namespace": "object", "dataSource": "docker_containers", "queryFuncs": [], "withLabels": [], "groupByTime": "", "indexFilter": "default", "dataSourceFunc": ""}, "datasource": "dataflux"}]}], "groups": [{"name": "Containers", "extend": {}}, {"name": "CPU", "extend": {}}, {"name": "Memory", "extend": {}}, {"name": "Network", "extend": {}}], "type": "template"}, "identifier": "guance-k8s-pod-detail"}