{"title": "Kubernetes Workload  by Daemonset", "dashboardType": "CUSTOM", "dashboardExtend": {"groupUnfoldStatus": {"Pods": true, "Network": true, "Overview": true, "Containers": true, "Compute Resource": false}}, "dashboardMapping": [], "dashboardOwnerType": "node", "iconSet": {"url": "https://static-res.guance.com/dataflux-template/dashboard/zh/kubernetes_by_pods/kubernetes_by_pods.png", "icon": "https://static-res.guance.com/dataflux-template/dashboard/zh/kubernetes_by_pods/icon.svg"}, "dashboardBindSet": [], "thumbnail": "", "tagInfo": [{"name": "Kubernetes"}], "summary": "", "main": {"vars": [{"name": "Cluster", "seq": 0, "datasource": "dataflux", "code": "cluster_name_k8s", "type": "QUERY", "definition": {"tag": "", "field": "", "value": "show_tag_value(from=['kube_daemonset'], keyin=['cluster_name_k8s'])[5m]", "metric": "", "object": "", "defaultVal": {"label": "*", "value": "*"}}, "valueSort": "default", "hide": 0, "isHiddenAsterisk": 0, "multiple": false, "includeStar": true, "extend": {}}, {"name": "Namespace", "seq": 1, "datasource": "dataflux", "code": "namespace", "type": "QUERY", "definition": {"tag": "", "field": "", "value": "show_tag_value(from=['kube_daemonset'], keyin=['namespace']){cluster_name_k8s='#{cluster_name_k8s}'}[5m]", "metric": "", "object": "", "defaultVal": {"label": "__all__", "value": "__all__"}}, "valueSort": "default", "hide": 0, "isHiddenAsterisk": 0, "multiple": true, "includeStar": false, "extend": {}}, {"name": "Daemonset", "seq": 2, "datasource": "dataflux", "code": "daemonset", "type": "QUERY", "definition": {"tag": "", "field": "", "value": "show_tag_value(from=['kube_daemonset'], keyin=['daemonset']){cluster_name_k8s='#{cluster_name_k8s}',namespace='#{namespace}'}[5m]", "metric": "", "object": "", "defaultVal": {"label": "", "value": ""}}, "valueSort": "asc", "hide": 0, "isHiddenAsterisk": 0, "multiple": true, "includeStar": true, "extend": {}}], "charts": [{"extend": {"settings": {"alias": [{"key": "cpu_usage", "name": "cpu_usage", "alias": "{{pod_name}}/{{daemonset}}"}], "units": [], "colors": [], "levels": [], "slimit": 20, "density": "medium", "showLine": false, "unitType": "global", "chartType": "areaLine", "fixedTime": "", "isPercent": false, "openStack": false, "precision": "2", "showLabel": false, "showTitle": true, "stackType": "time", "titleDesc": "", "globalUnit": [], "isSampling": true, "compareType": "", "openCompare": false, "yAxixMaxVal": null, "yAxixMinVal": null, "aliasVersion": 2, "compareTitle": "", "connectNulls": true, "legendValues": ["last", "avg"], "timeInterval": "default", "compareColors": {"dayCompare": "rgba(11,11,12,0.5)", "hourCompare": "#0B0B0C", "weekCompare": "rgba(11,11,12,0.3)", "monthCompare": "rgba(11,11,12,0.12)"}, "legendPostion": "right", "maxPointCount": 360, "sorderByOrder": "desc", "xAxisShowType": "time", "isTimeInterval": true, "changeWorkspace": false, "currentChartType": "sequence", "showFieldMapping": false, "compareColorsDark": {"dayCompare": "rgba(213,217,226,0.5)", "hourCompare": "#D5D9E2", "weekCompare": "rgba(213,217,226,0.25)", "monthCompare": "rgba(213,217,226,0.12)"}, "onlyShowGroupName": false, "compareColorsLight": {"dayCompare": "rgba(11,11,12,0.5)", "hourCompare": "#0B0B0C", "weekCompare": "rgba(11,11,12,0.3)", "monthCompare": "rgba(11,11,12,0.12)"}, "openThousandsSeparator": true, "mainMeasurementQueryCode": "A"}, "fixedTime": "", "isRefresh": false}, "group": {"name": "Compute Resources"}, "name": "CPU Usage (%)", "pos": {"h": 23, "w": 12, "x": 0, "y": 0}, "type": "sequence", "queries": [{"name": "", "type": "sequence", "unit": "", "color": "", "qtype": "dql", "query": {"q": "M::`kube_pod`:(avg(`cpu_usage`) AS `cpu_usage`) { `cluster_name_k8s` = '#{cluster_name_k8s}' and `namespace` = '#{namespace}' and `daemonset` = '#{daemonset}' } BY `daemonset`, `pod_name`", "code": "A", "fill": null, "type": "simple", "alias": "cpu_usage", "field": "cpu_usage", "fillNum": null, "filters": [{"id": "3c8fba80-abd9-11ef-a13f-972a43a89935", "op": "=", "name": "cluster_name_k8s", "type": "", "logic": "and", "value": "#{cluster_name_k8s}", "values": []}, {"id": "3c8fba81-abd9-11ef-a13f-972a43a89935", "op": "=", "name": "namespace", "type": "", "logic": "and", "value": "#{namespace}", "values": []}, {"id": "3c8fba82-abd9-11ef-a13f-972a43a89935", "op": "=", "name": "daemonset", "type": "", "logic": "and", "value": "#{daemonset}", "values": []}], "groupBy": ["daemonset", "pod_name"], "labelOp": "", "funcList": [], "fieldFunc": "avg", "fieldType": "float", "namespace": "metric", "dataSource": "kube_pod", "queryFuncs": [], "withLabels": [], "groupByTime": "", "indexFilter": "default"}, "datasource": "dataflux"}]}, {"extend": {"links": [{"url": "/scene/dashboard/dashboardDetail?identifier=guance-k8s-pod-detail&name=Kubernetes Pod Detail&w=wksp_30a8a1da87fe4c6abe619289c356cec6&lak=Scene&time=15m&variable={\"cluster_name_k8s\":\"#{T.cluster_name_k8s}\",\"namespace\":\"#{T.namespace}\",\"pod_name\":\"#{T.pod_name}\"}", "open": "newWin", "show": true, "type": "custom", "alias": "\u67e5\u770bPod\u76d1\u63a7"}, {"url": "/logIndi/log/all?time=#{TR}&query=#{T}", "open": "newWin", "show": false, "type": "logging"}, {"url": "/objectadmin/docker_containers?routerTabActive=ObjectadminDocker&time=#{TR}&query=#{T}", "open": "newWin", "show": true, "type": "container"}, {"url": "/objectadmin/host_processes?routerTabActive=ObjectadminProcesses&time=#{TR}&query=#{T}", "open": "newWin", "show": false, "type": "processes"}, {"url": "/tracing/link/all?time=#{TR}&query=#{T}", "open": "newWin", "show": false, "type": "tracing"}], "settings": {"bar": {"direction": "horizontal", "xAxisShowType": "groupBy"}, "alias": [], "color": "", "table": {"queryMode": "toGroupColumn"}, "units": [], "colors": [], "levels": [], "slimit": 20, "topSize": 10, "unitType": "global", "chartType": "bar", "fixedTime": "", "precision": "2", "showTitle": true, "titleDesc": "", "globalUnit": [], "isSampling": true, "openCompare": false, "showTopSize": true, "timeInterval": "default", "showTableHead": true, "tableSortType": "top", "isTimeInterval": false, "changeWorkspace": false, "currentChartType": "toplist", "showFieldMapping": false, "mainMeasurementSort": "top", "tableSortMetricName": "", "mainMeasurementLimit": 10, "openThousandsSeparator": true, "mainMeasurementQueryCode": "A"}, "fixedTime": "", "isRefresh": false}, "group": {"name": "Compute Resources"}, "name": "Most CPU-intensive Workload (top 10)", "pos": {"h": 22, "w": 12, "x": 0, "y": 44}, "type": "toplist", "queries": [{"name": "", "type": "toplist", "unit": "", "color": "", "qtype": "dql", "query": {"q": "M::`kube_pod`:(avg(`cpu_usage`)) { `cluster_name_k8s` = '#{cluster_name_k8s}' and `namespace` = '#{namespace}' } BY `cluster_name_k8s`, `namespace`, `daemonset`, `pod_name`", "code": "A", "fill": "", "type": "simple", "alias": "", "field": "cpu_usage", "filters": [{"id": "e3aff650-bc9d-11ec-83c1-559806b3b80f", "op": "=", "name": "cluster_name_k8s", "type": "", "logic": "and", "value": "#{cluster_name_k8s}"}, {"id": "28926790-bca2-11ec-83c1-559806b3b80f", "op": "=", "name": "namespace", "type": "", "logic": "and", "value": "#{namespace}"}], "groupBy": ["cluster_name_k8s", "namespace", "daemonset", "pod_name"], "funcList": ["last", "top:10"], "fieldFunc": "avg", "fieldType": "float", "namespace": "metric", "dataSource": "kube_pod", "queryFuncs": [], "groupByTime": ""}, "datasource": "dataflux"}]}, {"extend": {"links": [{"url": "/scene/dashboard/dashboardDetail?identifier=guance-k8s-pod-detail&name=Kubernetes Pod Detail&w=wksp_30a8a1da87fe4c6abe619289c356cec6&lak=Scene&time=15m&variable={\"cluster_name_k8s\":\"#{T.cluster_name_k8s}\",\"namespace\":\"#{T.namespace}\",\"pod_name\":\"#{T.pod_name}\"}", "open": "newWin", "show": true, "type": "custom", "alias": "\u67e5\u770bPod\u76d1\u63a7"}, {"url": "/logIndi/log/all?time=#{TR}&query=#{T}", "open": "newWin", "show": false, "type": "logging"}, {"url": "/objectadmin/docker_containers?routerTabActive=ObjectadminDocker&time=#{TR}&query=#{T}", "open": "newWin", "show": true, "type": "container"}, {"url": "/objectadmin/host_processes?routerTabActive=ObjectadminProcesses&time=#{TR}&query=#{T}", "open": "newWin", "show": false, "type": "processes"}, {"url": "/tracing/link/all?time=#{TR}&query=#{T}", "open": "newWin", "show": false, "type": "tracing"}], "settings": {"bar": {"direction": "horizontal", "xAxisShowType": "groupBy"}, "alias": [], "color": "", "table": {"queryMode": "toGroupColumn"}, "units": [], "colors": [], "levels": [], "slimit": 20, "topSize": 10, "unitType": "global", "chartType": "bar", "fixedTime": "", "precision": "2", "showTitle": true, "titleDesc": "", "globalUnit": ["digital", "b"], "isSampling": true, "openCompare": false, "showTopSize": true, "timeInterval": "default", "showTableHead": true, "tableSortType": "top", "isTimeInterval": false, "changeWorkspace": false, "currentChartType": "toplist", "showFieldMapping": false, "mainMeasurementSort": "top", "tableSortMetricName": "", "mainMeasurementLimit": 10, "openThousandsSeparator": true, "mainMeasurementQueryCode": "A"}, "fixedTime": "", "isRefresh": false}, "group": {"name": "Compute Resources"}, "name": "Most memory-intensive Workload (top 10)", "pos": {"h": 22, "w": 12, "x": 12, "y": 44}, "type": "toplist", "queries": [{"name": "", "type": "toplist", "unit": "", "color": "", "qtype": "dql", "query": {"q": "M::`kube_pod`:(avg(`memory_usage_bytes`)) { `cluster_name_k8s` = '#{cluster_name_k8s}' and `namespace` = '#{namespace}' } BY `cluster_name_k8s`, `namespace`, `daemonset`, `pod_name`", "code": "A", "fill": null, "type": "simple", "alias": "", "field": "memory_usage_bytes", "fillNum": null, "filters": [{"id": "f287c940-a9b3-11ef-94ad-119df33c77c3", "op": "=", "name": "cluster_name_k8s", "type": "", "logic": "and", "value": "#{cluster_name_k8s}", "values": []}, {"id": "f287c941-a9b3-11ef-94ad-119df33c77c3", "op": "=", "name": "namespace", "type": "", "logic": "and", "value": "#{namespace}", "values": []}], "groupBy": ["cluster_name_k8s", "namespace", "daemonset", "pod_name"], "labelOp": "", "funcList": ["last", "top:10"], "fieldFunc": "avg", "fieldType": "float", "namespace": "metric", "dataSource": "kube_pod", "queryFuncs": [], "withLabels": [], "groupByTime": "", "indexFilter": "default"}, "datasource": "dataflux"}]}, {"extend": {"settings": {"alias": [{"key": "mem_usage_percent", "name": "mem_usage_percent", "alias": "{{pod_name}}/{{daemonset}}"}], "units": [], "colors": [], "levels": [], "slimit": 20, "density": "medium", "showLine": false, "unitType": "global", "chartType": "areaLine", "fixedTime": "", "isPercent": false, "openStack": false, "precision": "2", "showLabel": false, "showTitle": true, "stackType": "time", "titleDesc": "", "globalUnit": [], "isSampling": true, "compareType": "", "openCompare": false, "yAxixMaxVal": null, "yAxixMinVal": null, "aliasVersion": 2, "compareTitle": "", "connectNulls": true, "legendValues": ["last", "avg"], "timeInterval": "default", "compareColors": {"dayCompare": "rgba(11,11,12,0.5)", "hourCompare": "#0B0B0C", "weekCompare": "rgba(11,11,12,0.3)", "monthCompare": "rgba(11,11,12,0.12)"}, "legendPostion": "right", "maxPointCount": 360, "sorderByOrder": "desc", "xAxisShowType": "time", "isTimeInterval": true, "changeWorkspace": false, "currentChartType": "sequence", "showFieldMapping": false, "compareColorsDark": {"dayCompare": "rgba(213,217,226,0.5)", "hourCompare": "#D5D9E2", "weekCompare": "rgba(213,217,226,0.25)", "monthCompare": "rgba(213,217,226,0.12)"}, "onlyShowGroupName": false, "compareColorsLight": {"dayCompare": "rgba(11,11,12,0.5)", "hourCompare": "#0B0B0C", "weekCompare": "rgba(11,11,12,0.3)", "monthCompare": "rgba(11,11,12,0.12)"}, "openThousandsSeparator": true, "mainMeasurementQueryCode": "A"}, "fixedTime": "", "isRefresh": false}, "group": {"name": "Compute Resources"}, "name": "Memory Usage (%)", "pos": {"h": 21, "w": 12, "x": 0, "y": 23}, "type": "sequence", "queries": [{"name": "", "type": "sequence", "unit": "", "color": "", "qtype": "dql", "query": {"q": "M::`kube_pod`:(avg(`memory_used_percent`) AS `mem_usage_percent`) { `cluster_name_k8s` = '#{cluster_name_k8s}' and `namespace` = '#{namespace}' and `daemonset` = '#{daemonset}' } BY `daemonset`, `pod_name`", "code": "A", "fill": null, "type": "simple", "alias": "mem_usage_percent", "field": "memory_used_percent", "fillNum": null, "filters": [{"id": "f191aea0-a9a1-11ef-a6c1-6bdd1ff2d14a", "op": "=", "name": "cluster_name_k8s", "type": "", "logic": "and", "value": "#{cluster_name_k8s}", "values": []}, {"id": "f191aea1-a9a1-11ef-a6c1-6bdd1ff2d14a", "op": "=", "name": "namespace", "type": "", "logic": "and", "value": "#{namespace}", "values": []}, {"id": "f530a1c0-abda-11ef-b173-0551eca74768", "op": "=", "name": "daemonset", "type": "keyword", "logic": "and", "value": "#{daemonset}", "values": []}], "groupBy": ["daemonset", "pod_name"], "labelOp": "", "funcList": [], "fieldFunc": "avg", "fieldType": "float", "namespace": "metric", "dataSource": "kube_pod", "queryFuncs": [], "withLabels": [], "groupByTime": "", "indexFilter": "default"}, "datasource": "dataflux"}]}, {"extend": {"links": [{"url": "/scene/dashboard/dashboardDetail?identifier=guance-k8s-pod-detail&name=Kubernetes Pod Detail&w=wksp_30a8a1da87fe4c6abe619289c356cec6&lak=Scene&time=15m&variable={\"cluster_name_k8s\":\"#{T.cluster_name_k8s}\",\"namespace\":\"#{T.namespace}\",\"pod_name\":\"#{T.pod_name}\"}", "open": "newWin", "show": true, "type": "custom", "alias": "\u67e5\u770bPod\u76d1\u63a7"}, {"url": "/logIndi/log/all?time=#{TR}&query=#{T}", "open": "newWin", "show": false, "type": "logging"}, {"url": "/objectadmin/docker_containers?routerTabActive=ObjectadminDocker&time=#{TR}&query=#{T}", "open": "newWin", "show": true, "type": "container"}, {"url": "/objectadmin/host_processes?routerTabActive=ObjectadminProcesses&time=#{TR}&query=#{T}", "open": "newWin", "show": false, "type": "processes"}, {"url": "/tracing/link/all?time=#{TR}&query=#{T}", "open": "newWin", "show": false, "type": "tracing"}], "settings": {"bar": {"direction": "horizontal", "xAxisShowType": "groupBy"}, "alias": [], "color": "#498BFE", "table": {"queryMode": "toGroupColumn"}, "units": [], "colors": [{"key": "last(network_bytes_rcvd)", "name": "last(network_bytes_rcvd)", "color": "#498BFE"}], "levels": [], "slimit": 20, "topSize": 10, "unitType": "global", "chartType": "bar", "fixedTime": "5m", "precision": "2", "showTitle": true, "titleDesc": "", "globalUnit": ["traffic", "B/S"], "isSampling": true, "openCompare": false, "showTopSize": true, "timeInterval": "default", "showTableHead": true, "tableSortType": "top", "isTimeInterval": true, "changeWorkspace": false, "currentChartType": "toplist", "showFieldMapping": false, "mainMeasurementSort": "top", "tableSortMetricName": "", "mainMeasurementLimit": 10, "openThousandsSeparator": true, "mainMeasurementQueryCode": "A"}, "fixedTime": {"key": "5m", "text": "\u6700\u8fd1 5 \u5206\u949f"}, "isRefresh": false}, "group": {"name": "Network"}, "name": "Most Network-Received Workload (top 10)", "pos": {"h": 22, "w": 12, "x": 12, "y": 0}, "type": "toplist", "queries": [{"name": "", "type": "toplist", "unit": "", "color": "", "qtype": "dql", "query": {"q": "non_negative_derivative(\"M::`kube_pod`:(avg(`network_bytes_rcvd`)) { `cluster_name_k8s` = '#{cluster_name_k8s}' and `namespace` = '#{namespace}' } BY `cluster_name_k8s`, `namespace`, `daemonset`, `pod_name`\")", "code": "A", "fill": null, "type": "simple", "alias": "", "field": "network_bytes_rcvd", "rollup": "", "fillNum": null, "filters": [{"id": "61f165a0-ac86-11ef-99f2-7509fb2c02bd", "op": "=", "name": "cluster_name_k8s", "type": "", "logic": "and", "value": "#{cluster_name_k8s}", "values": []}, {"id": "61f165a1-ac86-11ef-99f2-7509fb2c02bd", "op": "=", "name": "namespace", "type": "", "logic": "and", "value": "#{namespace}", "values": []}], "groupBy": ["cluster_name_k8s", "namespace", "daemonset", "pod_name"], "labelOp": "", "funcList": ["last", "top:10"], "fieldFunc": "avg", "fieldType": "float", "namespace": "metric", "dataSource": "kube_pod", "queryFuncs": [{"args": [], "name": "non_negative_derivative"}], "withLabels": [], "groupByTime": "", "indexFilter": "default"}, "datasource": "dataflux"}]}, {"extend": {"links": [{"url": "/scene/dashboard/dashboardDetail?identifier=guance-k8s-pod-detail&name=Kubernetes Pod Detail&w=wksp_30a8a1da87fe4c6abe619289c356cec6&lak=Scene&time=15m&variable={\"cluster_name_k8s\":\"#{T.cluster_name_k8s}\",\"namespace\":\"#{T.namespace}\",\"pod_name\":\"#{T.pod_name}\"}", "open": "newWin", "show": true, "type": "custom", "alias": "\u67e5\u770bPod\u76d1\u63a7"}, {"url": "/logIndi/log/all?time=#{TR}&query=#{T}", "open": "newWin", "show": false, "type": "logging"}, {"url": "/objectadmin/docker_containers?routerTabActive=ObjectadminDocker&time=#{TR}&query=#{T}", "open": "newWin", "show": true, "type": "container"}, {"url": "/objectadmin/host_processes?routerTabActive=ObjectadminProcesses&time=#{TR}&query=#{T}", "open": "newWin", "show": false, "type": "processes"}, {"url": "/tracing/link/all?time=#{TR}&query=#{T}", "open": "newWin", "show": false, "type": "tracing"}], "settings": {"bar": {"direction": "horizontal", "xAxisShowType": "groupBy"}, "alias": [], "color": "#498BFE", "table": {"queryMode": "toGroupColumn"}, "units": [], "colors": [{"key": "last(network_bytes_rcvd)", "name": "last(network_bytes_rcvd)", "color": "#498BFE"}], "levels": [], "slimit": 20, "topSize": 10, "unitType": "global", "chartType": "bar", "fixedTime": "5m", "precision": "2", "showTitle": true, "titleDesc": "", "globalUnit": ["traffic", "B/S"], "isSampling": true, "openCompare": false, "showTopSize": true, "timeInterval": "default", "showTableHead": true, "tableSortType": "top", "isTimeInterval": true, "changeWorkspace": false, "currentChartType": "toplist", "showFieldMapping": false, "mainMeasurementSort": "top", "tableSortMetricName": "", "mainMeasurementLimit": 10, "openThousandsSeparator": true, "mainMeasurementQueryCode": "A"}, "fixedTime": {"key": "5m", "text": "\u6700\u8fd1 5 \u5206\u949f"}, "isRefresh": false}, "group": {"name": "Network"}, "name": "Most Network-Transmit Workload (top 10)", "pos": {"h": 23, "w": 12, "x": 12, "y": 22}, "type": "toplist", "queries": [{"name": "", "type": "toplist", "unit": "", "color": "", "qtype": "dql", "query": {"q": "non_negative_derivative(\"M::`kube_pod`:(avg(`network_bytes_sent`)) { `cluster_name_k8s` = '#{cluster_name_k8s}' and `namespace` = '#{namespace}' } BY `cluster_name_k8s`, `namespace`, `daemonset`, `pod_name`\")", "code": "A", "fill": null, "type": "simple", "alias": "", "field": "network_bytes_sent", "fillNum": null, "filters": [{"id": "29fd8f90-a991-11ef-abf0-e348eb84571c", "op": "=", "name": "cluster_name_k8s", "type": "", "logic": "and", "value": "#{cluster_name_k8s}", "values": []}, {"id": "29fd8f91-a991-11ef-abf0-e348eb84571c", "op": "=", "name": "namespace", "type": "", "logic": "and", "value": "#{namespace}", "values": []}], "groupBy": ["cluster_name_k8s", "namespace", "daemonset", "pod_name"], "labelOp": "", "funcList": ["last", "top:10"], "fieldFunc": "avg", "fieldType": "float", "namespace": "metric", "dataSource": "kube_pod", "queryFuncs": [{"args": [], "name": "non_negative_derivative"}], "withLabels": [], "groupByTime": "", "indexFilter": "default"}, "datasource": "dataflux"}]}, {"extend": {"settings": {"alias": [{"key": "non_negative_derivative(rcvd)", "name": "non_negative_derivative(rcvd)", "alias": "{{pod_name}}/{{daemonset}}"}], "units": [], "colors": [], "levels": [], "slimit": 50, "showLine": false, "unitType": "global", "chartType": "areaLine", "fixedTime": "", "isPercent": false, "openStack": false, "precision": "2", "showLabel": false, "showTitle": true, "stackType": "time", "titleDesc": "", "globalUnit": ["traffic", "B/S"], "isSampling": true, "compareType": [], "openCompare": false, "yAxixMaxVal": null, "yAxixMinVal": null, "aliasVersion": 2, "connectNulls": true, "legendValues": ["last", "avg"], "timeInterval": "auto", "legendPostion": "right", "maxPointCount": null, "sorderByOrder": "desc", "xAxisShowType": "time", "isTimeInterval": true, "changeWorkspace": false, "currentChartType": "sequence", "showFieldMapping": false, "onlyShowGroupName": false, "openThousandsSeparator": true, "mainMeasurementQueryCode": "B"}, "fixedTime": "", "isRefresh": false, "fixedGroupByTime": null}, "group": {"name": "Network"}, "name": "Network Received", "pos": {"h": 22, "w": 12, "x": 0, "y": 0}, "type": "sequence", "queries": [{"name": "", "type": "sequence", "unit": "", "color": "", "qtype": "dql", "query": {"q": "non_negative_derivative(\"M::`kube_pod`:(avg(`network_bytes_rcvd`) AS `rcvd`) { `cluster_name_k8s` = '#{cluster_name_k8s}' and `namespace` = '#{namespace}' and `daemonset` = '#{daemonset}' } BY `daemonset`, `pod_name`\")", "code": "B", "fill": null, "type": "simple", "alias": "rcvd", "field": "network_bytes_rcvd", "filters": [{"id": "37b52600-a993-11ef-abf0-e348eb84571c", "op": "=", "name": "cluster_name_k8s", "type": "keyword", "logic": "and", "value": "#{cluster_name_k8s}", "values": []}, {"id": "39e4b030-a993-11ef-abf0-e348eb84571c", "op": "=", "name": "namespace", "type": "keyword", "logic": "and", "value": "#{namespace}", "values": []}, {"id": "e48e0f70-abcf-11ef-88f6-513f3aca6f27", "op": "=", "name": "daemonset", "type": "keyword", "logic": "and", "value": "#{daemonset}", "values": []}], "groupBy": ["daemonset", "pod_name"], "funcList": [], "fieldFunc": "avg", "fieldType": "float", "namespace": "metric", "dataSource": "kube_pod", "queryFuncs": [{"args": [], "name": "non_negative_derivative"}], "groupByTime": "", "indexFilter": "", "additionalFields": null}, "datasource": "dataflux"}]}, {"extend": {"settings": {"alias": [{"key": "non_negative_derivative(sent)", "name": "non_negative_derivative(sent)", "alias": "{{pod_name}}/{{daemonset}}"}], "units": [], "colors": [], "levels": [], "slimit": 50, "showLine": false, "unitType": "global", "chartType": "areaLine", "fixedTime": "", "isPercent": false, "openStack": false, "precision": "2", "showLabel": false, "showTitle": true, "stackType": "time", "titleDesc": "", "globalUnit": ["traffic", "B/S"], "isSampling": true, "compareType": [], "openCompare": false, "yAxixMaxVal": null, "yAxixMinVal": null, "aliasVersion": 2, "connectNulls": true, "legendValues": ["last", "avg"], "timeInterval": "auto", "legendPostion": "right", "maxPointCount": null, "sorderByOrder": "desc", "xAxisShowType": "time", "isTimeInterval": true, "changeWorkspace": false, "currentChartType": "sequence", "showFieldMapping": false, "onlyShowGroupName": false, "openThousandsSeparator": true, "mainMeasurementQueryCode": "B"}, "fixedTime": "", "isRefresh": false, "fixedGroupByTime": null}, "group": {"name": "Network"}, "name": "Network Transmit", "pos": {"h": 23, "w": 12, "x": 0, "y": 22}, "type": "sequence", "queries": [{"name": "", "type": "sequence", "unit": "", "color": "", "qtype": "dql", "query": {"q": "non_negative_derivative(\"M::`kube_pod`:(avg(`network_bytes_sent`) AS `sent`) { `cluster_name_k8s` = '#{cluster_name_k8s}' and `namespace` = '#{namespace}' and `daemonset` = '#{daemonset}' } BY `daemonset`, `pod_name`\")", "code": "B", "fill": null, "type": "simple", "alias": "sent", "field": "network_bytes_sent", "filters": [{"id": "90c8a550-a993-11ef-abf0-e348eb84571c", "op": "=", "name": "cluster_name_k8s", "type": "keyword", "logic": "and", "value": "#{cluster_name_k8s}", "values": []}, {"id": "92f23c10-a993-11ef-abf0-e348eb84571c", "op": "=", "name": "namespace", "type": "keyword", "logic": "and", "value": "#{namespace}", "values": []}, {"id": "4023cbd0-abdb-11ef-b173-0551eca74768", "op": "=", "name": "daemonset", "type": "keyword", "logic": "and", "value": "#{daemonset}", "values": []}], "groupBy": ["daemonset", "pod_name"], "funcList": [], "fieldFunc": "avg", "fieldType": "float", "namespace": "metric", "dataSource": "kube_pod", "queryFuncs": [{"args": [], "name": "non_negative_derivative"}], "groupByTime": "", "indexFilter": "", "additionalFields": null}, "datasource": "dataflux"}]}, {"extend": {"settings": {"alias": [{"key": "cpu_usage_millicores", "name": "cpu_usage_millicores", "alias": "{{pod_name}}/{{daemonset}}"}], "units": [{"key": "cpu_usage_millicores", "name": "cpu_usage_millicores", "unit": "m", "units": ["custom", "m"]}], "colors": [], "levels": [], "slimit": 20, "density": "medium", "showLine": false, "unitType": "custom", "chartType": "areaLine", "fixedTime": "", "isPercent": false, "openStack": false, "precision": "2", "showLabel": false, "showTitle": true, "stackType": "time", "titleDesc": "", "globalUnit": [], "isSampling": true, "compareType": "", "openCompare": false, "yAxixMaxVal": null, "yAxixMinVal": null, "aliasVersion": 2, "compareTitle": "", "connectNulls": true, "legendValues": ["last", "avg"], "timeInterval": "default", "compareColors": {"dayCompare": "rgba(11,11,12,0.5)", "hourCompare": "#0B0B0C", "weekCompare": "rgba(11,11,12,0.3)", "monthCompare": "rgba(11,11,12,0.12)"}, "legendPostion": "right", "maxPointCount": 360, "sorderByOrder": "desc", "xAxisShowType": "time", "isTimeInterval": true, "changeWorkspace": false, "currentChartType": "sequence", "showFieldMapping": false, "compareColorsDark": {"dayCompare": "rgba(213,217,226,0.5)", "hourCompare": "#D5D9E2", "weekCompare": "rgba(213,217,226,0.25)", "monthCompare": "rgba(213,217,226,0.12)"}, "onlyShowGroupName": false, "compareColorsLight": {"dayCompare": "rgba(11,11,12,0.5)", "hourCompare": "#0B0B0C", "weekCompare": "rgba(11,11,12,0.3)", "monthCompare": "rgba(11,11,12,0.12)"}, "openThousandsSeparator": true, "mainMeasurementQueryCode": "A"}, "fixedTime": "", "isRefresh": false}, "group": {"name": "Compute Resources"}, "name": "CPU Usage By Cores", "pos": {"h": 23, "w": 12, "x": 12, "y": 0}, "type": "sequence", "queries": [{"name": "", "type": "sequence", "unit": "", "color": "", "qtype": "dql", "query": {"q": "M::`kube_pod`:(last(`cpu_usage_millicores`) AS `cpu_usage_millicores`) { `cluster_name_k8s` = '#{cluster_name_k8s}' and `namespace` = '#{namespace}' and `daemonset` = '#{daemonset}' } BY `daemonset`, `pod_name`", "code": "A", "fill": null, "type": "simple", "alias": "cpu_usage_millicores", "field": "cpu_usage_millicores", "fillNum": null, "filters": [{"id": "a5f86e20-aae1-11ef-a801-7b95acd33a0b", "op": "=", "name": "cluster_name_k8s", "type": "", "logic": "and", "value": "#{cluster_name_k8s}", "values": []}, {"id": "a5f86e21-aae1-11ef-a801-7b95acd33a0b", "op": "=", "name": "namespace", "type": "", "logic": "and", "value": "#{namespace}", "values": []}, {"id": "60599bc0-abcf-11ef-88f6-513f3aca6f27", "op": "=", "name": "daemonset", "type": "keyword", "logic": "and", "value": "#{daemonset}", "values": []}], "groupBy": ["daemonset", "pod_name"], "labelOp": "", "funcList": [], "fieldFunc": "last", "fieldType": "float", "namespace": "metric", "dataSource": "kube_pod", "queryFuncs": [], "withLabels": [], "groupByTime": "", "indexFilter": "default"}, "datasource": "dataflux"}]}, {"extend": {"settings": {"alias": [{"key": "mem_usage", "name": "mem_usage", "alias": "{{pod_name}}/{{daemonset}}"}], "units": [], "colors": [], "levels": [], "slimit": 20, "density": "medium", "showLine": false, "unitType": "global", "chartType": "areaLine", "fixedTime": "", "isPercent": false, "openStack": false, "precision": "2", "showLabel": false, "showTitle": true, "stackType": "time", "titleDesc": "", "globalUnit": [], "isSampling": true, "compareType": "", "openCompare": false, "yAxixMaxVal": null, "yAxixMinVal": null, "aliasVersion": 2, "compareTitle": "", "connectNulls": true, "legendValues": ["last", "avg"], "timeInterval": "default", "compareColors": {"dayCompare": "rgba(11,11,12,0.5)", "hourCompare": "#0B0B0C", "weekCompare": "rgba(11,11,12,0.3)", "monthCompare": "rgba(11,11,12,0.12)"}, "legendPostion": "right", "maxPointCount": 360, "sorderByOrder": "desc", "xAxisShowType": "time", "isTimeInterval": true, "changeWorkspace": false, "currentChartType": "sequence", "showFieldMapping": false, "compareColorsDark": {"dayCompare": "rgba(213,217,226,0.5)", "hourCompare": "#D5D9E2", "weekCompare": "rgba(213,217,226,0.25)", "monthCompare": "rgba(213,217,226,0.12)"}, "onlyShowGroupName": false, "compareColorsLight": {"dayCompare": "rgba(11,11,12,0.5)", "hourCompare": "#0B0B0C", "weekCompare": "rgba(11,11,12,0.3)", "monthCompare": "rgba(11,11,12,0.12)"}, "openThousandsSeparator": true, "mainMeasurementQueryCode": "A"}, "fixedTime": "", "isRefresh": false}, "group": {"name": "Compute Resources"}, "name": "Memory Usage", "pos": {"h": 21, "w": 12, "x": 12, "y": 23}, "type": "sequence", "queries": [{"name": "", "type": "sequence", "unit": "", "color": "", "qtype": "dql", "query": {"q": "M::`kube_pod`:(avg(`memory_usage_bytes`) AS `mem_usage`) { `cluster_name_k8s` = '#{cluster_name_k8s}' and `namespace` = '#{namespace}' and `daemonset` = '#{daemonset}' } BY `daemonset`, `pod_name`", "code": "A", "fill": null, "type": "simple", "alias": "mem_usage", "field": "memory_usage_bytes", "filters": [{"id": "383fd440-e7ca-11ec-a28f-5d05bd55e058", "op": "=", "name": "cluster_name_k8s", "type": "", "logic": "and", "value": "#{cluster_name_k8s}"}, {"id": "3c7e4140-e7ca-11ec-a28f-5d05bd55e058", "op": "=", "name": "namespace", "type": "", "logic": "and", "value": "#{namespace}"}, {"id": "105f8e20-abdb-11ef-b173-0551eca74768", "op": "=", "name": "daemonset", "type": "keyword", "logic": "and", "value": "#{daemonset}", "values": []}], "groupBy": ["daemonset", "pod_name"], "funcList": [], "fieldFunc": "avg", "fieldType": "float", "namespace": "metric", "dataSource": "kube_pod", "queryFuncs": [], "groupByTime": ""}, "datasource": "dataflux"}]}, {"extend": {"links": [{"url": "/scene/dashboard/dashboardDetail?identifier=guance-k8s-pod-detail&name=Kubernetes Pod Detail&w=wksp_30a8a1da87fe4c6abe619289c356cec6&lak=Scene&time=15m&variable={\"cluster_name_k8s\":\"#{T.cluster_name_k8s}\",\"namespace\":\"#{T.namespace}\",\"pod_name\":\"#{T.pod_name}\"}", "open": "newWin", "show": true, "type": "custom", "alias": "\u67e5\u770bPod\u76d1\u63a7"}, {"url": "/logIndi/log/all?time=#{TR}&query=#{T}", "open": "newWin", "show": false, "type": "logging"}, {"url": "/objectadmin/docker_containers?routerTabActive=ObjectadminDocker&time=#{TR}&query=#{T}", "open": "newWin", "show": false, "type": "container"}, {"url": "/objectadmin/host_processes?routerTabActive=ObjectadminProcesses&time=#{TR}&query=#{T}", "open": "newWin", "show": false, "type": "processes"}, {"url": "/tracing/link/all?time=#{TR}&query=#{T}", "open": "newWin", "show": false, "type": "tracing"}], "settings": {"alias": [{"key": "cluster_name_k8s", "name": "cluster_name_k8s", "alias": "Cluster"}, {"key": "namespace", "name": "namespace", "alias": "Nmaspace"}, {"key": "pod_name", "name": "pod_name", "alias": "Pod"}], "units": [], "colors": [], "levels": [], "slimit": 20, "pageSize": 0, "unitType": "global", "fixedTime": "", "precision": "2", "queryMode": "toGroupColumn", "showTitle": true, "titleDesc": "", "globalUnit": [], "isSampling": true, "showColumns": [], "valMappings": [], "aliasVersion": 2, "timeInterval": "auto", "isTimeInterval": false, "changeWorkspace": false, "disableFuncList": false, "currentChartType": "table", "showFieldMapping": false, "valColorMappings": [{"field": "Restart", "value": ["0"], "bgColor": "#FF9402", "fontColor": "", "lineColor": "", "operation": "!="}, {"field": "Restart", "value": ["0"], "bgColor": "#09FC40", "fontColor": "", "lineColor": "", "operation": "="}, {"field": "Status", "value": ["Running"], "bgColor": "#09FC40", "fontColor": "", "lineColor": "", "operation": "="}, {"field": "Status", "value": ["Running"], "bgColor": "#FF9402", "fontColor": "", "lineColor": "", "operation": "!="}], "mainMeasurementSort": "top", "mainMeasurementLimit": 20, "openThousandsSeparator": false, "mainMeasurementQueryCode": "A"}, "fixedTime": "", "isRefresh": false}, "group": {"name": "Overview"}, "name": "Pod", "pos": {"h": 19, "w": 12, "x": 0, "y": 8}, "type": "table", "queries": [{"name": "", "type": "table", "unit": "", "color": "", "qtype": "dql", "query": {"q": "O::`kubelet_pod`:(last(`restarts`) AS `Restart`) { `cluster_name_k8s` = '#{cluster_name_k8s}' and `namespace` = '#{namespace}' and `daemonset` = '#{daemonset}' } BY `pod_name`, `namespace`, `cluster_name_k8s`", "code": "D", "fill": null, "type": "dql", "alias": "Restart", "field": "restarts", "index": "default", "fillNum": null, "filters": [{"op": "=", "name": "cluster_name_k8s", "type": "", "logic": "and", "value": "#{cluster_name_k8s}", "values": []}, {"op": "=", "name": "namespace", "type": "", "logic": "and", "value": "#{namespace}", "values": []}, {"op": "=", "name": "daemonset", "type": "", "logic": "and", "value": "#{daemonset}", "values": []}], "groupBy": ["pod_name", "namespace", "cluster_name_k8s"], "indexes": ["default"], "labelOp": "", "funcList": [], "interval": "", "fieldFunc": "last", "namespace": "object", "dataSource": "kubelet_pod", "queryFuncs": [], "withLabels": [], "groupByTime": "", "indexFilter": "default", "dataSourceFunc": ""}, "datasource": "dataflux"}, {"name": "", "type": "table", "unit": "", "color": "", "qtype": "dql", "query": {"q": "O::`kubelet_pod`:(last(`pod_ip`) AS `Pod IP`) { `cluster_name_k8s` = '#{cluster_name_k8s}' and `namespace` = '#{namespace}' and `daemonset` = '#{daemonset}' } BY `pod_name`, `namespace`, `cluster_name_k8s`", "code": "E", "fill": null, "type": "dql", "alias": "Pod IP", "field": "pod_ip", "index": "default", "fillNum": null, "filters": [{"op": "=", "name": "cluster_name_k8s", "type": "", "logic": "and", "value": "#{cluster_name_k8s}", "values": []}, {"op": "=", "name": "namespace", "type": "", "logic": "and", "value": "#{namespace}", "values": []}, {"op": "=", "name": "daemonset", "type": "", "logic": "and", "value": "#{daemonset}", "values": []}], "groupBy": ["pod_name", "namespace", "cluster_name_k8s"], "indexes": ["default"], "labelOp": "", "funcList": [], "interval": "", "fieldFunc": "last", "namespace": "object", "dataSource": "kubelet_pod", "queryFuncs": [], "withLabels": [], "groupByTime": "", "indexFilter": "default", "dataSourceFunc": ""}, "datasource": "dataflux"}, {"name": "", "type": "table", "unit": "", "color": "", "qtype": "dql", "query": {"q": "O::`kubelet_pod`:(last(`node_name`) AS `Node`) { `cluster_name_k8s` = '#{cluster_name_k8s}' and `namespace` = '#{namespace}' and `daemonset` = '#{daemonset}' } BY `pod_name`, `namespace`, `cluster_name_k8s`", "code": "F", "fill": null, "type": "dql", "alias": "Node", "field": "node_name", "index": "default", "fillNum": null, "filters": [{"op": "=", "name": "cluster_name_k8s", "type": "", "logic": "and", "value": "#{cluster_name_k8s}", "values": []}, {"op": "=", "name": "namespace", "type": "", "logic": "and", "value": "#{namespace}", "values": []}, {"op": "=", "name": "daemonset", "type": "", "logic": "and", "value": "#{daemonset}", "values": []}], "groupBy": ["pod_name", "namespace", "cluster_name_k8s"], "indexes": ["default"], "labelOp": "", "funcList": [], "interval": "", "fieldFunc": "last", "namespace": "object", "dataSource": "kubelet_pod", "queryFuncs": [], "withLabels": [], "groupByTime": "", "indexFilter": "default", "dataSourceFunc": ""}, "datasource": "dataflux"}, {"name": "", "type": "table", "unit": "", "color": "", "qtype": "dql", "query": {"q": "O::`kubelet_pod`:(last(`status`) AS `Status`) { `namespace` = '#{namespace}' and `daemonset` = '#{daemonset}' and `cluster_name_k8s` = '#{cluster_name_k8s}' } BY `pod_name`, `namespace`, `cluster_name_k8s`", "code": "B", "fill": null, "type": "dql", "alias": "Status", "field": "status", "index": "default", "fillNum": null, "filters": [{"op": "=", "name": "namespace", "type": "", "logic": "and", "value": "#{namespace}", "values": []}, {"op": "=", "name": "daemonset", "type": "", "logic": "and", "value": "#{daemonset}", "values": []}, {"op": "=", "name": "cluster_name_k8s", "type": "", "logic": "and", "value": "#{cluster_name_k8s}", "values": []}], "groupBy": ["pod_name", "namespace", "cluster_name_k8s"], "indexes": ["default"], "labelOp": "", "funcList": [], "interval": "", "fieldFunc": "last", "namespace": "object", "dataSource": "kubelet_pod", "queryFuncs": [], "withLabels": [], "groupByTime": "", "indexFilter": "default", "dataSourceFunc": ""}, "datasource": "dataflux"}, {"name": "", "type": "table", "unit": "", "color": "", "qtype": "dql", "query": {"q": "O::`kubelet_pod`:(last(`age`) AS `Age`) { `cluster_name_k8s` = '#{cluster_name_k8s}' and `namespace` = '#{namespace}' and `daemonset` = '#{daemonset}' } BY `pod_name`, `namespace`, `cluster_name_k8s`", "code": "A", "fill": null, "type": "dql", "alias": "Age", "field": "age", "index": "default", "fillNum": null, "filters": [{"op": "=", "name": "cluster_name_k8s", "type": "", "logic": "and", "value": "#{cluster_name_k8s}", "values": []}, {"op": "=", "name": "namespace", "type": "", "logic": "and", "value": "#{namespace}", "values": []}, {"op": "=", "name": "daemonset", "type": "", "logic": "and", "value": "#{daemonset}", "values": []}], "groupBy": ["pod_name", "namespace", "cluster_name_k8s"], "indexes": ["default"], "labelOp": "", "funcList": [], "interval": "", "fieldFunc": "last", "namespace": "object", "dataSource": "kubelet_pod", "queryFuncs": [], "withLabels": [], "groupByTime": "", "indexFilter": "default", "dataSourceFunc": ""}, "datasource": "dataflux"}]}, {"extend": {"settings": {"alias": [], "units": [], "colors": [], "levels": [], "bgColor": "", "mappings": [], "showLine": false, "unitType": "global", "fixedTime": "", "fontColor": "", "lineColor": "#3AB8FF", "precision": "2", "showTitle": true, "titleDesc": "", "downsample": "last", "globalUnit": [], "isSampling": true, "compareType": "", "openCompare": false, "showLineAxis": false, "timeInterval": "auto", "isTimeInterval": false, "changeWorkspace": false, "currentChartType": "singlestat", "showFieldMapping": false, "sequenceChartType": "line", "openThousandsSeparator": true}, "fixedTime": "", "isRefresh": false}, "group": {"name": "Overview"}, "name": "Namespace", "pos": {"h": 8, "w": 5, "x": 0, "y": 0}, "type": "singlestat", "queries": [{"name": "", "type": "singlestat", "unit": "", "color": "", "qtype": "dql", "query": {"q": "O::`kubernetes_daemonset`:(last(`namespace`)) { `cluster_name_k8s` = '#{cluster_name_k8s}' and `namespace` = '#{namespace}' }", "code": "A", "fill": null, "type": "dql", "alias": "", "field": "namespace", "index": "default", "fillNum": null, "filters": [{"op": "=", "name": "cluster_name_k8s", "type": "", "logic": "and", "value": "#{cluster_name_k8s}", "values": []}, {"op": "=", "name": "namespace", "type": "", "logic": "and", "value": "#{namespace}", "values": []}], "groupBy": [], "indexes": ["default"], "labelOp": "", "funcList": [], "interval": "", "fieldFunc": "last", "namespace": "object", "dataSource": "kubernetes_daemonset", "queryFuncs": [], "withLabels": [], "groupByTime": "", "indexFilter": "default", "dataSourceFunc": ""}, "datasource": "dataflux"}]}, {"extend": {"settings": {"alias": [], "units": [], "colors": [], "levels": [], "bgColor": "", "mappings": [], "showLine": true, "unitType": "global", "fixedTime": "", "fontColor": "", "lineColor": "#3AB8FF", "precision": "2", "showTitle": true, "titleDesc": "", "downsample": "last", "globalUnit": [], "isSampling": true, "compareType": "", "openCompare": false, "showLineAxis": false, "timeInterval": "auto", "isTimeInterval": false, "changeWorkspace": false, "currentChartType": "singlestat", "showFieldMapping": false, "sequenceChartType": "line", "openThousandsSeparator": true}, "fixedTime": "", "isRefresh": false}, "group": {"name": "Overview"}, "name": "Replicas(Pods)", "pos": {"h": 8, "w": 5, "x": 5, "y": 0}, "type": "singlestat", "queries": [{"name": "", "type": "singlestat", "unit": "", "color": "", "qtype": "dql", "query": {"q": "M::`kube_daemonset`:(last(`desired`)) { `daemonset` = '#{daemonset}' and `cluster_name_k8s` = '#{cluster_name_k8s}' and `daemonset` = '#{daemonset}' }", "code": "A", "fill": null, "type": "simple", "alias": "", "field": "desired", "fillNum": null, "filters": [{"id": "3defee10-ac9a-11ef-a99c-33e1b35ba0ba", "op": "=", "name": "daemonset", "type": "", "logic": "and", "value": "#{daemonset}", "values": []}, {"id": "3defee11-ac9a-11ef-a99c-33e1b35ba0ba", "op": "=", "name": "cluster_name_k8s", "type": "", "logic": "and", "value": "#{cluster_name_k8s}", "values": []}, {"id": "3defee12-ac9a-11ef-a99c-33e1b35ba0ba", "op": "=", "name": "daemonset", "type": "", "logic": "and", "value": "#{daemonset}", "values": []}], "groupBy": [], "labelOp": "", "funcList": [], "fieldFunc": "last", "fieldType": "float", "namespace": "metric", "dataSource": "kube_daemonset", "queryFuncs": [], "withLabels": [], "groupByTime": "", "indexFilter": "default"}, "datasource": "dataflux"}]}, {"extend": {"settings": {"alias": [], "units": [], "colors": [], "levels": [], "bgColor": "", "mappings": [], "showLine": false, "unitType": "global", "fixedTime": "", "fontColor": "", "lineColor": "#3AB8FF", "precision": "2", "showTitle": true, "titleDesc": "", "downsample": "last", "globalUnit": [], "isSampling": true, "compareType": "", "openCompare": false, "showLineAxis": false, "timeInterval": "auto", "isTimeInterval": false, "changeWorkspace": false, "currentChartType": "singlestat", "showFieldMapping": false, "sequenceChartType": "line", "openThousandsSeparator": true}, "fixedTime": "", "isRefresh": false}, "group": {"name": "Overview"}, "name": "Replica Ready", "pos": {"h": 8, "w": 4, "x": 10, "y": 0}, "type": "singlestat", "queries": [{"name": "", "type": "singlestat", "unit": "", "color": "", "qtype": "dql", "query": {"q": "M::`kube_daemonset`:(last(`ready`)) { `cluster_name_k8s` = '#{cluster_name_k8s}' and `namespace` = '#{namespace}' and `daemonset` = '#{daemonset}' }", "code": "A", "fill": null, "type": "dql", "alias": "", "field": "ready", "index": "default", "fillNum": null, "filters": [{"op": "=", "name": "cluster_name_k8s", "type": "", "logic": "and", "value": "#{cluster_name_k8s}", "values": []}, {"op": "=", "name": "namespace", "type": "", "logic": "and", "value": "#{namespace}", "values": []}, {"op": "=", "name": "daemonset", "type": "", "logic": "and", "value": "#{daemonset}", "values": []}], "groupBy": [], "indexes": ["default"], "labelOp": "", "funcList": [], "interval": "", "fieldFunc": "last", "namespace": "metric", "dataSource": "kube_daemonset", "queryFuncs": [], "withLabels": [], "groupByTime": "", "indexFilter": "default", "dataSourceFunc": ""}, "datasource": "dataflux"}]}, {"extend": {"settings": {"alias": [], "units": [], "colors": [], "levels": [{"value": ["0"], "bgColor": "#09FC40", "fontColor": "", "lineColor": "", "operation": "!="}, {"value": [""], "bgColor": "#FF9402", "fontColor": "", "lineColor": "", "operation": "="}], "bgColor": "", "mappings": [], "showLine": false, "unitType": "global", "fixedTime": "", "fontColor": "", "lineColor": "#3AB8FF", "precision": "2", "showTitle": true, "titleDesc": "", "downsample": "last", "globalUnit": [], "isSampling": true, "compareType": "", "openCompare": false, "showLineAxis": false, "timeInterval": "auto", "isTimeInterval": false, "changeWorkspace": false, "currentChartType": "singlestat", "showFieldMapping": false, "sequenceChartType": "line", "openThousandsSeparator": true}, "fixedTime": "", "isRefresh": false}, "group": {"name": "Overview"}, "name": "Replica Available", "pos": {"h": 8, "w": 5, "x": 14, "y": 0}, "type": "singlestat", "queries": [{"name": "", "type": "singlestat", "unit": "", "color": "", "qtype": "dql", "query": {"q": "M::`kube_daemonset`:(last(`daemons_available`)) { `cluster_name_k8s` = '#{cluster_name_k8s}' and `namespace` = '#{namespace}' and `daemonset` = '#{daemonset}' }", "code": "A", "fill": null, "type": "simple", "alias": "", "field": "daemons_available", "fillNum": null, "filters": [{"id": "f9ab9f50-ac9a-11ef-a99c-33e1b35ba0ba", "op": "=", "name": "cluster_name_k8s", "type": "keyword", "logic": "and", "value": "#{cluster_name_k8s}", "values": []}, {"id": "fa5cedf0-ac9a-11ef-a99c-33e1b35ba0ba", "op": "=", "name": "namespace", "type": "keyword", "logic": "and", "value": "#{namespace}", "values": []}, {"id": "feb1f030-ac9a-11ef-a99c-33e1b35ba0ba", "op": "=", "name": "daemonset", "type": "keyword", "logic": "and", "value": "#{daemonset}", "values": []}], "groupBy": [], "labelOp": "", "funcList": [], "fieldFunc": "last", "fieldType": "float", "namespace": "metric", "dataSource": "kube_daemonset", "queryFuncs": [], "withLabels": [], "groupByTime": "", "indexFilter": "default", "additionalFields": null}, "datasource": "dataflux"}]}, {"extend": {"settings": {"alias": [], "units": [], "colors": [], "levels": [{"value": ["0"], "bgColor": "#FF9402", "fontColor": "", "lineColor": "", "operation": "!="}, {"value": ["0"], "bgColor": "#09FC40", "fontColor": "", "lineColor": "", "operation": "="}], "bgColor": "", "mappings": [], "showLine": false, "unitType": "global", "fixedTime": "", "fontColor": "", "lineColor": "#3AB8FF", "precision": "2", "showTitle": true, "titleDesc": "", "downsample": "last", "globalUnit": [], "isSampling": true, "compareType": "", "openCompare": false, "showLineAxis": false, "timeInterval": "auto", "isTimeInterval": false, "changeWorkspace": false, "currentChartType": "singlestat", "showFieldMapping": false, "sequenceChartType": "line", "openThousandsSeparator": true}, "fixedTime": "", "isRefresh": false}, "group": {"name": "Overview"}, "name": "Replica Unavailable", "pos": {"h": 8, "w": 5, "x": 19, "y": 0}, "type": "singlestat", "queries": [{"name": "", "type": "singlestat", "unit": "", "color": "", "qtype": "dql", "query": {"q": "M::`kube_daemonset`:(last(`daemons_unavailable`)) { `cluster_name_k8s` = '#{cluster_name_k8s}' and `namespace` = '#{namespace}' and `daemonset` = '#{daemonset}' }", "code": "A", "fill": null, "type": "simple", "alias": "", "field": "daemons_unavailable", "fillNum": null, "filters": [{"id": "15c11b20-ac9b-11ef-a99c-33e1b35ba0ba", "op": "=", "name": "cluster_name_k8s", "type": "keyword", "logic": "and", "value": "#{cluster_name_k8s}", "values": []}, {"id": "187601f0-ac9b-11ef-a99c-33e1b35ba0ba", "op": "=", "name": "namespace", "type": "keyword", "logic": "and", "value": "#{namespace}", "values": []}, {"id": "1d04b1d0-ac9b-11ef-a99c-33e1b35ba0ba", "op": "=", "name": "daemonset", "type": "keyword", "logic": "and", "value": "#{daemonset}", "values": []}], "groupBy": [], "labelOp": "", "funcList": [], "fieldFunc": "last", "fieldType": "float", "namespace": "metric", "dataSource": "kube_daemonset", "queryFuncs": [], "withLabels": [], "groupByTime": "", "indexFilter": "default", "additionalFields": null}, "datasource": "dataflux"}]}, {"extend": {"links": [{"url": "/logIndi/log/all?time=#{TR}&query=#{T}", "open": "newWin", "show": false, "type": "logging"}, {"url": "/objectadmin/docker_containers?routerTabActive=ObjectadminDocker&time=#{TR}&query=#{T}", "open": "newWin", "show": false, "type": "container"}, {"url": "/objectadmin/host_processes?routerTabActive=ObjectadminProcesses&time=#{TR}&query=#{T}", "open": "newWin", "show": false, "type": "processes"}, {"url": "/tracing/link/all?time=#{TR}&query=#{T}", "open": "newWin", "show": false, "type": "tracing"}], "settings": {"alias": [{"key": "cluster_name_k8s", "name": "cluster_name_k8s", "alias": "Cluster"}, {"key": "namespace", "name": "namespace", "alias": "Nmaspace"}, {"key": "service_name", "name": "service_name", "alias": "Service"}], "units": [], "colors": [], "levels": [], "slimit": 20, "pageSize": 0, "unitType": "global", "fixedTime": "", "precision": "2", "queryMode": "toGroupColumn", "showTitle": true, "titleDesc": "", "globalUnit": [], "isSampling": true, "showColumns": [], "valMappings": [], "aliasVersion": 2, "timeInterval": "auto", "isTimeInterval": false, "changeWorkspace": false, "disableFuncList": false, "currentChartType": "table", "showFieldMapping": false, "valColorMappings": [{"field": "Restart", "value": ["0"], "bgColor": "#FF9402", "fontColor": "", "lineColor": "", "operation": "!="}, {"field": "Restart", "value": ["0"], "bgColor": "#09FC40", "fontColor": "", "lineColor": "", "operation": "="}, {"field": "Status", "value": ["Running"], "bgColor": "#09FC40", "fontColor": "", "lineColor": "", "operation": "="}, {"field": "Status", "value": ["Running"], "bgColor": "#FF9402", "fontColor": "", "lineColor": "", "operation": "!="}], "scientificNotation": true, "mainMeasurementSort": "top", "mainMeasurementLimit": 20, "openThousandsSeparator": false, "mainMeasurementQueryCode": "A"}, "fixedTime": "", "isRefresh": false}, "group": {"name": "Overview"}, "name": "Service", "pos": {"h": 19, "w": 12, "x": 12, "y": 8}, "type": "table", "queries": [{"name": "", "type": "table", "unit": "", "color": "", "qtype": "dql", "query": {"q": "O::`kubernetes_services`:(last(`type`) AS `Type`) { `cluster_name_k8s` = '#{cluster_name_k8s}' and `namespace` = '#{namespace}' } BY `cluster_name_k8s`, `namespace`, `service_name`", "code": "C", "fill": null, "type": "simple", "alias": "Type", "field": "type", "fillNum": null, "filters": [{"id": "6755ebc0-ad39-11ef-b928-670d9670c184", "op": "=", "name": "cluster_name_k8s", "type": "", "logic": "and", "value": "#{cluster_name_k8s}", "values": []}, {"id": "6755ebc1-ad39-11ef-b928-670d9670c184", "op": "=", "name": "namespace", "type": "", "logic": "and", "value": "#{namespace}", "values": []}], "groupBy": ["cluster_name_k8s", "namespace", "service_name"], "labelOp": "", "funcList": [], "fieldFunc": "last", "fieldType": "keyword", "namespace": "object", "dataSource": "kubernetes_services", "queryFuncs": [], "withLabels": [], "groupByTime": "", "indexFilter": "default"}, "datasource": "dataflux"}, {"name": "", "type": "table", "unit": "", "color": "", "qtype": "dql", "query": {"q": "O::`kubernetes_services`:(last(`df_label`) AS `Selector`) { `cluster_name_k8s` = '#{cluster_name_k8s}' and `namespace` = '#{namespace}' } BY `cluster_name_k8s`, `namespace`, `service_name`", "code": "D", "fill": null, "type": "simple", "alias": "Selector", "field": "df_label", "fillNum": null, "filters": [{"id": "67eb7500-ad39-11ef-b928-670d9670c184", "op": "=", "name": "cluster_name_k8s", "type": "", "logic": "and", "value": "#{cluster_name_k8s}", "values": []}, {"id": "67eb7501-ad39-11ef-b928-670d9670c184", "op": "=", "name": "namespace", "type": "", "logic": "and", "value": "#{namespace}", "values": []}], "groupBy": ["cluster_name_k8s", "namespace", "service_name"], "labelOp": "", "funcList": [], "fieldFunc": "last", "fieldType": "array_keyword", "namespace": "object", "dataSource": "kubernetes_services", "queryFuncs": [], "withLabels": [], "groupByTime": "", "indexFilter": "default"}, "datasource": "dataflux"}, {"name": "", "type": "table", "unit": "", "color": "", "qtype": "dql", "query": {"q": "O::`kubernetes_services`:(last(`cluster_ip`) AS `Cluster IP`) { `cluster_name_k8s` = '#{cluster_name_k8s}' and `namespace` = '#{namespace}' } BY `cluster_name_k8s`, `namespace`, `service_name`", "code": "B", "fill": null, "type": "simple", "alias": "Cluster IP", "field": "cluster_ip", "fillNum": null, "filters": [{"id": "68854400-ad39-11ef-b928-670d9670c184", "op": "=", "name": "cluster_name_k8s", "type": "", "logic": "and", "value": "#{cluster_name_k8s}", "values": []}, {"id": "68854401-ad39-11ef-b928-670d9670c184", "op": "=", "name": "namespace", "type": "", "logic": "and", "value": "#{namespace}", "values": []}], "groupBy": ["cluster_name_k8s", "namespace", "service_name"], "labelOp": "", "funcList": [], "fieldFunc": "last", "fieldType": "keyword", "namespace": "object", "dataSource": "kubernetes_services", "queryFuncs": [], "withLabels": [], "groupByTime": "", "indexFilter": "default"}, "datasource": "dataflux"}, {"name": "", "type": "table", "unit": "", "color": "", "qtype": "dql", "query": {"q": "O::`kubernetes_services`:(last(`age`) AS `Age`) { `cluster_name_k8s` = '#{cluster_name_k8s}' and `namespace` = '#{namespace}' } BY `cluster_name_k8s`, `namespace`, `service_name`", "code": "A", "fill": null, "type": "simple", "alias": "Age", "field": "age", "fillNum": null, "filters": [{"id": "691527f0-ad39-11ef-b928-670d9670c184", "op": "=", "name": "cluster_name_k8s", "type": "", "logic": "and", "value": "#{cluster_name_k8s}", "values": []}, {"id": "691527f1-ad39-11ef-b928-670d9670c184", "op": "=", "name": "namespace", "type": "", "logic": "and", "value": "#{namespace}", "values": []}], "groupBy": ["cluster_name_k8s", "namespace", "service_name"], "labelOp": "", "funcList": [], "fieldFunc": "last", "fieldType": "long", "namespace": "object", "dataSource": "kubernetes_services", "queryFuncs": [], "withLabels": [], "groupByTime": "", "indexFilter": "default"}, "datasource": "dataflux"}]}], "groups": [{"name": "Overview", "extend": {}}, {"name": "Compute Resources", "extend": {}}, {"name": "Network", "extend": {}}], "type": "template"}, "identifier": "guance-k8s-daemonset"}