{"title": "Kubernetes Event", "dashboardType": "CUSTOM", "dashboardExtend": {}, "dashboardMapping": [], "dashboardOwnerType": "node", "iconSet": {"url": "https://static-res.guance.com/dataflux-template/dashboard/zh/kubernetes_events/kubernetes_events.png", "icon": "https://static-res.guance.com/dataflux-template/dashboard/zh/kubernetes_events/icon.svg"}, "dashboardBindSet": [], "thumbnail": "", "tagInfo": [{"name": "Kubernetes"}], "summary": "", "main": {"vars": [{"name": "Cluster", "seq": 0, "datasource": "dataflux", "code": "cluster_name_k8s", "type": "LOGGING", "definition": {"tag": "", "field": "cluster_name_k8s", "value": "", "metric": "kubernetes_events", "object": "", "logIndex": "default", "defaultVal": {"label": "", "value": ""}}, "valueSort": "asc", "hide": 0, "isHiddenAsterisk": 0, "multiple": false, "includeStar": true, "extend": {}}], "charts": [{"extend": {"settings": {"alias": [], "units": [], "colors": [{"key": "Status{\"type\": \"Normal\"}", "name": "Status{\"type\": \"Normal\"}", "color": "#498BFE"}, {"key": "Status{\"type\": \"Warning\"}", "name": "Status{\"type\": \"Warning\"}", "color": "#C8DD4F"}], "levels": [], "slimit": 20, "density": "lower", "showLine": false, "unitType": "global", "chartType": "bar", "fixedTime": "", "isPercent": false, "openStack": true, "precision": "2", "showLabel": false, "showTitle": true, "stackType": "time", "titleDesc": "", "globalUnit": [], "isSampling": true, "compareType": "", "openCompare": false, "yAxixMaxVal": null, "yAxixMinVal": null, "compareTitle": "", "connectNulls": true, "legendValues": "", "timeInterval": "default", "legendPostion": "none", "maxPointCount": 60, "sorderByOrder": "desc", "xAxisShowType": "time", "isTimeInterval": true, "changeWorkspace": false, "currentChartType": "sequence", "showFieldMapping": true, "onlyShowGroupName": false, "scientificNotation": true, "openThousandsSeparator": true, "mainMeasurementQueryCode": "A"}, "fixedTime": "", "isRefresh": false, "fixedGroupByTime": null}, "group": {"name": null}, "name": "Kubernetes Event", "pos": {"h": 18, "w": 12, "x": 0, "y": 0}, "type": "sequence", "queries": [{"name": "", "type": "sequence", "unit": "", "color": "", "qtype": "dql", "query": {"q": "L('default')::`kubernetes_events`:(count(`*`) AS `Status`) { `cluster_name_k8s` = '#{cluster_name_k8s}' } BY `type`", "code": "A", "fill": "", "type": "simple", "alias": "Status", "field": "*", "search": "", "filters": [{"id": "8bd9d820-ab14-11ef-b53b-f335a1ad18ff", "op": "=", "name": "cluster_name_k8s", "type": "keyword", "logic": "and", "value": "#{cluster_name_k8s}", "values": []}], "groupBy": ["type"], "funcList": [], "fieldFunc": "count", "fieldType": "keyword", "namespace": "logging", "dataSource": "kubernetes_events", "queryFuncs": [], "groupByTime": "", "indexFilter": "default"}, "datasource": "dataflux"}]}, {"extend": {"settings": {"alias": [], "units": [], "colors": [{"key": "count(*){\"type\": \"Warning\"}", "name": "count(*){\"type\": \"Warning\"}", "color": "#F9FE49"}], "levels": [], "slimit": 20, "density": "medium", "showLine": false, "unitType": "global", "chartType": "areaLine", "fixedTime": "curd", "isPercent": false, "openStack": false, "precision": "2", "showLabel": false, "showTitle": true, "stackType": "time", "titleDesc": "", "globalUnit": [], "isSampling": true, "compareType": "", "openCompare": false, "yAxixMaxVal": null, "yAxixMinVal": null, "compareTitle": "", "connectNulls": true, "legendValues": "", "timeInterval": "default", "legendPostion": "none", "maxPointCount": 360, "sorderByOrder": "desc", "xAxisShowType": "time", "isTimeInterval": true, "changeWorkspace": false, "currentChartType": "sequence", "showFieldMapping": true, "onlyShowGroupName": false, "scientificNotation": true, "openThousandsSeparator": true, "mainMeasurementQueryCode": "A"}, "fixedTime": {"key": "curd", "text": "\u4eca\u65e5"}, "isRefresh": false}, "group": {"name": null}, "name": "Warnning Events", "pos": {"h": 18, "w": 12, "x": 12, "y": 0}, "type": "sequence", "queries": [{"name": "", "type": "sequence", "unit": "", "color": "", "qtype": "dql", "query": {"q": "L('default')::`kubernetes_events`:(count(`*`)) { `type` != 'Normal' and `cluster_name_k8s` = '#{cluster_name_k8s}' } BY `type`", "code": "A", "fill": "", "type": "simple", "alias": "", "field": "*", "search": "", "filters": [{"id": "1c876e30-f12e-11ec-831c-cb8103bf245c", "op": "!=", "name": "type", "type": "keyword", "logic": "and", "value": "Normal"}, {"id": "9432d670-ab14-11ef-b53b-f335a1ad18ff", "op": "=", "name": "cluster_name_k8s", "type": "keyword", "logic": "and", "value": "#{cluster_name_k8s}", "values": []}], "groupBy": ["type"], "funcList": [], "fieldFunc": "count", "fieldType": "keyword", "namespace": "logging", "dataSource": "kubernetes_events", "queryFuncs": [], "groupByTime": "", "indexFilter": "default"}, "datasource": "dataflux"}]}, {"extend": {"links": [{"url": "/scene/dashboard/dashboardDetail?dashboard_id=dsbd_ad5ba410bb294cf894b0f52345dd39ae&name=Kubernetes Events Reason&time=#{TR}&is_refresh=true&variable={\"reason\":\"OOMKilling\",\"namespace\":\"re(`.*`)\",\"node_name\":\"re(`.*`)\"}", "open": "newWin", "show": true, "type": "custom", "alias": "\u5bb9\u5668OOM\u8be6\u60c5"}, {"url": "/logIndi/log/all?time=#{TR}&tags=#{T}", "show": false, "type": "logging"}, {"url": "/objectadmin/docker_containers?routerTabActive=ObjectadminDocker&time=#{TR}&tags=#{T}", "show": false, "type": "container"}, {"url": "/objectadmin/host_processes?routerTabActive=ObjectadminProcesses&time=#{TR}&tags=#{T}", "show": false, "type": "processes"}, {"url": "/tracing/link/all?time=#{TR}&tags=#{T}", "show": false, "type": "tracing"}], "settings": {"alias": [], "units": [], "colors": [], "levels": [], "bgColor": "#FFBD5F", "mappings": [], "showLine": false, "unitType": "global", "fixedTime": "1d", "fontColor": "#000000", "lineColor": "#3AB8FF", "precision": "2", "showTitle": true, "titleDesc": "", "downsample": "last", "globalUnit": [], "isSampling": true, "compareType": "", "openCompare": false, "compareTitle": "", "showLineAxis": false, "timeInterval": "auto", "isTimeInterval": false, "changeWorkspace": false, "currentChartType": "singlestat", "showFieldMapping": false, "sequenceChartType": "line", "openThousandsSeparator": true}, "fixedTime": {"key": "1d", "text": "\u6700\u8fd1 1 \u5929"}, "isRefresh": false}, "group": {"name": "Kubernetes Events Latest 24h"}, "name": "Container OOM", "pos": {"h": 9, "w": 6, "x": 0, "y": 17}, "type": "singlestat", "queries": [{"name": "", "type": "singlestat", "unit": "", "color": "", "qtype": "dql", "query": {"q": "L('default')::`kubernetes_events`:(count(`*`)) { `reason` = 'OOMKilling' and `cluster_name_k8s` = '#{cluster_name_k8s}' }", "code": "A", "fill": null, "type": "simple", "alias": "", "field": "*", "fillNum": null, "filters": [{"id": "ff412610-ab14-11ef-b53b-f335a1ad18ff", "op": "=", "name": "reason", "type": "", "logic": "and", "value": "OOMKilling", "values": []}, {"id": "0169d270-ab15-11ef-b53b-f335a1ad18ff", "op": "=", "name": "cluster_name_k8s", "type": "keyword", "logic": "and", "value": "#{cluster_name_k8s}", "values": []}], "groupBy": [], "labelOp": "", "funcList": [], "fieldFunc": "count", "fieldType": "keyword", "namespace": "logging", "dataSource": "kubernetes_events", "queryFuncs": [], "withLabels": [], "groupByTime": "", "indexFilter": "default"}, "datasource": "dataflux"}]}, {"extend": {"links": [{"url": "/scene/dashboard/dashboardDetail?dashboard_id=dsbd_ad5ba410bb294cf894b0f52345dd39ae&name=Kubernetes Events Reason&time=#{TR}&is_refresh=true&variable={\"reason\":\"FailedScheduling\",\"namespace\":\"re(`.*`)\",\"node_name\":\"re(`.*`)\"}", "open": "newWin", "show": true, "type": "custom", "alias": "\u8c03\u5ea6\u5931\u8d25\u8be6\u60c5"}, {"url": "/logIndi/log/all?time=#{TR}&tags=#{T}", "show": false, "type": "logging"}, {"url": "/objectadmin/docker_containers?routerTabActive=ObjectadminDocker&time=#{TR}&tags=#{T}", "show": false, "type": "container"}, {"url": "/objectadmin/host_processes?routerTabActive=ObjectadminProcesses&time=#{TR}&tags=#{T}", "show": false, "type": "processes"}, {"url": "/tracing/link/all?time=#{TR}&tags=#{T}", "show": false, "type": "tracing"}], "settings": {"alias": [], "units": [], "colors": [], "levels": [], "bgColor": "#FFBD5F", "mappings": [], "showLine": false, "unitType": "global", "fixedTime": "1d", "fontColor": "#000000", "lineColor": "#3AB8FF", "precision": "2", "showTitle": true, "titleDesc": "", "downsample": "last", "globalUnit": [], "isSampling": true, "compareType": "", "openCompare": false, "compareTitle": "", "showLineAxis": false, "timeInterval": "auto", "isTimeInterval": false, "changeWorkspace": false, "currentChartType": "singlestat", "showFieldMapping": false, "sequenceChartType": "line", "scientificNotation": true, "openThousandsSeparator": true}, "fixedTime": {"key": "1d", "text": "\u6700\u8fd1 1 \u5929"}, "isRefresh": false}, "group": {"name": "Kubernetes Events Latest 24h"}, "name": "Schedule Failed", "pos": {"h": 9, "w": 6, "x": 6, "y": 0}, "type": "singlestat", "queries": [{"name": "", "type": "singlestat", "unit": "", "color": "", "qtype": "dql", "query": {"q": "L('default')::`kubernetes_events`:(count(`*`)) { `reason` = 'FailedScheduling' and `cluster_name_k8s` = '#{cluster_name_k8s}' }", "code": "A", "fill": null, "type": "dql", "alias": "", "field": "*", "index": "default", "fillNum": null, "filters": [{"op": "=", "name": "reason", "type": "", "logic": "and", "value": "FailedScheduling", "values": []}, {"op": "=", "name": "cluster_name_k8s", "type": "", "logic": "and", "value": "#{cluster_name_k8s}", "values": []}], "groupBy": [], "indexes": ["default"], "labelOp": "", "funcList": [], "interval": "", "fieldFunc": "count", "namespace": "logging", "dataSource": "kubernetes_events", "queryFuncs": [], "withLabels": [], "groupByTime": "", "indexFilter": "default", "dataSourceFunc": ""}, "datasource": "dataflux"}]}, {"extend": {"links": [{"url": "/scene/dashboard/dashboardDetail?dashboard_id=dsbd_ad5ba410bb294cf894b0f52345dd39ae&name=Kubernetes Events Reason&time=#{TR}&is_refresh=true&variable={\"reason\":\"BackOff\",\"namespace\":\"re(`.*`)\",\"node_name\":\"re(`.*`)\"}", "open": "newWin", "show": true, "type": "custom", "alias": "\u5bb9\u5668Crash\u8be6\u60c5"}, {"url": "/logIndi/log/all?time=#{TR}&tags=#{T}", "show": false, "type": "logging"}, {"url": "/objectadmin/docker_containers?routerTabActive=ObjectadminDocker&time=#{TR}&tags=#{T}", "show": false, "type": "container"}, {"url": "/objectadmin/host_processes?routerTabActive=ObjectadminProcesses&time=#{TR}&tags=#{T}", "show": false, "type": "processes"}, {"url": "/tracing/link/all?time=#{TR}&tags=#{T}", "show": false, "type": "tracing"}], "settings": {"alias": [], "units": [], "colors": [], "levels": [], "bgColor": "#FFBD5F", "mappings": [], "showLine": false, "unitType": "global", "fixedTime": "1d", "fontColor": "#000000", "lineColor": "#3AB8FF", "precision": "2", "showTitle": true, "titleDesc": "", "downsample": "last", "globalUnit": [], "isSampling": true, "compareType": "", "openCompare": false, "compareTitle": "", "showLineAxis": false, "timeInterval": "auto", "isTimeInterval": false, "changeWorkspace": false, "currentChartType": "singlestat", "showFieldMapping": false, "sequenceChartType": "line", "scientificNotation": true, "openThousandsSeparator": true}, "fixedTime": {"key": "1d", "text": "\u6700\u8fd1 1 \u5929"}, "isRefresh": false}, "group": {"name": "Kubernetes Events Latest 24h"}, "name": "Container Crash", "pos": {"h": 9, "w": 6, "x": 12, "y": 17}, "type": "singlestat", "queries": [{"name": "", "type": "singlestat", "unit": "", "color": "", "qtype": "dql", "query": {"q": "L('default')::`kubernetes_events`:(count(`*`)) { `reason` = 'BackOff' and `cluster_name_k8s` = '#{cluster_name_k8s}' }", "code": "A", "fill": null, "type": "simple", "alias": "", "field": "*", "fillNum": null, "filters": [{"id": "1d1b8360-ab15-11ef-b53b-f335a1ad18ff", "op": "=", "name": "reason", "type": "", "logic": "and", "value": "BackOff", "values": []}, {"id": "1e7dd280-ab15-11ef-b53b-f335a1ad18ff", "op": "=", "name": "cluster_name_k8s", "type": "keyword", "logic": "and", "value": "#{cluster_name_k8s}", "values": []}], "groupBy": [], "labelOp": "", "funcList": [], "fieldFunc": "count", "fieldType": "keyword", "namespace": "logging", "dataSource": "kubernetes_events", "queryFuncs": [], "withLabels": [], "groupByTime": "", "indexFilter": "default"}, "datasource": "dataflux"}]}, {"extend": {"links": [{"url": "/scene/dashboard/dashboardDetail?dashboard_id=dsbd_ad5ba410bb294cf894b0f52345dd39ae&name=Kubernetes Events Reason&time=#{TR}&is_refresh=true&variable={\"reason\":\"Killing\",\"namespace\":\"re(`.*`)\",\"node_name\":\"re(`.*`)\"}", "open": "newWin", "show": true, "type": "custom", "alias": "\u63a2\u9488\u5931\u8d25\u8be6\u60c5"}, {"url": "/logIndi/log/all?time=#{TR}&tags=#{T}", "show": false, "type": "logging"}, {"url": "/objectadmin/docker_containers?routerTabActive=ObjectadminDocker&time=#{TR}&tags=#{T}", "show": false, "type": "container"}, {"url": "/objectadmin/host_processes?routerTabActive=ObjectadminProcesses&time=#{TR}&tags=#{T}", "show": false, "type": "processes"}, {"url": "/tracing/link/all?time=#{TR}&tags=#{T}", "show": false, "type": "tracing"}], "settings": {"alias": [], "units": [], "colors": [], "levels": [], "bgColor": "#FFBD5F", "mappings": [], "showLine": false, "unitType": "global", "fixedTime": "1d", "fontColor": "#000000", "lineColor": "#3AB8FF", "precision": "2", "showTitle": true, "titleDesc": "", "downsample": "last", "globalUnit": [], "isSampling": true, "compareType": "", "openCompare": false, "compareTitle": "", "showLineAxis": false, "timeInterval": "auto", "isTimeInterval": false, "changeWorkspace": false, "currentChartType": "singlestat", "showFieldMapping": false, "sequenceChartType": "line", "scientificNotation": true, "openThousandsSeparator": true}, "fixedTime": {"key": "1d", "text": "\u6700\u8fd1 1 \u5929"}, "isRefresh": false}, "group": {"name": "Kubernetes Events Latest 24h"}, "name": "Probe Failed", "pos": {"h": 9, "w": 6, "x": 12, "y": 0}, "type": "singlestat", "queries": [{"name": "", "type": "singlestat", "unit": "", "color": "", "qtype": "dql", "query": {"q": "L('default')::`kubernetes_events`:(count(`*`)) { `reason` = 'Killing' and `message` = re('failed liveness probe.*') and `cluster_name_k8s` = '#{cluster_name_k8s}' }", "code": "A", "fill": null, "type": "simple", "alias": "", "field": "*", "fillNum": null, "filters": [{"id": "a870b8f0-ab14-11ef-b53b-f335a1ad18ff", "op": "=", "name": "reason", "type": "", "logic": "and", "value": "Killing", "values": []}, {"id": "a870b8f1-ab14-11ef-b53b-f335a1ad18ff", "op": "=~", "name": "message", "type": "", "logic": "and", "value": "failed liveness probe.*", "values": []}, {"id": "a9376450-ab14-11ef-b53b-f335a1ad18ff", "op": "=", "name": "cluster_name_k8s", "type": "keyword", "logic": "and", "value": "#{cluster_name_k8s}", "values": []}], "groupBy": [], "labelOp": "", "funcList": [], "fieldFunc": "count", "fieldType": "keyword", "namespace": "logging", "dataSource": "kubernetes_events", "queryFuncs": [], "withLabels": [], "groupByTime": "", "indexFilter": "default"}, "datasource": "dataflux"}]}, {"extend": {"links": [{"url": "/scene/dashboard/dashboardDetail?dashboard_id=dsbd_ad5ba410bb294cf894b0f52345dd39ae&name=Kubernetes Events Reason&time=#{TR}&is_refresh=true&variable={\"reason\":\"SystemOOM\",\"namespace\":\"re(`.*`)\",\"node_name\":\"re(`.*`)\"}", "open": "newWin", "show": true, "type": "custom", "alias": "\u8282\u70b9OOM\u8be6\u60c5"}, {"url": "/logIndi/log/all?time=#{TR}&tags=#{T}", "show": false, "type": "logging"}, {"url": "/objectadmin/docker_containers?routerTabActive=ObjectadminDocker&time=#{TR}&tags=#{T}", "show": false, "type": "container"}, {"url": "/objectadmin/host_processes?routerTabActive=ObjectadminProcesses&time=#{TR}&tags=#{T}", "show": false, "type": "processes"}, {"url": "/tracing/link/all?time=#{TR}&tags=#{T}", "show": false, "type": "tracing"}], "settings": {"alias": [], "units": [], "colors": [], "levels": [], "bgColor": "#FFBD5F", "mappings": [], "showLine": false, "unitType": "global", "fixedTime": "1d", "fontColor": "#000000", "lineColor": "#3AB8FF", "precision": "2", "showTitle": true, "titleDesc": "", "downsample": "last", "globalUnit": [], "isSampling": true, "compareType": "", "openCompare": false, "compareTitle": "", "showLineAxis": false, "timeInterval": "auto", "isTimeInterval": false, "changeWorkspace": false, "currentChartType": "singlestat", "showFieldMapping": false, "sequenceChartType": "line", "openThousandsSeparator": true}, "fixedTime": {"key": "1d", "text": "\u6700\u8fd1 1 \u5929"}, "isRefresh": false}, "group": {"name": "Kubernetes Events Latest 24h"}, "name": "Node OOM", "pos": {"h": 8, "w": 6, "x": 18, "y": 9}, "type": "singlestat", "queries": [{"name": "", "type": "singlestat", "unit": "", "color": "", "qtype": "dql", "query": {"q": "L('default')::`kubernetes_events`:(count(`*`)) { `reason` = 'SystemOOM' and `cluster_name_k8s` = '#{cluster_name_k8s}' }", "code": "A", "fill": null, "type": "simple", "alias": "", "field": "*", "fillNum": null, "filters": [{"id": "25f99030-ab15-11ef-b53b-f335a1ad18ff", "op": "=", "name": "reason", "type": "", "logic": "and", "value": "SystemOOM", "values": []}, {"id": "275c7b90-ab15-11ef-b53b-f335a1ad18ff", "op": "=", "name": "cluster_name_k8s", "type": "keyword", "logic": "and", "value": "#{cluster_name_k8s}", "values": []}], "groupBy": [], "labelOp": "", "funcList": [], "fieldFunc": "count", "fieldType": "keyword", "namespace": "logging", "dataSource": "kubernetes_events", "queryFuncs": [], "withLabels": [], "groupByTime": "", "indexFilter": "default"}, "datasource": "dataflux"}]}, {"extend": {"links": [{"url": "/scene/dashboard/dashboardDetail?dashboard_id=dsbd_ad5ba410bb294cf894b0f52345dd39ae&name=Kubernetes Events Reason&time=#{TR}&is_refresh=true&variable={\"reason\":\"Rebooted\",\"namespace\":\"re(`.*`)\",\"node_name\":\"re(`.*`)\"}", "open": "newWin", "show": true, "type": "custom", "alias": "\u8282\u70b9\u91cd\u542f\u8be6\u60c5"}, {"url": "/logIndi/log/all?time=#{TR}&tags=#{T}", "show": false, "type": "logging"}, {"url": "/objectadmin/docker_containers?routerTabActive=ObjectadminDocker&time=#{TR}&tags=#{T}", "show": false, "type": "container"}, {"url": "/objectadmin/host_processes?routerTabActive=ObjectadminProcesses&time=#{TR}&tags=#{T}", "show": false, "type": "processes"}, {"url": "/tracing/link/all?time=#{TR}&tags=#{T}", "show": false, "type": "tracing"}], "settings": {"alias": [], "units": [], "colors": [], "levels": [], "bgColor": "#FFBD5F", "mappings": [], "showLine": false, "unitType": "global", "fixedTime": "1d", "fontColor": "#000000", "lineColor": "#3AB8FF", "precision": "2", "showTitle": true, "titleDesc": "", "downsample": "last", "globalUnit": [], "isSampling": true, "compareType": "", "openCompare": false, "compareTitle": "", "showLineAxis": false, "timeInterval": "auto", "isTimeInterval": false, "changeWorkspace": false, "currentChartType": "singlestat", "showFieldMapping": false, "sequenceChartType": "line", "scientificNotation": true, "openThousandsSeparator": true}, "fixedTime": {"key": "1d", "text": "\u6700\u8fd1 1 \u5929"}, "isRefresh": false}, "group": {"name": "Kubernetes Events Latest 24h"}, "name": "Node Rebooted", "pos": {"h": 9, "w": 6, "x": 18, "y": 0}, "type": "singlestat", "queries": [{"name": "", "type": "singlestat", "unit": "", "color": "", "qtype": "dql", "query": {"q": "L('default')::`kubernetes_events`:(count(`*`)) { `reason` = 'Rebooted' and `cluster_name_k8s` = '#{cluster_name_k8s}' }", "code": "A", "fill": null, "type": "simple", "alias": "", "field": "*", "fillNum": null, "filters": [{"id": "b5a28f80-ab14-11ef-b53b-f335a1ad18ff", "op": "=", "name": "reason", "type": "", "logic": "and", "value": "Rebooted", "values": []}, {"id": "b74bf9c0-ab14-11ef-b53b-f335a1ad18ff", "op": "=", "name": "cluster_name_k8s", "type": "keyword", "logic": "and", "value": "#{cluster_name_k8s}", "values": []}], "groupBy": [], "labelOp": "", "funcList": [], "fieldFunc": "count", "fieldType": "keyword", "namespace": "logging", "dataSource": "kubernetes_events", "queryFuncs": [], "withLabels": [], "groupByTime": "", "indexFilter": "default"}, "datasource": "dataflux"}]}, {"extend": {"links": [{"url": "/scene/dashboard/dashboardDetail?dashboard_id=dsbd_ad5ba410bb294cf894b0f52345dd39ae&name=Kubernetes Events Reason&time=#{TR}&is_refresh=true&variable={\"reason\":\"Failed\",\"namespace\":\"re(`.*`)\",\"node_name\":\"re(`.*`)\"}", "open": "newWin", "show": true, "type": "custom", "alias": "\u955c\u50cf\u62c9\u53d6\u5931\u8d25\u8be6\u60c5"}, {"url": "/logIndi/log/all?time=#{TR}&tags=#{T}", "show": false, "type": "logging"}, {"url": "/objectadmin/docker_containers?routerTabActive=ObjectadminDocker&time=#{TR}&tags=#{T}", "show": false, "type": "container"}, {"url": "/objectadmin/host_processes?routerTabActive=ObjectadminProcesses&time=#{TR}&tags=#{T}", "show": false, "type": "processes"}, {"url": "/tracing/link/all?time=#{TR}&tags=#{T}", "show": false, "type": "tracing"}], "settings": {"alias": [], "units": [], "colors": [], "levels": [], "bgColor": "#FFBD5F", "mappings": [], "showLine": false, "unitType": "global", "fixedTime": "1d", "fontColor": "#000000", "lineColor": "#3AB8FF", "precision": "2", "showTitle": true, "titleDesc": "", "downsample": "last", "globalUnit": [], "isSampling": true, "compareType": "", "openCompare": false, "compareTitle": "", "showLineAxis": false, "timeInterval": "auto", "isTimeInterval": false, "changeWorkspace": false, "currentChartType": "singlestat", "showFieldMapping": false, "sequenceChartType": "line", "scientificNotation": true, "openThousandsSeparator": true}, "fixedTime": {"key": "1d", "text": "\u6700\u8fd1 1 \u5929"}, "isRefresh": false}, "group": {"name": "Kubernetes Events Latest 24h"}, "name": "ImagePull Failed", "pos": {"h": 9, "w": 6, "x": 0, "y": 0}, "type": "singlestat", "queries": [{"name": "", "type": "singlestat", "unit": "", "color": "", "qtype": "dql", "query": {"q": "L('default')::`kubernetes_events`:(count(`*`)) { `message` = re('ImagePullBackOffError: ImagePullBackOff') and `reason` = 'Failed' and `cluster_name_k8s` = '#{cluster_name_k8s}' }", "code": "A", "fill": "", "type": "simple", "alias": "", "field": "*", "search": "", "filters": [{"id": "835e7cc0-f12e-11ec-831c-cb8103bf245c", "op": "=~", "name": "message", "type": "text", "logic": "and", "value": "ImagePullBackOffError: ImagePullBackOff"}, {"id": "9411b1e0-f12e-11ec-831c-cb8103bf245c", "op": "=", "name": "reason", "type": "keyword", "logic": "and", "value": "Failed"}, {"id": "9b75f7f0-ab14-11ef-b53b-f335a1ad18ff", "op": "=", "name": "cluster_name_k8s", "type": "keyword", "logic": "and", "value": "#{cluster_name_k8s}", "values": []}], "groupBy": [], "funcList": [], "fieldFunc": "count", "fieldType": "keyword", "namespace": "logging", "dataSource": "kubernetes_events", "queryFuncs": [], "groupByTime": "", "indexFilter": "default"}, "datasource": "dataflux"}]}, {"extend": {"links": [{"url": "/scene/dashboard/dashboardDetail?dashboard_id=dsbd_ad5ba410bb294cf894b0f52345dd39ae&name=Kubernetes Events Reason&time=#{TR}&is_refresh=true&variable={\"reason\":\"DockerHung\",\"namespace\":\"re(`.*`)\",\"node_name\":\"re(`.*`)\"}", "open": "newWin", "show": true, "type": "custom", "alias": "DockerHung\u8be6\u60c5"}, {"url": "/logIndi/log/all?time=#{TR}&tags=#{T}", "show": false, "type": "logging"}, {"url": "/objectadmin/docker_containers?routerTabActive=ObjectadminDocker&time=#{TR}&tags=#{T}", "show": false, "type": "container"}, {"url": "/objectadmin/host_processes?routerTabActive=ObjectadminProcesses&time=#{TR}&tags=#{T}", "show": false, "type": "processes"}, {"url": "/tracing/link/all?time=#{TR}&tags=#{T}", "show": false, "type": "tracing"}], "settings": {"alias": [], "units": [], "colors": [], "levels": [], "bgColor": "#FFBD5F", "mappings": [], "showLine": false, "unitType": "global", "fixedTime": "1d", "fontColor": "#000000", "lineColor": "#3AB8FF", "precision": "2", "showTitle": true, "titleDesc": "", "downsample": "last", "globalUnit": [], "isSampling": true, "compareType": "", "openCompare": false, "compareTitle": "", "showLineAxis": false, "timeInterval": "auto", "isTimeInterval": false, "changeWorkspace": false, "currentChartType": "singlestat", "showFieldMapping": false, "sequenceChartType": "line", "openThousandsSeparator": true}, "fixedTime": {"key": "1d", "text": "\u6700\u8fd1 1 \u5929"}, "isRefresh": false}, "group": {"name": "Kubernetes Events Latest 24h"}, "name": "DockerHung", "pos": {"h": 8, "w": 6, "x": 6, "y": 9}, "type": "singlestat", "queries": [{"name": "", "type": "singlestat", "unit": "", "color": "", "qtype": "dql", "query": {"q": "L('default')::`kubernetes_events`:(count(`*`)) { `reason` = 'DockerHung' and `cluster_name_k8s` = '#{cluster_name_k8s}' }", "code": "A", "fill": null, "type": "simple", "alias": "", "field": "*", "fillNum": null, "filters": [{"id": "c416d120-ab14-11ef-b53b-f335a1ad18ff", "op": "=", "name": "reason", "type": "", "logic": "and", "value": "DockerHung", "values": []}, {"id": "c58a3740-ab14-11ef-b53b-f335a1ad18ff", "op": "=", "name": "cluster_name_k8s", "type": "keyword", "logic": "and", "value": "#{cluster_name_k8s}", "values": []}], "groupBy": [], "labelOp": "", "funcList": [], "fieldFunc": "count", "fieldType": "keyword", "namespace": "logging", "dataSource": "kubernetes_events", "queryFuncs": [], "withLabels": [], "groupByTime": "", "indexFilter": "default"}, "datasource": "dataflux"}]}, {"extend": {"links": [{"url": "/scene/dashboard/dashboardDetail?dashboard_id=dsbd_ad5ba410bb294cf894b0f52345dd39ae&name=Kubernetes Events Reason&time=#{TR}&is_refresh=true&variable={\"reason\":\"NodeNotReady\",\"namespace\":\"re(`.*`)\",\"node_name\":\"re(`.*`)\"}", "open": "newWin", "show": true, "type": "custom", "alias": "\u8282\u70b9\u4e0d\u53ef\u7528\u8be6\u60c5"}, {"url": "/logIndi/log/all?time=#{TR}&tags=#{T}", "show": false, "type": "logging"}, {"url": "/objectadmin/docker_containers?routerTabActive=ObjectadminDocker&time=#{TR}&tags=#{T}", "show": false, "type": "container"}, {"url": "/objectadmin/host_processes?routerTabActive=ObjectadminProcesses&time=#{TR}&tags=#{T}", "show": false, "type": "processes"}, {"url": "/tracing/link/all?time=#{TR}&tags=#{T}", "show": false, "type": "tracing"}], "settings": {"alias": [], "units": [], "colors": [], "levels": [], "bgColor": "#FFBD5F", "mappings": [], "showLine": false, "unitType": "global", "fixedTime": "1d", "fontColor": "#000000", "lineColor": "#3AB8FF", "precision": "2", "showTitle": true, "titleDesc": "", "downsample": "last", "globalUnit": [], "isSampling": true, "compareType": "", "openCompare": false, "compareTitle": "", "showLineAxis": false, "timeInterval": "auto", "isTimeInterval": false, "changeWorkspace": false, "currentChartType": "singlestat", "showFieldMapping": false, "sequenceChartType": "line", "scientificNotation": true, "openThousandsSeparator": true}, "fixedTime": {"key": "1d", "text": "\u6700\u8fd1 1 \u5929"}, "isRefresh": false}, "group": {"name": "Kubernetes Events Latest 24h"}, "name": "Node Unavailable", "pos": {"h": 9, "w": 6, "x": 6, "y": 17}, "type": "singlestat", "queries": [{"name": "", "type": "singlestat", "unit": "", "color": "", "qtype": "dql", "query": {"q": "L('default')::`kubernetes_events`:(count_distinct(`node_name`)) { `reason` = 'NodeNotReady' and `cluster_name_k8s` = '#{cluster_name_k8s}' }", "code": "A", "fill": null, "type": "simple", "alias": "", "field": "node_name", "fillNum": null, "filters": [{"id": "0ca900c0-ab15-11ef-b53b-f335a1ad18ff", "op": "=", "name": "reason", "type": "", "logic": "and", "value": "NodeNotReady", "values": []}, {"id": "0d384870-ab15-11ef-b53b-f335a1ad18ff", "op": "=", "name": "cluster_name_k8s", "type": "keyword", "logic": "and", "value": "#{cluster_name_k8s}", "values": []}], "groupBy": [], "labelOp": "", "funcList": [], "fieldFunc": "count_distinct", "fieldType": "float", "namespace": "logging", "dataSource": "kubernetes_events", "queryFuncs": [], "withLabels": [], "groupByTime": "", "indexFilter": "default"}, "datasource": "dataflux"}]}, {"extend": {"links": [{"url": "/scene/dashboard/dashboardDetail?dashboard_id=dsbd_ad5ba410bb294cf894b0f52345dd39ae&name=Kubernetes Events Reason&time=#{TR}&is_refresh=true&variable={\"reason\":\"FailedMount\",\"namespace\":\"re(`.*`)\",\"node_name\":\"re(`.*`)\"}", "open": "newWin", "show": true, "type": "custom", "alias": "\u5377\u6302\u8f7d\u5931\u8d25\u8be6\u60c5"}, {"url": "/logIndi/log/all?time=#{TR}&tags=#{T}", "show": false, "type": "logging"}, {"url": "/objectadmin/docker_containers?routerTabActive=ObjectadminDocker&time=#{TR}&tags=#{T}", "show": false, "type": "container"}, {"url": "/objectadmin/host_processes?routerTabActive=ObjectadminProcesses&time=#{TR}&tags=#{T}", "show": false, "type": "processes"}, {"url": "/tracing/link/all?time=#{TR}&tags=#{T}", "show": false, "type": "tracing"}], "settings": {"alias": [], "units": [], "colors": [], "levels": [], "bgColor": "#FFBD5F", "mappings": [], "showLine": false, "unitType": "global", "fixedTime": "1d", "fontColor": "#000000", "lineColor": "#3AB8FF", "precision": "2", "showTitle": true, "titleDesc": "", "downsample": "last", "globalUnit": [], "isSampling": true, "compareType": "", "openCompare": false, "compareTitle": "", "showLineAxis": false, "timeInterval": "auto", "isTimeInterval": false, "changeWorkspace": false, "currentChartType": "singlestat", "showFieldMapping": false, "sequenceChartType": "line", "scientificNotation": true, "openThousandsSeparator": true}, "fixedTime": {"key": "1d", "text": "\u6700\u8fd1 1 \u5929"}, "isRefresh": false}, "group": {"name": "Kubernetes Events Latest 24h"}, "name": "Mount Failed", "pos": {"h": 8, "w": 6, "x": 12, "y": 9}, "type": "singlestat", "queries": [{"name": "", "type": "singlestat", "unit": "", "color": "", "qtype": "dql", "query": {"q": "L('default')::`kubernetes_events`:(count(`*`)) { `reason` = 'FailedMount' and `cluster_name_k8s` = '#{cluster_name_k8s}' and `cluster_name_k8s` = '#{cluster_name_k8s}' }", "code": "A", "fill": null, "type": "simple", "alias": "", "field": "*", "fillNum": null, "filters": [{"id": "af0990b0-ab14-11ef-b53b-f335a1ad18ff", "op": "=", "name": "reason", "type": "", "logic": "and", "value": "FailedMount", "values": []}, {"id": "b0594230-ab14-11ef-b53b-f335a1ad18ff", "op": "=", "name": "cluster_name_k8s", "type": "keyword", "logic": "and", "value": "#{cluster_name_k8s}", "values": []}, {"id": "cad70700-ab14-11ef-b53b-f335a1ad18ff", "op": "=", "name": "cluster_name_k8s", "type": "keyword", "logic": "and", "value": "#{cluster_name_k8s}", "values": []}], "groupBy": [], "labelOp": "", "funcList": [], "fieldFunc": "count", "fieldType": "keyword", "namespace": "logging", "dataSource": "kubernetes_events", "queryFuncs": [], "withLabels": [], "groupByTime": "", "indexFilter": "default"}, "datasource": "dataflux"}]}, {"extend": {"links": [{"url": "/scene/dashboard/dashboardDetail?dashboard_id=dsbd_ad5ba410bb294cf894b0f52345dd39ae&name=Kubernetes Events Reason&time=#{TR}&is_refresh=true&variable={\"reason\":\"ConntrackFull\",\"namespace\":\"re(`.*`)\",\"node_name\":\"re(`.*`)\"}", "open": "newWin", "show": true, "type": "custom", "alias": "ConntrackFull\u8be6\u60c5"}, {"url": "/logIndi/log/all?time=#{TR}&tags=#{T}", "show": false, "type": "logging"}, {"url": "/objectadmin/docker_containers?routerTabActive=ObjectadminDocker&time=#{TR}&tags=#{T}", "show": false, "type": "container"}, {"url": "/objectadmin/host_processes?routerTabActive=ObjectadminProcesses&time=#{TR}&tags=#{T}", "show": false, "type": "processes"}, {"url": "/tracing/link/all?time=#{TR}&tags=#{T}", "show": false, "type": "tracing"}], "settings": {"alias": [], "units": [], "colors": [], "levels": [], "bgColor": "#FFBD5F", "mappings": [], "showLine": false, "unitType": "global", "fixedTime": "1d", "fontColor": "#000000", "lineColor": "#3AB8FF", "precision": "2", "showTitle": true, "titleDesc": "", "downsample": "last", "globalUnit": [], "isSampling": true, "compareType": "", "openCompare": false, "compareTitle": "", "showLineAxis": false, "timeInterval": "auto", "isTimeInterval": false, "changeWorkspace": false, "currentChartType": "singlestat", "showFieldMapping": false, "sequenceChartType": "line", "scientificNotation": true, "openThousandsSeparator": true}, "fixedTime": {"key": "1d", "text": "\u6700\u8fd1 1 \u5929"}, "isRefresh": false}, "group": {"name": "Kubernetes Events Latest 24h"}, "name": "ConntrackFull", "pos": {"h": 8, "w": 6, "x": 0, "y": 9}, "type": "singlestat", "queries": [{"name": "", "type": "singlestat", "unit": "", "color": "", "qtype": "dql", "query": {"q": "L('default')::`kubernetes_events`:(count(`*`)) { `message` = re('Marking for deletion Pod: ImagePullBackOff.*') and `reason` = 'ConntrackFull' and `cluster_name_k8s` = '#{cluster_name_k8s}' }", "code": "A", "fill": null, "type": "simple", "alias": "", "field": "*", "fillNum": null, "filters": [{"id": "9c548da0-acc0-11ef-987b-5539f4dedcfa", "op": "=~", "name": "message", "type": "", "logic": "and", "value": "Marking for deletion Pod: ImagePullBackOff.*", "values": []}, {"id": "9c548da1-acc0-11ef-987b-5539f4dedcfa", "op": "=", "name": "reason", "type": "", "logic": "and", "value": "ConntrackFull", "values": []}, {"id": "9c548da2-acc0-11ef-987b-5539f4dedcfa", "op": "=", "name": "cluster_name_k8s", "type": "", "logic": "and", "value": "#{cluster_name_k8s}", "values": []}], "groupBy": [], "labelOp": "", "funcList": [], "fieldFunc": "count", "fieldType": "keyword", "namespace": "logging", "dataSource": "kubernetes_events", "queryFuncs": [], "withLabels": [], "groupByTime": "", "indexFilter": "default"}, "datasource": "dataflux"}]}, {"extend": {"links": [{"url": "/scene/dashboard/dashboardDetail?dashboard_id=dsbd_ad5ba410bb294cf894b0f52345dd39ae&name=Kubernetes Events Reason&time=#{TR}&is_refresh=true&variable={\"reason\":\"TaintManagerEviction\",\"namespace\":\"re(`.*`)\",\"node_name\":\"re(`.*`)\"}", "open": "newWin", "show": true, "type": "custom", "alias": "\u5bb9\u5668\u9a71\u9010\u8be6\u60c5"}, {"url": "/logIndi/log/all?time=#{TR}&tags=#{T}", "show": false, "type": "logging"}, {"url": "/objectadmin/docker_containers?routerTabActive=ObjectadminDocker&time=#{TR}&tags=#{T}", "show": false, "type": "container"}, {"url": "/objectadmin/host_processes?routerTabActive=ObjectadminProcesses&time=#{TR}&tags=#{T}", "show": false, "type": "processes"}, {"url": "/tracing/link/all?time=#{TR}&tags=#{T}", "show": false, "type": "tracing"}], "settings": {"alias": [], "units": [], "colors": [], "levels": [], "bgColor": "#FFBD5F", "mappings": [], "showLine": false, "unitType": "global", "fixedTime": "1d", "fontColor": "#000000", "lineColor": "#3AB8FF", "precision": "2", "showTitle": true, "titleDesc": "", "downsample": "last", "globalUnit": [], "isSampling": true, "compareType": "", "openCompare": false, "compareTitle": "", "showLineAxis": false, "timeInterval": "auto", "isTimeInterval": false, "changeWorkspace": false, "currentChartType": "singlestat", "showFieldMapping": false, "sequenceChartType": "line", "openThousandsSeparator": true}, "fixedTime": {"key": "1d", "text": "\u6700\u8fd1 1 \u5929"}, "isRefresh": false}, "group": {"name": "Kubernetes Events Latest 24h"}, "name": "Container Evicted", "pos": {"h": 9, "w": 6, "x": 18, "y": 17}, "type": "singlestat", "queries": [{"name": "", "type": "singlestat", "unit": "", "color": "", "qtype": "dql", "query": {"q": "L('default')::`kubernetes_events`:(count(`*`)) { `message` = re('Marking for deletion Pod: ImagePullBackOff.*') and `reason` = 'TaintManagerEviction' and `cluster_name_k8s` = '#{cluster_name_k8s}' }", "code": "A", "fill": null, "type": "simple", "alias": "", "field": "*", "fillNum": null, "filters": [{"id": "db320a00-ab14-11ef-b53b-f335a1ad18ff", "op": "=~", "name": "message", "type": "", "logic": "and", "value": "Marking for deletion Pod: ImagePullBackOff.*", "values": []}, {"id": "db320a01-ab14-11ef-b53b-f335a1ad18ff", "op": "=", "name": "reason", "type": "", "logic": "and", "value": "TaintManagerEviction", "values": []}, {"id": "dbf69280-ab14-11ef-b53b-f335a1ad18ff", "op": "=", "name": "cluster_name_k8s", "type": "keyword", "logic": "and", "value": "#{cluster_name_k8s}", "values": []}], "groupBy": [], "labelOp": "", "funcList": [], "fieldFunc": "count", "fieldType": "keyword", "namespace": "logging", "dataSource": "kubernetes_events", "queryFuncs": [], "withLabels": [], "groupByTime": "", "indexFilter": "default"}, "datasource": "dataflux"}]}, {"extend": {"settings": {"bar": {"direction": "horizontal", "xAxisShowType": "groupBy"}, "alias": [], "color": "#FEE349", "table": {"queryMode": "toGroupColumn"}, "units": [], "colors": [{"key": "count(*)", "name": "count(*)", "color": "#FEE349"}], "levels": [], "slimit": 20, "topSize": 10, "unitType": "global", "chartType": "bar", "fixedTime": "1d", "precision": "2", "showTitle": true, "titleDesc": "", "globalUnit": [], "isSampling": true, "compareType": "", "openCompare": false, "showTopSize": true, "compareTitle": "", "timeInterval": "default", "showTableHead": true, "tableSortType": "top", "isTimeInterval": false, "changeWorkspace": false, "currentChartType": "toplist", "showFieldMapping": true, "mainMeasurementSort": "top", "tableSortMetricName": "", "mainMeasurementLimit": 10, "openThousandsSeparator": true, "mainMeasurementQueryCode": "A"}, "fixedTime": {"key": "1d", "text": "\u6700\u8fd1 1 \u5929"}, "isRefresh": false}, "group": {"name": "Kubernetes Events Latest 24h"}, "name": "TOP 10  Kubernetes Events", "pos": {"h": 35, "w": 12, "x": 0, "y": 26}, "type": "toplist", "queries": [{"name": "", "type": "toplist", "unit": "", "color": "", "qtype": "dql", "query": {"q": "L('default')::`kubernetes_events`:(count(`*`)) { `cluster_name_k8s` = '#{cluster_name_k8s}' } BY `reason`", "code": "A", "fill": "", "type": "simple", "alias": "", "field": "*", "search": "", "filters": [{"id": "d41e5cf0-ab14-11ef-b53b-f335a1ad18ff", "op": "=", "name": "cluster_name_k8s", "type": "keyword", "logic": "and", "value": "#{cluster_name_k8s}", "values": []}], "groupBy": ["reason"], "funcList": ["last", "top:10"], "fieldFunc": "count", "fieldType": "keyword", "namespace": "logging", "dataSource": "kubernetes_events", "queryFuncs": [], "groupByTime": "", "indexFilter": "default"}, "datasource": "dataflux"}]}, {"extend": {"settings": {"alias": [{"key": "count(*)", "name": "count(*)", "alias": "{{involved_kind}}"}], "units": [], "colors": [], "levels": [], "slimit": 20, "unitType": "global", "chartType": "doughnut", "fixedTime": "1d", "precision": "2", "showTitle": true, "titleDesc": "", "globalUnit": [], "isSampling": true, "otherColor": "#F56610", "showLegend": true, "compareType": "", "openCompare": false, "aliasVersion": 2, "compareTitle": "", "timeInterval": "default", "enableCombine": true, "legendPostion": "bottom", "isTimeInterval": false, "changeWorkspace": false, "currentChartType": "pie", "showFieldMapping": false, "onlyShowGroupName": false, "scientificNotation": true, "mainMeasurementSort": "top", "mainMeasurementLimit": 20, "openThousandsSeparator": true, "chartCombineDefaultColor": "#F56610", "mainMeasurementQueryCode": "A"}, "fixedTime": {"key": "1d", "text": "\u6700\u8fd1 1 \u5929"}, "isRefresh": false}, "group": {"name": "Kubernetes Events Latest 24h"}, "name": "Event Kind", "pos": {"h": 19, "w": 12, "x": 12, "y": 42}, "type": "pie", "queries": [{"name": "", "type": "pie", "unit": "", "color": "", "qtype": "dql", "query": {"q": "L('default')::`kubernetes_events`:(count(`*`)) { `cluster_name_k8s` = '#{cluster_name_k8s}' } BY `involved_kind`", "code": "A", "fill": "", "type": "simple", "alias": "", "field": "*", "search": "", "filters": [{"id": "e3d27190-ab14-11ef-b53b-f335a1ad18ff", "op": "=", "name": "cluster_name_k8s", "type": "keyword", "logic": "and", "value": "#{cluster_name_k8s}", "values": []}], "groupBy": ["involved_kind"], "funcList": ["last"], "fieldFunc": "count", "fieldType": "keyword", "namespace": "logging", "dataSource": "kubernetes_events", "queryFuncs": [], "groupByTime": "", "indexFilter": "default"}, "datasource": "dataflux"}]}, {"extend": {"settings": {"alias": [{"key": "count(*)", "name": "count(*)", "alias": "{{involved_namespace}}"}], "units": [], "colors": [], "levels": [], "slimit": 20, "unitType": "global", "chartType": "doughnut", "fixedTime": "1d", "precision": "2", "showTitle": true, "titleDesc": "", "globalUnit": [], "isSampling": true, "otherColor": "#F56610", "showLegend": true, "compareType": "", "openCompare": false, "aliasVersion": 2, "compareTitle": "", "timeInterval": "default", "enableCombine": true, "legendPostion": "bottom", "isTimeInterval": false, "changeWorkspace": false, "currentChartType": "pie", "showFieldMapping": false, "onlyShowGroupName": false, "scientificNotation": true, "mainMeasurementSort": "top", "mainMeasurementLimit": 20, "openThousandsSeparator": true, "chartCombineDefaultColor": "#F56610", "mainMeasurementQueryCode": "A"}, "fixedTime": {"key": "1d", "text": "\u6700\u8fd1 1 \u5929"}, "isRefresh": false}, "group": {"name": "Kubernetes Events Latest 24h"}, "name": "Event Source", "pos": {"h": 16, "w": 12, "x": 12, "y": 26}, "type": "pie", "queries": [{"name": "", "type": "pie", "unit": "", "color": "", "qtype": "dql", "query": {"q": "L('default')::`kubernetes_events`:(count(`*`)) { `cluster_name_k8s` = '#{cluster_name_k8s}' } BY `involved_namespace`", "code": "A", "fill": null, "type": "dql", "alias": "", "field": "*", "index": "default", "fillNum": null, "filters": [{"op": "=", "name": "cluster_name_k8s", "type": "", "logic": "and", "value": "#{cluster_name_k8s}", "values": []}], "groupBy": ["involved_namespace"], "indexes": ["default"], "labelOp": "", "funcList": ["last"], "interval": "", "fieldFunc": "count", "namespace": "logging", "dataSource": "kubernetes_events", "queryFuncs": [], "withLabels": [], "groupByTime": "", "indexFilter": "default", "dataSourceFunc": ""}, "datasource": "dataflux"}]}, {"extend": {"settings": {"alias": [], "index": "default", "units": [], "colors": [], "levels": [], "unitType": "global", "fixedTime": "1d", "inColumns": [{"field": "time", "headerName": "\u65f6\u95f4"}], "showTitle": true, "titleDesc": "", "addColumns": [{"hide": true, "field": "status"}, {"hide": true, "field": "__docid"}, {"field": "name"}, {"field": "message", "headerName": "\u5185\u5bb9"}], "globalUnit": [], "isSampling": true, "compareType": "", "openCompare": false, "valMappings": [], "compareTitle": "", "timeInterval": "default", "isTimeInterval": false, "changeWorkspace": false, "currentChartType": "log", "showFieldMapping": false, "valColorMappings": []}, "fixedTime": {"key": "1d", "text": "\u6700\u8fd1 1 \u5929"}, "isRefresh": false}, "group": {"name": "Kubernetes Events Latest 24h"}, "name": "Container Evicted List", "pos": {"h": 24, "w": 24, "x": 0, "y": 61}, "type": "log", "queries": [{"name": "", "type": "log", "unit": "", "color": "", "qtype": "dql", "query": {"q": "L('default')::`kubernetes_events`:(`status`, `__docid`, `name`, `message`) { `reason` = 'Evicted' and `cluster_name_k8s` = '#{cluster_name_k8s}' }", "code": "A", "fill": "", "type": "simple", "alias": "\u5185\u5bb9", "field": null, "fields": [{"hide": true, "field": "status"}, {"hide": true, "field": "__docid"}, {"field": "name"}, {"alias": "\u5185\u5bb9", "field": "message"}], "search": "", "filters": [{"id": "578f2db0-f133-11ec-831c-cb8103bf245c", "op": "=", "name": "reason", "type": "keyword", "logic": "and", "value": "Evicted", "values": []}, {"id": "ea5ace90-ab14-11ef-b53b-f335a1ad18ff", "op": "=", "name": "cluster_name_k8s", "type": "keyword", "logic": "and", "value": "#{cluster_name_k8s}", "values": []}], "groupBy": [], "funcList": [], "fieldFunc": "count", "fieldType": "", "highlight": true, "namespace": "logging", "dataSource": "kubernetes_events", "queryFuncs": [], "groupByTime": "", "indexFilter": "default", "disableMultipleField": false}, "datasource": "dataflux", "noTimeRange": false}]}], "groups": [{"name": "Kubernetes Events Latest 24h", "extend": {}}], "type": "template"}, "identifier": "guance-k8s-event"}