{"title": "MySQL", "dashboardType": "CUSTOM", "dashboardExtend": {}, "dashboardMapping": [], "dashboardOwnerType": "node", "iconSet": {}, "dashboardBindSet": [], "thumbnail": "", "tagInfo": [{"name": "\u57fa\u7840\u8bbe\u65bd"}, {"name": "Mysql \u76d1\u63a7\u573a\u666f"}], "summary": "", "main": {"vars": [{"name": "\u5b9e\u4f8b\u540d", "seq": 0, "datasource": "dataflux", "code": "host", "type": "QUERY", "definition": {"tag": "", "field": "", "value": "show_tag_value(from=['mysql'],keyin=['app'])", "metric": "", "object": ""}, "valueSort": "default", "hide": 0, "isHiddenAsterisk": 0, "multiple": true, "includeStar": true, "extend": {}}], "charts": [{"extend": {"settings": {"mark": {"axis": "x", "data": [], "type": "area"}, "units": [], "colors": [{"key": "\u8bfb\u53d6\u6b21\u6570", "name": "\u8bfb\u53d6\u6b21\u6570", "color": "rgba(65,206,199,1)"}], "levels": [], "density": "medium", "showLine": false, "chartType": "areaLine", "openStack": false, "stackType": "time", "showLegend": true, "openCompare": false, "showTopSize": 10, "xAxisShowType": "time", "currentChartType": "sequence", "showFieldMapping": false, "tableSortMetricName": "\u5199\u5165\u6b21\u6570"}}, "group": {"name": "InnoDB"}, "name": "\u6bcf\u79d2\u7f13\u51b2\u6c60\u5185\u5b58\u8bfb\u5199\u8bf7\u6c42", "pos": {"h": 9, "i": "chrt_a45f6deda26b46938b42c69e313975e4", "w": 8, "x": 0, "y": 44.5}, "type": "sequence", "queries": [{"name": "", "type": "sequence", "unit": "", "color": "", "qtype": "dql", "query": {"q": "NON_NEGATIVE_DERIVATIVE(\"M::`mysql_innodb`:(fill(LAST(`buffer_pool_write_requests`), linear) AS `\u5199\u5165\u6b21\u6570`) { `app` = '#{host}' }\")", "code": "A", "fill": "linear", "type": "simple", "alias": "\u5199\u5165\u6b21\u6570", "field": "buffer_pool_write_requests", "filters": [{"id": "115d0330-6084-11eb-ae47-cb6cae37dc63", "op": "=", "name": "app", "type": "", "logic": "and", "value": "#{host}"}], "groupBy": [], "funcList": [], "fieldFunc": "last", "fieldType": "integer", "namespace": "metric", "dataSource": "mysql_innodb", "queryFuncs": [{"args": [], "name": "NON_NEGATIVE_DERIVATIVE"}], "groupByTime": ""}, "datasource": "dataflux"}, {"name": "", "type": "sequence", "unit": "", "color": "", "qtype": "dql", "query": {"q": "NON_NEGATIVE_DERIVATIVE(\"M::`mysql_innodb`:(fill(LAST(`buffer_pool_read_requests`), linear) AS `\u8bfb\u53d6\u6b21\u6570`) { `app` = '#{host}' }\")", "code": "B", "fill": "linear", "type": "simple", "alias": "\u8bfb\u53d6\u6b21\u6570", "field": "buffer_pool_read_requests", "filters": [{"id": "115d0330-6084-11eb-ae47-cb6cae37dc63", "op": "=", "name": "app", "type": "", "logic": "and", "value": "#{host}"}], "groupBy": [], "funcList": [], "fieldFunc": "last", "fieldType": "integer", "namespace": "metric", "dataSource": "mysql_innodb", "queryFuncs": [{"args": [], "name": "NON_NEGATIVE_DERIVATIVE"}], "groupByTime": ""}, "datasource": "dataflux"}]}, {"extend": {"settings": {"mark": {"axis": "x", "data": [], "type": "area"}, "units": [{"key": "\u5199\u5165", "name": "\u5199\u5165", "unit": "", "units": ["digital", "B"]}, {"key": "\u8bfb\u53d6", "name": "\u8bfb\u53d6", "unit": "", "units": ["digital", "B"]}], "colors": [], "levels": [], "density": "medium", "showLine": false, "chartType": "areaLine", "openStack": false, "stackType": "time", "showLegend": true, "openCompare": false, "showTopSize": 10, "xAxisShowType": "time", "currentChartType": "sequence", "showFieldMapping": false, "tableSortMetricName": "mysql_innodb_data_read"}}, "group": {"name": "\u6027\u80fd\u4fe1\u606f"}, "name": "\u6bcf\u79d2\u6570\u636e\u8bfb\u5199\u91cf", "pos": {"h": 8, "i": "chrt_4d9b05b2b63647acae3c6ba5862c8e96", "w": 8, "x": 8, "y": 76}, "type": "sequence", "queries": [{"name": "", "type": "sequence", "unit": "", "color": "", "qtype": "dql", "query": {"q": "NON_NEGATIVE_DERIVATIVE(\"M::`mysql_innodb`:(fill(LAST(`buffer_data_reads`), linear) AS `\u8bfb\u53d6`) { `app` = '#{host}' }\")", "code": "B", "fill": "linear", "type": "simple", "alias": "\u8bfb\u53d6", "field": "buffer_data_reads", "filters": [{"id": "d5134b60-610e-11eb-92a4-a7762360e489", "op": "=", "name": "app", "type": "", "logic": "and", "value": "#{host}"}], "groupBy": [], "funcList": [], "fieldFunc": "last", "fieldType": "integer", "namespace": "metric", "dataSource": "mysql_innodb", "queryFuncs": [{"args": [], "name": "non_negative_derivative"}], "groupByTime": ""}, "datasource": "dataflux"}, {"name": "", "type": "sequence", "unit": "", "color": "", "qtype": "dql", "query": {"q": "NON_NEGATIVE_DERIVATIVE(\"M::`mysql_innodb`:(fill(LAST(`buffer_data_written`), linear) AS `\u5199\u5165`) { `app` = '#{host}' }\")", "code": "A", "fill": "linear", "type": "simple", "alias": "\u5199\u5165", "field": "buffer_data_written", "filters": [{"id": "d5134b60-610e-11eb-92a4-a7762360e489", "op": "=", "name": "app", "type": "", "logic": "and", "value": "#{host}"}], "groupBy": [], "funcList": [], "fieldFunc": "last", "fieldType": "integer", "namespace": "metric", "dataSource": "mysql_innodb", "queryFuncs": [{"args": [], "name": "NON_NEGATIVE_DERIVATIVE"}], "groupByTime": ""}, "datasource": "dataflux"}]}, {"extend": {"settings": {"max": 100, "min": 0, "mark": {"axis": "x", "data": [], "type": "area"}, "units": [{"key": "delete", "name": "delete", "unit": "\u6b21", "units": ["custom", "\u6b21"]}, {"key": "insert", "name": "insert", "unit": "\u6b21", "units": ["custom", "\u6b21"]}, {"key": "replace", "name": "replace", "unit": "\u6b21", "units": ["custom", "\u6b21"]}, {"key": "select", "name": "select", "unit": "\u6b21", "units": ["custom", "\u6b21"]}, {"key": "update", "name": "update", "unit": "\u6b21", "units": ["custom", "\u6b21"]}], "colors": [], "levels": [], "density": "medium", "topSize": 10, "levelArr": [{"max": 99, "min": 0, "color": "#8590f7"}, {"max": 199, "min": 100, "color": "#a3daff"}, {"max": 299, "min": 200, "color": "#aed9f2"}, {"max": 399, "min": 300, "color": "#b2bff4"}, {"min": 400, "color": "#c0c8f9"}], "mappings": [], "pageSize": 50, "showLine": false, "chartType": "areaLine", "direction": "vertical", "lineColor": "#3AB8FF", "openStack": false, "queryMode": "toOneColumn", "stackType": "time", "colorLevel": 5, "downsample": "last", "isVariable": false, "rangeColor": "#1989fa", "showLegend": false, "openCompare": false, "provinceKey": "", "showTopSize": 10, "showLineAxis": false, "variableCode": "", "xAxisShowType": "groupBy", "mainMeasurement": "", "currentChartType": "sequence", "showFieldMapping": false, "showTopWithMetric": "", "tableSortMetricName": "select"}}, "group": {"name": "InnoDB"}, "name": "\u6bcf\u79d2 SQL \u6267\u884c\u6b21\u6570", "pos": {"h": 9, "i": "chrt_d97872c6c372460da92d2aac4cee45be", "w": 8, "x": 8, "y": 44.5}, "type": "sequence", "queries": [{"name": "", "type": "sequence", "unit": "", "color": "", "qtype": "dql", "query": {"q": "NON_NEGATIVE_DERIVATIVE(\"M::`mysql`:(fill(LAST(`Com_replace`), linear) AS `replace`) { `app` = '#{host}' }\")", "code": "A", "fill": "linear", "type": "simple", "alias": "replace", "field": "Com_replace", "filters": [{"id": "d40b6330-610c-11eb-92a4-a7762360e489", "op": "=", "name": "app", "type": "", "logic": "and", "value": "#{host}"}], "groupBy": [], "funcList": [], "fieldFunc": "last", "fieldType": "integer", "namespace": "metric", "dataSource": "mysql", "queryFuncs": [{"args": [], "name": "non_negative_derivative"}], "groupByTime": ""}, "datasource": "dataflux"}, {"name": "", "type": "sequence", "unit": "", "color": "", "qtype": "dql", "query": {"q": "NON_NEGATIVE_DERIVATIVE(\"M::`mysql`:(fill(LAST(`Com_update`), linear) AS `update`) { `app` = '#{host}' }\")", "code": "C", "fill": "linear", "type": "simple", "alias": "update", "field": "Com_update", "filters": [{"id": "d40b6330-610c-11eb-92a4-a7762360e489", "op": "=", "name": "app", "type": "", "logic": "and", "value": "#{host}"}], "groupBy": [], "funcList": [], "fieldFunc": "last", "fieldType": "integer", "namespace": "metric", "dataSource": "mysql", "queryFuncs": [{"args": [], "name": "non_negative_derivative"}], "groupByTime": ""}, "datasource": "dataflux"}, {"name": "", "type": "sequence", "unit": "", "color": "", "qtype": "dql", "query": {"q": "NON_NEGATIVE_DERIVATIVE(\"M::`mysql`:(fill(LAST(`Com_delete`), linear) AS `delete`) { `app` = '#{host}' }\")", "code": "D", "fill": "linear", "type": "simple", "alias": "delete", "field": "Com_delete", "filters": [{"id": "d40b6330-610c-11eb-92a4-a7762360e489", "op": "=", "name": "app", "type": "", "logic": "and", "value": "#{host}"}], "groupBy": [], "funcList": [], "fieldFunc": "last", "fieldType": "integer", "namespace": "metric", "dataSource": "mysql", "queryFuncs": [{"args": [], "name": "non_negative_derivative"}], "groupByTime": ""}, "datasource": "dataflux"}, {"name": "", "type": "sequence", "unit": "", "color": "", "qtype": "dql", "query": {"q": "NON_NEGATIVE_DERIVATIVE(\"M::`mysql`:(fill(LAST(`Com_insert`), linear) AS `insert`) { `app` = '#{host}' }\")", "code": "E", "fill": "linear", "type": "simple", "alias": "insert", "field": "Com_insert", "filters": [{"id": "d40b6330-610c-11eb-92a4-a7762360e489", "op": "=", "name": "app", "type": "", "logic": "and", "value": "#{host}"}], "groupBy": [], "funcList": [], "fieldFunc": "last", "fieldType": "integer", "namespace": "metric", "dataSource": "mysql", "queryFuncs": [{"args": [], "name": "non_negative_derivative"}], "groupByTime": ""}, "datasource": "dataflux"}, {"name": "", "type": "sequence", "unit": "", "color": "", "qtype": "dql", "query": {"q": "NON_NEGATIVE_DERIVATIVE(\"M::`mysql`:(fill(LAST(`Com_select`), linear) AS `select`) { `app` = '#{host}' }\")", "code": "B", "fill": "linear", "type": "simple", "alias": "select", "field": "Com_select", "filters": [{"id": "d40b6330-610c-11eb-92a4-a7762360e489", "op": "=", "name": "app", "type": "", "logic": "and", "value": "#{host}"}], "groupBy": [], "funcList": [], "fieldFunc": "last", "fieldType": "integer", "namespace": "metric", "dataSource": "mysql", "queryFuncs": [{"args": [], "name": "non_negative_derivative"}], "groupByTime": ""}, "datasource": "dataflux"}]}, {"extend": {"settings": {"mark": {"axis": "x", "data": [], "type": "area"}, "units": [{"key": "commit", "name": "commit", "unit": "\u6b21", "units": ["custom", "\u6b21"]}, {"key": "delete", "name": "delete", "unit": "\u6b21", "units": ["custom", "\u6b21"]}, {"key": "rollback", "name": "rollback", "unit": "\u6b21", "units": ["custom", "\u6b21"]}, {"key": "update", "name": "update", "unit": "\u6b21", "units": ["custom", "\u6b21"]}, {"key": "write", "name": "write", "unit": "\u6b21", "units": ["custom", "\u6b21"]}], "colors": [], "levels": [], "density": "medium", "showLine": false, "chartType": "areaLine", "openStack": false, "stackType": "time", "openCompare": false, "showTopSize": 10, "xAxisShowType": "groupBy", "currentChartType": "sequence", "showFieldMapping": false, "tableSortMetricName": "read"}}, "group": {"name": "InnoDB"}, "name": "Handler \u8bed\u53e5\u6570", "pos": {"h": 11, "i": "chrt_dd6c570f236d41b0b178b49c1fd9b4cb", "w": 24, "x": 0, "y": 62.5}, "type": "sequence", "queries": [{"name": "", "type": "sequence", "unit": "", "color": "", "qtype": "dql", "query": {"q": "NON_NEGATIVE_DERIVATIVE(\"M::`mysql`:(fill(LAST(`Handler_rollback`), linear) AS `rollback`) { `app` = '#{host}' }\")", "code": "E", "fill": "linear", "type": "simple", "alias": "rollback", "field": "Handler_rollback", "filters": [{"id": "8da4b430-610e-11eb-92a4-a7762360e489", "op": "=", "name": "app", "type": "", "logic": "and", "value": "#{host}"}], "groupBy": [], "funcList": [], "fieldFunc": "last", "fieldType": "integer", "namespace": "metric", "dataSource": "mysql", "queryFuncs": [{"args": [], "name": "non_negative_derivative"}], "groupByTime": ""}, "datasource": "dataflux"}, {"name": "", "type": "sequence", "unit": "", "color": "", "qtype": "dql", "query": {"q": "NON_NEGATIVE_DERIVATIVE(\"M::`mysql`:(fill(LAST(`Handler_commit`), linear) AS `commit`) { `app` = '#{host}' }\")", "code": "A", "fill": "linear", "type": "simple", "alias": "commit", "field": "Handler_commit", "filters": [{"id": "8da4b430-610e-11eb-92a4-a7762360e489", "op": "=", "name": "app", "type": "", "logic": "and", "value": "#{host}"}], "groupBy": [], "funcList": [], "fieldFunc": "last", "fieldType": "integer", "namespace": "metric", "dataSource": "mysql", "queryFuncs": [{"args": [], "name": "non_negative_derivative"}], "groupByTime": ""}, "datasource": "dataflux"}, {"name": "", "type": "sequence", "unit": "", "color": "", "qtype": "dql", "query": {"q": "NON_NEGATIVE_DERIVATIVE(\"M::`mysql`:(fill(LAST(`Handler_write`), linear) AS `write`) { `app` = '#{host}' }\")", "code": "C", "fill": "linear", "type": "simple", "alias": "write", "field": "Handler_write", "filters": [{"id": "8da4b430-610e-11eb-92a4-a7762360e489", "op": "=", "name": "app", "type": "", "logic": "and", "value": "#{host}"}], "groupBy": [], "funcList": [], "fieldFunc": "last", "fieldType": "integer", "namespace": "metric", "dataSource": "mysql", "queryFuncs": [{"args": [], "name": "non_negative_derivative"}], "groupByTime": ""}, "datasource": "dataflux"}, {"name": "", "type": "sequence", "unit": "", "color": "", "qtype": "dql", "query": {"q": "NON_NEGATIVE_DERIVATIVE(\"M::`mysql`:(fill(LAST(`Handler_delete`), linear) AS `delete`) { `app` = '#{host}' }\")", "code": "B", "fill": "linear", "type": "simple", "alias": "delete", "field": "Handler_delete", "filters": [{"id": "8da4b430-610e-11eb-92a4-a7762360e489", "op": "=", "name": "app", "type": "", "logic": "and", "value": "#{host}"}], "groupBy": [], "funcList": [], "fieldFunc": "last", "fieldType": "integer", "namespace": "metric", "dataSource": "mysql", "queryFuncs": [{"args": [], "name": "non_negative_derivative"}], "groupByTime": ""}, "datasource": "dataflux"}, {"name": "", "type": "sequence", "unit": "", "color": "", "qtype": "dql", "query": {"q": "NON_NEGATIVE_DERIVATIVE(\"M::`mysql`:(fill(LAST(`Handler_update`), linear) AS `update`) { `app` = '#{host}' }\")", "code": "D", "fill": "linear", "type": "simple", "alias": "update", "field": "Handler_update", "filters": [{"id": "8da4b430-610e-11eb-92a4-a7762360e489", "op": "=", "name": "app", "type": "", "logic": "and", "value": "#{host}"}], "groupBy": [], "funcList": [], "fieldFunc": "last", "fieldType": "integer", "namespace": "metric", "dataSource": "mysql", "queryFuncs": [{"args": [], "name": "non_negative_derivative"}], "groupByTime": ""}, "datasource": "dataflux"}]}, {"extend": {"settings": {"mark": {"axis": "x", "data": [], "type": "area"}, "units": [{"key": "\u63a5\u6536\u5b57\u8282\u6570", "name": "\u63a5\u6536\u5b57\u8282\u6570", "unit": "", "units": ["traffic", "B/S"]}, {"key": "\u53d1\u9001\u5b57\u8282\u6570", "name": "\u53d1\u9001\u5b57\u8282\u6570", "unit": "", "units": ["traffic", "B/S"]}], "colors": [], "levels": [], "density": "medium", "topSize": 10, "showLine": false, "chartType": "areaLine", "direction": "vertical", "openStack": false, "stackType": "time", "showLegend": true, "openCompare": false, "showTopSize": false, "xAxisShowType": "groupBy", "currentChartType": "sequence", "showFieldMapping": false, "showTopWithMetric": "", "tableSortMetricName": "mysql_bytes_received"}}, "group": {"name": "InnoDB"}, "name": "\u7f51\u7edc\u6d41\u91cf", "pos": {"h": 9, "i": "chrt_14a4b852c70a4728b2d4adfbb1f94000", "w": 8, "x": 16, "y": 53.5}, "type": "sequence", "queries": [{"name": "", "type": "sequence", "unit": "", "color": "", "qtype": "dql", "query": {"q": "NON_NEGATIVE_DERIVATIVE(\"M::`mysql`:(fill(LAST(`Bytes_sent`), linear) AS `\u53d1\u9001\u5b57\u8282\u6570`) { `app` = '#{host}' }\")", "code": "A", "fill": "linear", "type": "simple", "alias": "\u53d1\u9001\u5b57\u8282\u6570", "field": "Bytes_sent", "filters": [{"id": "1c80c690-610e-11eb-92a4-a7762360e489", "op": "=", "name": "app", "type": "", "logic": "and", "value": "#{host}"}], "groupBy": [], "funcList": [], "fieldFunc": "last", "fieldType": "integer", "namespace": "metric", "dataSource": "mysql", "queryFuncs": [{"args": [], "name": "non_negative_derivative"}], "groupByTime": ""}, "datasource": "dataflux"}, {"name": "", "type": "sequence", "unit": "", "color": "", "qtype": "dql", "query": {"q": "NON_NEGATIVE_DERIVATIVE(\"M::`mysql`:(fill(LAST(`Bytes_received`), linear) AS `\u63a5\u6536\u5b57\u8282\u6570`) { `app` = '#{host}' }\")", "code": "B", "fill": "linear", "type": "simple", "alias": "\u63a5\u6536\u5b57\u8282\u6570", "field": "Bytes_received", "filters": [{"id": "1c80c690-610e-11eb-92a4-a7762360e489", "op": "=", "name": "app", "type": "", "logic": "and", "value": "#{host}"}], "groupBy": [], "funcList": [], "fieldFunc": "last", "fieldType": "integer", "namespace": "metric", "dataSource": "mysql", "queryFuncs": [{"args": [], "name": "non_negative_derivative"}], "groupByTime": ""}, "datasource": "dataflux"}]}, {"extend": {"settings": {"units": [], "colors": [], "levels": [], "density": "medium", "mappings": [], "showLine": false, "chartType": "areaLine", "lineColor": "#00B5FF", "openStack": false, "stackType": "time", "downsample": "last", "openCompare": false, "showLineAxis": false, "xAxisShowType": "time", "currentChartType": "sequence", "showFieldMapping": false, "tableSortMetricName": "\u6253\u5f00\u6587\u4ef6\u6570"}}, "group": {"name": "\u6027\u80fd\u4fe1\u606f"}, "name": "\u6bcf\u79d2\u6253\u5f00\u6587\u4ef6\u6570", "pos": {"h": 8, "i": "chrt_ea868e18e45448779691d04a51892a95", "w": 8, "x": 0, "y": 84}, "type": "sequence", "queries": [{"name": "", "type": "sequence", "unit": "", "color": "", "qtype": "dql", "query": {"q": "M::`mysql`:(fill(LAST(`Open_files`), linear) AS `\u6253\u5f00\u6587\u4ef6\u6570`) { `app` = '#{host}' }", "code": "A", "fill": "linear", "type": "simple", "alias": "\u6253\u5f00\u6587\u4ef6\u6570", "field": "Open_files", "filters": [{"id": "3f6a3dc0-bed9-11eb-9a34-fd54a9f11e8a", "op": "=", "name": "app", "type": "", "logic": "and", "value": "#{host}"}], "groupBy": [], "funcList": [], "fieldFunc": "last", "fieldType": "integer", "namespace": "metric", "dataSource": "mysql", "queryFuncs": [], "groupByTime": ""}, "datasource": "dataflux"}]}, {"extend": {"settings": {"mark": {"axis": "x", "data": [], "type": "area"}, "units": [], "colors": [], "levels": [], "density": "medium", "mappings": [], "showLine": false, "chartType": "areaLine", "lineColor": "#00B5FF", "openStack": false, "stackType": "time", "downsample": "last", "openCompare": false, "showLineAxis": false, "xAxisShowType": "time", "currentChartType": "sequence", "showFieldMapping": false, "tableSortMetricName": "\u6253\u5f00\u8868\u6570"}}, "group": {"name": "\u6027\u80fd\u4fe1\u606f"}, "name": "\u6bcf\u79d2\u6253\u5f00\u7684\u8868\u6570", "pos": {"h": 8, "i": "chrt_4e92ad860f5145818d7e9e1b744d8f39", "w": 8, "x": 0, "y": 76}, "type": "sequence", "queries": [{"name": "", "type": "sequence", "unit": "", "color": "", "qtype": "dql", "query": {"q": "M::`mysql`:(fill(LAST(`Open_tables`), linear) AS `\u6253\u5f00\u8868\u6570`) { `app` = '#{host}' }", "code": "A", "fill": "linear", "type": "simple", "alias": "\u6253\u5f00\u8868\u6570", "field": "Open_tables", "filters": [{"id": "74aaa930-610e-11eb-92a4-a7762360e489", "op": "=", "name": "app", "type": "", "logic": "and", "value": "#{host}"}], "groupBy": [], "funcList": [], "fieldFunc": "last", "fieldType": "integer", "namespace": "metric", "dataSource": "mysql", "queryFuncs": [], "groupByTime": ""}, "datasource": "dataflux"}]}, {"extend": {"settings": {"mark": {"axis": "x", "data": [], "type": "area"}, "units": [], "colors": [{"key": "\u5f53\u524d\u5e76\u53d1\u8fde\u63a5\u6570", "name": "\u5f53\u524d\u5e76\u53d1\u8fde\u63a5\u6570", "color": "rgba(65,206,199,1)"}, {"key": "\u5f53\u524d\u6253\u5f00\u7684\u8fde\u63a5\u6570", "name": "\u5f53\u524d\u6253\u5f00\u7684\u8fde\u63a5\u6570", "color": "rgba(73,139,254,1)"}, {"key": "\u6700\u5927\u8fde\u63a5\u6570", "name": "\u6700\u5927\u8fde\u63a5\u6570", "color": "rgba(255,189,95,1)"}], "levels": [], "density": "medium", "pageSize": 50, "showLine": false, "chartType": "areaLine", "openStack": false, "queryMode": "toOneColumn", "stackType": "time", "showLegend": true, "openCompare": false, "showTopSize": 10, "xAxisShowType": "time", "currentChartType": "sequence", "showFieldMapping": false, "tableSortMetricName": "\u521b\u5efa\u7684\u7ebf\u7a0b\u6570"}}, "group": {"name": "\u8fde\u63a5\u4fe1\u606f"}, "name": "\u8fde\u63a5\u6570", "pos": {"h": 8, "i": "chrt_109f2a2610294793a59bad0e6e44c4b9", "w": 12, "x": 0, "y": 20.5}, "type": "sequence", "queries": [{"name": "", "type": "sequence", "unit": "", "color": "", "qtype": "dql", "query": {"q": "M::`mysql`:(fill(LAST(`Threads_created`), linear) AS `\u521b\u5efa\u7684\u7ebf\u7a0b\u6570`) { `app` = '#{host}' }", "code": "D", "fill": "linear", "type": "simple", "alias": "\u521b\u5efa\u7684\u7ebf\u7a0b\u6570", "field": "Threads_created", "filters": [{"id": "8baccc50-6080-11eb-8f77-bbfc4c28f26e", "op": "=", "name": "app", "type": "", "logic": "and", "value": "#{host}"}], "groupBy": [], "funcList": [], "fieldFunc": "last", "fieldType": "integer", "namespace": "metric", "dataSource": "mysql", "queryFuncs": [], "groupByTime": ""}, "datasource": "dataflux"}, {"name": "", "type": "sequence", "unit": "", "color": "", "qtype": "dql", "query": {"q": "M::`mysql`:(fill(LAST(`Threads_running`), linear) AS `\u5f53\u524d\u5e76\u53d1\u8fde\u63a5\u6570`) { `app` = '#{host}' }", "code": "B", "fill": "linear", "type": "simple", "alias": "\u5f53\u524d\u5e76\u53d1\u8fde\u63a5\u6570", "field": "Threads_running", "filters": [{"id": "8baccc50-6080-11eb-8f77-bbfc4c28f26e", "op": "=", "name": "app", "type": "", "logic": "and", "value": "#{host}"}], "groupBy": [], "funcList": [], "fieldFunc": "last", "fieldType": "integer", "namespace": "metric", "dataSource": "mysql", "queryFuncs": [], "groupByTime": ""}, "datasource": "dataflux"}, {"name": "", "type": "sequence", "unit": "", "color": "", "qtype": "dql", "query": {"q": "M::`mysql`:(fill(LAST(`Threads_connected`), linear) AS `\u5f53\u524d\u6253\u5f00\u7684\u8fde\u63a5\u6570`) { `app` = '#{host}' }", "code": "C", "fill": "linear", "type": "simple", "alias": "\u5f53\u524d\u6253\u5f00\u7684\u8fde\u63a5\u6570", "field": "Threads_connected", "filters": [{"id": "8baccc50-6080-11eb-8f77-bbfc4c28f26e", "op": "=", "name": "app", "type": "", "logic": "and", "value": "#{host}"}], "groupBy": [], "funcList": [], "fieldFunc": "last", "fieldType": "integer", "namespace": "metric", "dataSource": "mysql", "queryFuncs": [], "groupByTime": ""}, "datasource": "dataflux"}, {"name": "", "type": "sequence", "unit": "", "color": "", "qtype": "dql", "query": {"q": "M::`mysql`:(fill(LAST(`max_connections`), linear) AS `\u6700\u5927\u8fde\u63a5\u6570`) { `app` = '#{host}' }", "code": "A", "fill": "linear", "type": "simple", "alias": "\u6700\u5927\u8fde\u63a5\u6570", "field": "max_connections", "filters": [{"id": "8baccc50-6080-11eb-8f77-bbfc4c28f26e", "op": "=", "name": "app", "type": "", "logic": "and", "value": "#{host}"}], "groupBy": [], "funcList": [], "fieldFunc": "last", "fieldType": "integer", "namespace": "metric", "dataSource": "mysql", "queryFuncs": [], "groupByTime": ""}, "datasource": "dataflux"}]}, {"extend": {"settings": {"max": 100, "min": 0, "mark": {"axis": "x", "data": [], "type": "area"}, "units": [], "colors": [], "levels": [], "density": "medium", "topSize": 10, "pageSize": 50, "showLine": false, "chartType": "areaLine", "direction": "vertical", "openStack": false, "queryMode": "toOneColumn", "stackType": "time", "showLegend": true, "openCompare": false, "showTopSize": false, "xAxisShowType": "time", "currentChartType": "sequence", "showFieldMapping": false, "showTopWithMetric": "mysql_connection_errors_internal", "tableSortMetricName": "\u5c1d\u8bd5\u4e0e\u670d\u52a1\u5668\u8fde\u63a5\u5bfc\u81f4"}}, "group": {"name": "\u8fde\u63a5\u4fe1\u606f"}, "name": "\u5f02\u5e38\u8fde\u63a5\u6570", "pos": {"h": 8, "i": "chrt_253fd83b23cf477baa50361bb3789c06", "w": 12, "x": 12, "y": 20.5}, "type": "sequence", "queries": [{"name": "", "type": "sequence", "unit": "", "color": "", "qtype": "dql", "query": {"q": "NON_NEGATIVE_DERIVATIVE(\"M::`mysql`:(fill(LAST(`Aborted_connects`), linear) AS `\u5c1d\u8bd5\u8fde\u63a5\u5230\u670d\u52a1\u5668\u5931\u8d25\u7684\u6b21\u6570`) { `app` = '#{host}' }\")", "code": "B", "fill": "linear", "type": "simple", "alias": "\u5c1d\u8bd5\u8fde\u63a5\u5230\u670d\u52a1\u5668\u5931\u8d25\u7684\u6b21\u6570", "field": "Aborted_connects", "fillNum": null, "filters": [{"id": "dd1ae8b0-a978-11eb-ac7c-2bc02f521dcc", "op": "=", "name": "app", "logic": "and", "value": "#{host}"}], "groupBy": [], "funcList": [], "fieldFunc": "last", "fieldType": "integer", "namespace": "metric", "dataSource": "mysql", "queryFuncs": [{"args": [], "name": "non_negative_derivative"}], "groupByTime": ""}, "datasource": "dataflux"}, {"name": "", "type": "sequence", "unit": "", "color": "", "qtype": "dql", "query": {"q": "NON_NEGATIVE_DERIVATIVE(\"M::`mysql`:(fill(LAST(`Aborted_clients`), linear) AS `\u7531\u4e8e\u5ba2\u6237\u7aef\u6ca1\u6709\u6b63\u786e\u5173\u95ed\u8fde\u63a5\u800c\u4e2d\u6b62\u7684\u8fde\u63a5\u6570`) { `app` = '#{host}' }\")", "code": "A", "fill": "linear", "type": "simple", "alias": "\u7531\u4e8e\u5ba2\u6237\u7aef\u6ca1\u6709\u6b63\u786e\u5173\u95ed\u8fde\u63a5\u800c\u4e2d\u6b62\u7684\u8fde\u63a5\u6570", "field": "Aborted_clients", "fillNum": null, "filters": [{"id": "dd1ae8b0-a978-11eb-ac7c-2bc02f521dcc", "op": "=", "name": "app", "logic": "and", "value": "#{host}"}], "groupBy": [], "funcList": [], "fieldFunc": "last", "fieldType": "integer", "namespace": "metric", "dataSource": "mysql", "queryFuncs": [{"args": [], "name": "non_negative_derivative"}], "groupByTime": ""}, "datasource": "dataflux"}]}, {"extend": {"settings": {"mark": {"axis": "x", "data": [], "type": "area"}, "units": [], "colors": [], "levels": [], "density": "medium", "topSize": 10, "showLine": false, "chartType": "areaLine", "direction": "vertical", "openStack": false, "stackType": "time", "showLegend": true, "openCompare": false, "showTopSize": 10, "xAxisShowType": "groupBy", "currentChartType": "sequence", "showFieldMapping": false, "showTopWithMetric": "mysql_innodb_buffer_pool_pages_free", "tableSortMetricName": "\u5269\u4f59\u9875\u6570"}}, "group": {"name": "InnoDB"}, "name": "\u7f13\u51b2\u6c60\u9875\u6570", "pos": {"h": 9, "i": "chrt_25d97207714f4fa39fe8c93fc41b7d3f", "w": 8, "x": 8, "y": 53.5}, "type": "sequence", "queries": [{"name": "", "type": "sequence", "unit": "", "color": "", "qtype": "dql", "query": {"q": "M::`mysql_innodb`:(fill(LAST(`buffer_pool_pages_total`), linear) AS `\u603b\u9875\u6570`) { `app` = '#{host}' }", "code": "A", "fill": "linear", "type": "simple", "alias": "\u603b\u9875\u6570", "field": "buffer_pool_pages_total", "filters": [{"id": "b572f090-610d-11eb-92a4-a7762360e489", "op": "=", "name": "app", "type": "", "logic": "and", "value": "#{host}"}], "groupBy": [], "funcList": [], "fieldFunc": "last", "fieldType": "integer", "namespace": "metric", "dataSource": "mysql_innodb", "queryFuncs": [], "groupByTime": ""}, "datasource": "dataflux"}, {"name": "", "type": "sequence", "unit": "", "color": "", "qtype": "dql", "query": {"q": "M::`mysql_innodb`:(fill(LAST(`buffer_pool_pages_free`), linear) AS `\u53ef\u7528\u9875\u6570`) { `app` = '#{host}' }", "code": "B", "fill": "linear", "type": "simple", "alias": "\u53ef\u7528\u9875\u6570", "field": "buffer_pool_pages_free", "filters": [{"id": "b572f090-610d-11eb-92a4-a7762360e489", "op": "=", "name": "app", "type": "", "logic": "and", "value": "#{host}"}], "groupBy": [], "funcList": [], "fieldFunc": "last", "fieldType": "integer", "namespace": "metric", "dataSource": "mysql_innodb", "queryFuncs": [], "groupByTime": ""}, "datasource": "dataflux"}]}, {"extend": {"settings": {"mark": {"axis": "x", "data": [], "type": "area"}, "units": [], "colors": [], "levels": [], "density": "medium", "showLine": false, "chartType": "areaLine", "openStack": false, "stackType": "time", "showLegend": true, "openCompare": false, "xAxisShowType": "time", "currentChartType": "sequence", "showFieldMapping": false, "tableSortMetricName": "\u4e34\u65f6\u6587\u4ef6"}}, "group": {"name": "\u6027\u80fd\u4fe1\u606f"}, "name": "\u6bcf\u79d2\u81ea\u52a8\u521b\u5efa\u7684\u4e34\u65f6\u8868\u6570", "pos": {"h": 8, "i": "chrt_aa158dce744f402096042ab652e38709", "w": 8, "x": 16, "y": 84}, "type": "sequence", "queries": [{"name": "", "type": "sequence", "unit": "", "color": "", "qtype": "dql", "query": {"q": "NON_NEGATIVE_DERIVATIVE(\"M::`mysql`:(fill(LAST(`Created_tmp_tables`), linear) AS `\u4e34\u65f6\u8868`) { `app` = '#{host}' }\")", "code": "C", "fill": "linear", "type": "simple", "alias": "\u4e34\u65f6\u8868", "field": "Created_tmp_tables", "filters": [{"id": "31c7bf30-610f-11eb-92a4-a7762360e489", "op": "=", "name": "app", "type": "", "logic": "and", "value": "#{host}"}], "groupBy": [], "funcList": [], "fieldFunc": "last", "fieldType": "integer", "namespace": "metric", "dataSource": "mysql", "queryFuncs": [{"args": [], "name": "non_negative_derivative"}], "groupByTime": ""}, "datasource": "dataflux"}, {"name": "", "type": "sequence", "unit": "", "color": "", "qtype": "dql", "query": {"q": "NON_NEGATIVE_DERIVATIVE(\"M::`mysql`:(fill(LAST(`Created_tmp_disk_tables`), linear) AS `\u78c1\u76d8\u4e34\u65f6\u8868`) { `app` = '#{host}' }\")", "code": "B", "fill": "linear", "type": "simple", "alias": "\u78c1\u76d8\u4e34\u65f6\u8868", "field": "Created_tmp_disk_tables", "filters": [{"id": "31c7bf30-610f-11eb-92a4-a7762360e489", "op": "=", "name": "app", "type": "", "logic": "and", "value": "#{host}"}], "groupBy": [], "funcList": [], "fieldFunc": "last", "fieldType": "integer", "namespace": "metric", "dataSource": "mysql", "queryFuncs": [{"args": [], "name": "non_negative_derivative"}], "groupByTime": ""}, "datasource": "dataflux"}, {"name": "", "type": "sequence", "unit": "", "color": "", "qtype": "dql", "query": {"q": "NON_NEGATIVE_DERIVATIVE(\"M::`mysql`:(fill(LAST(`Created_tmp_disk_tables`), linear) AS `\u4e34\u65f6\u6587\u4ef6`) { `app` = '#{host}' }\")", "code": "A", "fill": "linear", "type": "simple", "alias": "\u4e34\u65f6\u6587\u4ef6", "field": "Created_tmp_disk_tables", "filters": [{"id": "31c7bf30-610f-11eb-92a4-a7762360e489", "op": "=", "name": "app", "type": "", "logic": "and", "value": "#{host}"}], "groupBy": [], "funcList": [], "fieldFunc": "last", "fieldType": "integer", "namespace": "metric", "dataSource": "mysql", "queryFuncs": [{"args": [], "name": "non_negative_derivative"}], "groupByTime": ""}, "datasource": "dataflux"}]}, {"extend": {"settings": {"mark": {"axis": "x", "data": [], "type": "area"}, "units": [], "colors": [], "levels": [], "density": "medium", "showLine": false, "chartType": "areaLine", "openStack": false, "stackType": "time", "openCompare": false, "xAxisShowType": "time", "currentChartType": "sequence", "showFieldMapping": false, "tableSortMetricName": "\u5199\u9875\u9762\u6570"}}, "group": {"name": "InnoDB"}, "name": "\u6bcf\u79d2\u8bfb\u5199\u9875\u6570", "pos": {"h": 9, "i": "chrt_52d97ad4ff6c41a3b61dba93efc5de22", "w": 8, "x": 16, "y": 44.5}, "type": "sequence", "queries": [{"name": "", "type": "sequence", "unit": "", "color": "", "qtype": "dql", "query": {"q": "NON_NEGATIVE_DERIVATIVE(\"M::`mysql_innodb`:(fill(LAST(`buffer_pages_read`), linear) AS `\u8bfb\u9875\u9762\u6570`) { `app` = '#{host}' }\")", "code": "B", "fill": "linear", "type": "simple", "alias": "\u8bfb\u9875\u9762\u6570", "field": "buffer_pages_read", "filters": [{"id": "501f3130-610e-11eb-92a4-a7762360e489", "op": "=", "name": "app", "type": "", "logic": "and", "value": "#{host}"}], "groupBy": [], "funcList": [], "fieldFunc": "last", "fieldType": "integer", "namespace": "metric", "dataSource": "mysql_innodb", "queryFuncs": [{"args": [], "name": "non_negative_derivative"}], "groupByTime": ""}, "datasource": "dataflux"}, {"name": "", "type": "sequence", "unit": "", "color": "", "qtype": "dql", "query": {"q": "NON_NEGATIVE_DERIVATIVE(\"M::`mysql_innodb`:(fill(LAST(`buffer_pages_written`), linear) AS `\u5199\u9875\u9762\u6570`) { `app` = '#{host}' }\")", "code": "A", "fill": "linear", "type": "simple", "alias": "\u5199\u9875\u9762\u6570", "field": "buffer_pages_written", "filters": [{"id": "501f3130-610e-11eb-92a4-a7762360e489", "op": "=", "name": "app", "type": "", "logic": "and", "value": "#{host}"}], "groupBy": [], "funcList": [], "fieldFunc": "last", "fieldType": "integer", "namespace": "metric", "dataSource": "mysql_innodb", "queryFuncs": [{"args": [], "name": "non_negative_derivative"}], "groupByTime": ""}, "datasource": "dataflux"}]}, {"extend": {"settings": {"mark": {"axis": "x", "data": [], "type": "area"}, "units": [], "colors": [{"key": "\u8bfb\u53d6\u8bf7\u6c42", "name": "\u8bfb\u53d6\u8bf7\u6c42", "color": "rgba(249,117,117,1)"}], "levels": [], "density": "medium", "showLine": false, "chartType": "areaLine", "openStack": false, "stackType": "time", "showLegend": true, "openCompare": false, "showTopSize": 10, "xAxisShowType": "time", "currentChartType": "sequence", "showFieldMapping": false, "tableSortMetricName": "\u8bfb\u53d6\u8bf7\u6c42"}}, "group": {"name": "InnoDB"}, "name": "\u6bcf\u79d2\u7f13\u51b2\u6c60\u78c1\u76d8\u8bfb\u8bf7\u6c42", "pos": {"h": 9, "i": "chrt_79bea95cc2d045598b70b0086acb568a", "w": 8, "x": 0, "y": 53.5}, "type": "sequence", "queries": [{"name": "", "type": "sequence", "unit": "", "color": "", "qtype": "dql", "query": {"q": "NON_NEGATIVE_DERIVATIVE(\"M::`mysql_innodb`:(fill(LAST(`buffer_pool_reads`), linear) AS `\u8bfb\u53d6\u8bf7\u6c42`) { `app` = '#{host}' }\")", "code": "A", "fill": "linear", "type": "simple", "alias": "\u8bfb\u53d6\u8bf7\u6c42", "field": "buffer_pool_reads", "filters": [{"id": "be16a8f0-610c-11eb-92a4-a7762360e489", "op": "=", "name": "app", "type": "", "logic": "and", "value": "#{host}"}], "groupBy": [], "funcList": [], "fieldFunc": "last", "fieldType": "integer", "namespace": "metric", "dataSource": "mysql_innodb", "queryFuncs": [{"args": [], "name": "non_negative_derivative"}], "groupByTime": ""}, "datasource": "dataflux"}]}, {"extend": {"settings": {"mark": {"axis": "x", "data": [], "type": "area"}, "units": [], "colors": [{"key": "\u5269\u4f59\u9875\u6570", "name": "\u5269\u4f59\u9875\u6570", "color": "rgba(73,139,254,1)"}], "levels": [], "density": "medium", "topSize": 10, "showLine": false, "chartType": "areaLine", "direction": "vertical", "openStack": false, "stackType": "time", "showLegend": true, "openCompare": false, "showTopSize": 10, "xAxisShowType": "groupBy", "currentChartType": "sequence", "showFieldMapping": false, "showTopWithMetric": "mysql_innodb_buffer_pool_pages_free", "tableSortMetricName": "\u5f53\u524d\u6b63\u5728\u7b49\u5f85\u9501\u7684\u6570\u91cf"}}, "group": {"name": "\u9501\u4fe1\u606f"}, "name": "\u884c\u9501\u6570", "pos": {"h": 8, "i": "chrt_a8cb4b3d94b946f98915b4c7de80bbe9", "w": 8, "x": 0, "y": 103.5}, "type": "sequence", "queries": [{"name": "", "type": "sequence", "unit": "", "color": "", "qtype": "dql", "query": {"q": "M::`mysql_innodb`:(fill(LAST(`lock_row_lock_current_waits`), linear) AS `\u5f53\u524d\u6b63\u5728\u7b49\u5f85\u9501\u7684\u6570\u91cf`) { `app` = '#{host}' }", "code": "A", "fill": "linear", "type": "simple", "alias": "\u5f53\u524d\u6b63\u5728\u7b49\u5f85\u9501\u7684\u6570\u91cf", "field": "lock_row_lock_current_waits", "filters": [{"id": "54e8f8d0-610f-11eb-92a4-a7762360e489", "op": "=", "name": "app", "type": "", "logic": "and", "value": "#{host}"}], "groupBy": [], "funcList": [], "fieldFunc": "last", "fieldType": "integer", "namespace": "metric", "dataSource": "mysql_innodb", "queryFuncs": [], "groupByTime": ""}, "datasource": "dataflux"}, {"name": "", "type": "sequence", "unit": "", "color": "", "qtype": "dql", "query": {"q": "M::`mysql_innodb`:(fill(LAST(`lock_row_lock_waits`), linear) AS `\u7b49\u5f85\u9501\u603b\u6570`) { `app` = '#{host}' }", "code": "B", "fill": "linear", "type": "simple", "alias": "\u7b49\u5f85\u9501\u603b\u6570", "field": "lock_row_lock_waits", "filters": [{"id": "625f7980-610f-11eb-92a4-a7762360e489", "op": "=", "name": "app", "type": "", "logic": "and", "value": "#{host}"}], "groupBy": [], "funcList": [], "fieldFunc": "last", "fieldType": "integer", "namespace": "metric", "dataSource": "mysql_innodb", "queryFuncs": [], "groupByTime": ""}, "datasource": "dataflux"}]}, {"extend": {"settings": {"mark": {"axis": "x", "data": [], "type": "area"}, "units": [{"key": "\u7b49\u5f85\u9501\u5e73\u5747\u8017\u65f6", "name": "\u7b49\u5f85\u9501\u5e73\u5747\u8017\u65f6", "unit": "", "units": ["time", "s"]}, {"key": "\u7b49\u5f85\u9501\u603b\u65f6\u957f", "name": "\u7b49\u5f85\u9501\u603b\u65f6\u957f", "unit": "", "units": ["time", "s"]}, {"key": "\u7b49\u5f85\u9501\u6700\u5927\u8017\u65f6", "name": "\u7b49\u5f85\u9501\u6700\u5927\u8017\u65f6", "unit": "", "units": ["time", "s"]}], "colors": [], "levels": [], "density": "medium", "topSize": 10, "showLine": false, "chartType": "areaLine", "direction": "vertical", "openStack": false, "stackType": "time", "showLegend": true, "openCompare": false, "showTopSize": 10, "xAxisShowType": "groupBy", "currentChartType": "sequence", "showFieldMapping": false, "showTopWithMetric": "mysql_innodb_buffer_pool_pages_free", "tableSortMetricName": "mysql_innodb_row_lock_time"}}, "group": {"name": "\u9501\u4fe1\u606f"}, "name": "\u884c\u9501\u8017\u65f6", "pos": {"h": 8, "i": "chrt_c37760bc0a2146d59e9fc888d1924b38", "w": 8, "x": 8, "y": 103.5}, "type": "sequence", "queries": [{"name": "", "type": "sequence", "unit": "", "color": "", "qtype": "dql", "query": {"q": "F::dataflux__dql:(EXEC_FORMULA(expr='A/(B+0.0001)', alias='\u7b49\u5f85\u9501\u5e73\u5747\u8017\u65f6', A=dql(\"NON_NEGATIVE_DERIVATIVE(\\\"M::`mysql_innodb`:(fill(LAST(`lock_row_lock_time`), linear)) { `app` = '#{host}' }\\\")\"), B=dql(\"NON_NEGATIVE_DERIVATIVE(\\\"M::`mysql_innodb`:(fill(LAST(`lock_row_lock_waits`), linear)) { `app` = '#{host}' }\\\")\")))", "code": "D", "type": "expression", "alias": "\u7b49\u5f85\u9501\u5e73\u5747\u8017\u65f6", "children": [{"q": "NON_NEGATIVE_DERIVATIVE(\"M::`mysql_innodb`:(fill(LAST(`lock_row_lock_time`), linear)) { `app` = '#{host}' }\")", "code": "A", "fill": "linear", "type": "simple", "alias": "", "field": "lock_row_lock_time", "filters": [{"id": "3de19a90-bedc-11eb-9a34-fd54a9f11e8a", "op": "=", "name": "app", "type": "", "logic": "and", "value": "#{host}"}], "groupBy": [], "funcList": [], "fieldFunc": "last", "fieldType": "integer", "namespace": "metric", "dataSource": "mysql_innodb", "queryFuncs": [{"args": [], "name": "non_negative_derivative"}], "groupByTime": ""}, {"q": "NON_NEGATIVE_DERIVATIVE(\"M::`mysql_innodb`:(fill(LAST(`lock_row_lock_waits`), linear)) { `app` = '#{host}' }\")", "code": "B", "fill": "linear", "type": "simple", "alias": "", "field": "lock_row_lock_waits", "filters": [{"id": "4033ef00-bedc-11eb-9a34-fd54a9f11e8a", "op": "=", "name": "app", "type": "", "logic": "and", "value": "#{host}"}], "groupBy": [], "funcList": [], "fieldFunc": "last", "fieldType": "integer", "namespace": "metric", "dataSource": "mysql_innodb", "queryFuncs": [{"args": [], "name": "non_negative_derivative"}], "groupByTime": ""}], "funcList": [], "expression": "A/(B+0.0001)"}, "datasource": "dataflux"}, {"name": "", "type": "sequence", "unit": "", "color": "", "qtype": "dql", "query": {"q": "M::`mysql_innodb`:(fill(LAST(`lock_row_lock_time_max`), linear) AS `\u7b49\u5f85\u9501\u6700\u5927\u8017\u65f6`) { `app` = '#{host}' }", "code": "A", "fill": "linear", "type": "simple", "alias": "\u7b49\u5f85\u9501\u6700\u5927\u8017\u65f6", "field": "lock_row_lock_time_max", "filters": [{"id": "8f9a9b50-610f-11eb-92a4-a7762360e489", "op": "=", "name": "app", "type": "", "logic": "and", "value": "#{host}"}], "groupBy": [], "funcList": [], "fieldFunc": "last", "fieldType": "integer", "namespace": "metric", "dataSource": "mysql_innodb", "queryFuncs": [], "groupByTime": ""}, "datasource": "dataflux"}, {"name": "", "type": "sequence", "unit": "", "color": "", "qtype": "dql", "query": {"q": "NON_NEGATIVE_DERIVATIVE(\"M::`mysql_innodb`:(LAST(`lock_row_lock_time`) AS `\u7b49\u5f85\u9501\u603b\u65f6\u957f`) { `app` = '#{host}' }\")", "code": "C", "fill": null, "type": "simple", "alias": "\u7b49\u5f85\u9501\u603b\u65f6\u957f", "field": "lock_row_lock_time", "filters": [{"id": "8f9a9b50-610f-11eb-92a4-a7762360e489", "op": "=", "name": "app", "type": "", "logic": "and", "value": "#{host}"}], "groupBy": [], "funcList": [], "fieldFunc": "last", "fieldType": "integer", "namespace": "metric", "dataSource": "mysql_innodb", "queryFuncs": [{"args": [], "name": "non_negative_derivative"}], "groupByTime": ""}, "datasource": "dataflux"}]}, {"extend": {"settings": {"mark": {"axis": "x", "data": [], "type": "area"}, "units": [], "colors": [{"key": "\u5269\u4f59\u9875\u6570", "name": "\u5269\u4f59\u9875\u6570", "color": "rgba(73,139,254,1)"}], "levels": [], "density": "medium", "topSize": 10, "showLine": false, "chartType": "areaLine", "direction": "vertical", "openStack": false, "stackType": "time", "showLegend": true, "openCompare": false, "showTopSize": 10, "xAxisShowType": "groupBy", "currentChartType": "sequence", "showFieldMapping": false, "showTopWithMetric": "mysql_innodb_buffer_pool_pages_free", "tableSortMetricName": "\u4e0d\u80fd\u7acb\u5373\u83b7\u5f97\u9501\u7684\u6570\u91cf"}}, "group": {"name": "\u9501\u4fe1\u606f"}, "name": "\u6bcf\u79d2\u8868\u9501\u6570", "pos": {"h": 8, "i": "chrt_3f09275fee2c422bbcc7c1b23a9ea3ee", "w": 8, "x": 16, "y": 103.5}, "type": "sequence", "queries": [{"name": "", "type": "sequence", "unit": "", "color": "", "qtype": "dql", "query": {"q": "NON_NEGATIVE_DERIVATIVE(\"M::`mysql`:(LAST(`Table_locks_waited`) AS `\u4e0d\u80fd\u7acb\u5373\u83b7\u5f97\u9501\u7684\u6570\u91cf`) { `app` = '#{host}' }\")", "code": "B", "fill": null, "type": "simple", "alias": "\u4e0d\u80fd\u7acb\u5373\u83b7\u5f97\u9501\u7684\u6570\u91cf", "field": "Table_locks_waited", "filters": [{"id": "d2a64d90-610f-11eb-92a4-a7762360e489", "op": "=", "name": "app", "type": "", "logic": "and", "value": "#{host}"}], "groupBy": [], "funcList": [], "fieldFunc": "last", "fieldType": "integer", "namespace": "metric", "dataSource": "mysql", "queryFuncs": [{"args": [], "name": "non_negative_derivative"}], "groupByTime": ""}, "datasource": "dataflux"}, {"name": "", "type": "sequence", "unit": "", "color": "", "qtype": "dql", "query": {"q": "NON_NEGATIVE_DERIVATIVE(\"M::`mysql`:(LAST(`Table_locks_immediate`) AS `\u7acb\u5373\u83b7\u5f97\u9501\u7684\u6570\u91cf`) { `app` = '#{host}' }\")", "code": "A", "fill": null, "type": "simple", "alias": "\u7acb\u5373\u83b7\u5f97\u9501\u7684\u6570\u91cf", "field": "Table_locks_immediate", "filters": [{"id": "d2a64d90-610f-11eb-92a4-a7762360e489", "op": "=", "name": "app", "type": "", "logic": "and", "value": "#{host}"}], "groupBy": [], "funcList": [], "fieldFunc": "last", "fieldType": "integer", "namespace": "metric", "dataSource": "mysql", "queryFuncs": [{"args": [], "name": "non_negative_derivative"}], "groupByTime": ""}, "datasource": "dataflux"}]}, {"extend": {"settings": {"mark": {"axis": "x", "data": [], "type": "area"}, "units": [{"key": "\u65e5\u5fd7\u5199\u8bf7\u6c42\u6b21\u6570", "name": "\u65e5\u5fd7\u5199\u8bf7\u6c42\u6b21\u6570", "unit": "\u6b21", "units": ["custom", "\u6b21"]}, {"key": "\u65e5\u5fd7\u6587\u4ef6\u7684\u7269\u7406\u5199\u6b21\u6570", "name": "\u65e5\u5fd7\u6587\u4ef6\u7684\u7269\u7406\u5199\u6b21\u6570", "unit": "\u6b21", "units": ["custom", "\u6b21"]}], "colors": [], "levels": [], "density": "medium", "showLine": false, "chartType": "line", "openStack": false, "stackType": "time", "showLegend": true, "openCompare": false, "showTopSize": 10, "xAxisShowType": "time", "currentChartType": "sequence", "showFieldMapping": false, "tableSortMetricName": "\u65e5\u5fd7\u5199\u8bf7\u6c42\u6b21\u6570"}}, "group": {"name": "\u6027\u80fd\u4fe1\u606f"}, "name": "\u6bcf\u79d2\u65e5\u5fd7\u6587\u4ef6\u5199\u5165\u6b21\u6570", "pos": {"h": 8, "i": "chrt_93734e1d241840d08f5aed966fca9f1e", "w": 8, "x": 16, "y": 76}, "type": "sequence", "queries": [{"name": "", "type": "sequence", "unit": "", "color": "", "qtype": "dql", "query": {"q": "NON_NEGATIVE_DERIVATIVE(\"M::`mysql_innodb`:(fill(LAST(`log_writes`), linear) AS `\u65e5\u5fd7\u6587\u4ef6\u7684\u7269\u7406\u5199\u6b21\u6570`) { `app` = '#{host}' }\")", "code": "B", "fill": "linear", "type": "simple", "alias": "\u65e5\u5fd7\u6587\u4ef6\u7684\u7269\u7406\u5199\u6b21\u6570", "field": "log_writes", "filters": [{"id": "1060dfc0-610f-11eb-92a4-a7762360e489", "op": "=", "name": "app", "type": "", "logic": "and", "value": "#{host}"}], "groupBy": [], "funcList": [], "fieldFunc": "last", "fieldType": "integer", "namespace": "metric", "dataSource": "mysql_innodb", "queryFuncs": [{"args": [], "name": "NON_NEGATIVE_DERIVATIVE"}], "groupByTime": ""}, "datasource": "dataflux"}, {"name": "", "type": "sequence", "unit": "", "color": "", "qtype": "dql", "query": {"q": "NON_NEGATIVE_DERIVATIVE(\"M::`mysql_innodb`:(fill(LAST(`log_write_requests`), linear) AS `\u65e5\u5fd7\u5199\u8bf7\u6c42\u6b21\u6570`) { `app` = '#{host}' }\")", "code": "A", "fill": "linear", "type": "simple", "alias": "\u65e5\u5fd7\u5199\u8bf7\u6c42\u6b21\u6570", "field": "log_write_requests", "filters": [{"id": "1060dfc0-610f-11eb-92a4-a7762360e489", "op": "=", "name": "app", "type": "", "logic": "and", "value": "#{host}"}], "groupBy": [], "funcList": [], "fieldFunc": "last", "fieldType": "integer", "namespace": "metric", "dataSource": "mysql_innodb", "queryFuncs": [{"args": [], "name": "NON_NEGATIVE_DERIVATIVE"}], "groupByTime": ""}, "datasource": "dataflux"}]}, {"extend": {"settings": {"units": [], "colors": [], "levels": [], "density": "medium", "showLine": false, "chartType": "areaLine", "openStack": false, "stackType": "time", "openCompare": false, "xAxisShowType": "time", "showFieldMapping": false, "tableSortMetricName": "last(Aborted_clients)"}}, "group": {"name": "\u7a7a\u95f4\u4fe1\u606f"}, "name": "Binlog \u6761\u6570", "pos": {"h": 9, "i": "chrt_82419d6ddbc7456b8143c763cc3c6048", "w": 12, "x": 12, "y": 33}, "type": "sequence", "queries": [{"name": "", "type": "sequence", "unit": "", "color": "", "qtype": "dql", "query": {"q": "M::`mysql`:(fill(LAST(`Binlog_cache_disk_use`), linear) AS `\u4e8c\u8fdb\u5236\u65e5\u5fd7\u5df2\u7f13\u5b58\u7684\u6761\u6570(\u786c\u76d8)`) { `app` = '#{host}' }", "code": "A", "fill": "linear", "type": "simple", "alias": "\u4e8c\u8fdb\u5236\u65e5\u5fd7\u5df2\u7f13\u5b58\u7684\u6761\u6570(\u786c\u76d8)", "field": "Binlog_cache_disk_use", "fillNum": null, "filters": [{"id": "fd40ade0-bd06-11eb-9a01-6d760c28d078", "op": "=", "name": "app", "logic": "and", "value": "#{host}"}], "groupBy": [], "funcList": [], "fieldFunc": "last", "fieldType": "integer", "namespace": "metric", "dataSource": "mysql", "queryFuncs": [], "groupByTime": ""}, "datasource": "dataflux"}, {"name": "", "type": "sequence", "unit": "", "color": "", "qtype": "dql", "query": {"q": "M::`mysql`:(fill(LAST(`Binlog_cache_use`), linear) AS `\u4e8c\u8fdb\u5236\u65e5\u5fd7\u5df2\u7f13\u5b58\u7684\u6761\u6570(\u5185\u5b58)`) { `app` = '#{host}' }", "code": "B", "fill": "linear", "type": "simple", "alias": "\u4e8c\u8fdb\u5236\u65e5\u5fd7\u5df2\u7f13\u5b58\u7684\u6761\u6570(\u5185\u5b58)", "field": "Binlog_cache_use", "fillNum": null, "filters": [{"id": "fd40ade0-bd06-11eb-9a01-6d760c28d078", "op": "=", "name": "app", "logic": "and", "value": "#{host}"}], "groupBy": [], "funcList": [], "fieldFunc": "last", "fieldType": "integer", "namespace": "metric", "dataSource": "mysql", "queryFuncs": [], "groupByTime": ""}, "datasource": "dataflux"}]}, {"extend": {"settings": {"units": [{"key": "\u4e8c\u8fdb\u5236\u65e5\u5fd7\u7a7a\u95f4\u5927\u5c0f", "name": "\u4e8c\u8fdb\u5236\u65e5\u5fd7\u7a7a\u95f4\u5927\u5c0f", "unit": "", "units": ["digital", "B"]}], "colors": [], "levels": [], "density": "medium", "showLine": false, "chartType": "areaLine", "openStack": false, "stackType": "time", "openCompare": false, "xAxisShowType": "time", "currentChartType": "sequence", "showFieldMapping": false, "tableSortMetricName": "last(Aborted_clients)"}}, "group": {"name": "\u7a7a\u95f4\u4fe1\u606f"}, "name": "Binlog \u5927\u5c0f", "pos": {"h": 9, "i": "chrt_7e2ba3c94a09479fa2a7dd453888718b", "w": 12, "x": 0, "y": 33}, "type": "sequence", "queries": [{"name": "", "type": "sequence", "unit": "", "color": "", "qtype": "dql", "query": {"q": "M::`mysql`:(fill(LAST(`Binlog_space_usage_bytes`), linear) AS `\u4e8c\u8fdb\u5236\u65e5\u5fd7\u7a7a\u95f4\u5927\u5c0f`) { `app` = '#{host}' }", "code": "B", "fill": "linear", "type": "simple", "alias": "\u4e8c\u8fdb\u5236\u65e5\u5fd7\u7a7a\u95f4\u5927\u5c0f", "field": "Binlog_space_usage_bytes", "fillNum": null, "filters": [{"id": "fd40ade0-bd06-11eb-9a01-6d760c28d078", "op": "=", "name": "app", "logic": "and", "value": "#{host}"}], "groupBy": [], "funcList": [], "fieldFunc": "last", "fieldType": "integer", "namespace": "metric", "dataSource": "mysql", "queryFuncs": [], "groupByTime": ""}, "datasource": "dataflux"}]}, {"extend": {"settings": {"units": [], "colors": [], "levels": [], "density": "medium", "showLine": false, "chartType": "areaLine", "openStack": false, "stackType": "time", "openCompare": false, "xAxisShowType": "time", "currentChartType": "sequence", "showFieldMapping": false, "tableSortMetricName": "\u6309\u7167\u952e\u987a\u5e8f\u8bfb\u4e0b\u4e00\u884c\u7684\u8bf7\u6c42\u6570"}}, "group": {"name": "\u6027\u80fd\u4fe1\u606f"}, "name": "\u7d22\u5f15\u626b\u63cf\u6b21\u6570", "pos": {"h": 9, "i": "chrt_b3f9925ff814474eb3ab8463270eccdd", "w": 24, "x": 0, "y": 92}, "type": "sequence", "queries": [{"name": "", "type": "sequence", "unit": "", "color": "", "qtype": "dql", "query": {"q": "NON_NEGATIVE_DERIVATIVE(\"M::`mysql`:(LAST(`Handler_read_key`) AS `\u57fa\u4e8e\u7d22\u5f15\u83b7\u53d6\u6570\u636e\u6b21\u6570`) { `app` = '#{host}' }\")", "code": "B", "type": "simple", "alias": "\u57fa\u4e8e\u7d22\u5f15\u83b7\u53d6\u6570\u636e\u6b21\u6570", "field": "Handler_read_key", "filters": [{"id": "61fe4060-bd09-11eb-9a01-6d760c28d078", "op": "=", "name": "app", "type": "", "logic": "and", "value": "#{host}"}], "groupBy": [], "funcList": [], "fieldFunc": "last", "fieldType": "integer", "namespace": "metric", "dataSource": "mysql", "queryFuncs": [{"args": [], "name": "non_negative_derivative"}], "groupByTime": ""}, "datasource": "dataflux"}, {"name": "", "type": "sequence", "unit": "", "color": "", "qtype": "dql", "query": {"q": "NON_NEGATIVE_DERIVATIVE(\"M::`mysql`:(LAST(`Handler_read_first`) AS `\u7d22\u5f15\u4e2d\u7b2c\u4e00\u6761\u88ab\u8bfb\u7684\u6b21\u6570`) { `app` = '#{host}' }\")", "code": "A", "type": "simple", "alias": "\u7d22\u5f15\u4e2d\u7b2c\u4e00\u6761\u88ab\u8bfb\u7684\u6b21\u6570", "field": "Handler_read_first", "filters": [{"id": "61fe4060-bd09-11eb-9a01-6d760c28d078", "op": "=", "name": "app", "type": "", "logic": "and", "value": "#{host}"}], "groupBy": [], "funcList": [], "fieldFunc": "last", "fieldType": "integer", "namespace": "metric", "dataSource": "mysql", "queryFuncs": [{"args": [], "name": "non_negative_derivative"}], "groupByTime": ""}, "datasource": "dataflux"}]}, {"extend": {"settings": {"units": [], "colors": [], "levels": [], "density": "medium", "showLine": false, "chartType": "areaLine", "openStack": false, "stackType": "time", "openCompare": false, "xAxisShowType": "time", "currentChartType": "sequence", "showFieldMapping": false, "tableSortMetricName": "\u6309\u7167\u952e\u987a\u5e8f\u8bfb\u4e0b\u4e00\u884c\u7684\u8bf7\u6c42\u6570"}}, "group": {"name": "\u6027\u80fd\u4fe1\u606f"}, "name": "\u952e\u626b\u63cf\u8bf7\u6c42\u6570", "pos": {"h": 8, "i": "chrt_9cf300b0ed364a44aadd237f9425e7f7", "w": 8, "x": 8, "y": 84}, "type": "sequence", "queries": [{"name": "", "type": "sequence", "unit": "", "color": "", "qtype": "dql", "query": {"q": "NON_NEGATIVE_DERIVATIVE(\"M::`mysql`:(fill(LAST(`Handler_read_prev`), linear) AS `\u6309\u7167\u952e\u987a\u5e8f\u8bfb\u524d\u4e00\u884c\u7684\u8bf7\u6c42\u6570`) { `app` = '#{host}' }\")", "code": "D", "fill": "linear", "type": "simple", "alias": "\u6309\u7167\u952e\u987a\u5e8f\u8bfb\u524d\u4e00\u884c\u7684\u8bf7\u6c42\u6570", "field": "Handler_read_prev", "filters": [{"id": "61fe4060-bd09-11eb-9a01-6d760c28d078", "op": "=", "name": "app", "type": "", "logic": "and", "value": "#{host}"}], "groupBy": [], "funcList": [], "fieldFunc": "last", "fieldType": "integer", "namespace": "metric", "dataSource": "mysql", "queryFuncs": [{"args": [], "name": "non_negative_derivative"}], "groupByTime": ""}, "datasource": "dataflux"}, {"name": "", "type": "sequence", "unit": "", "color": "", "qtype": "dql", "query": {"q": "NON_NEGATIVE_DERIVATIVE(\"M::`mysql`:(fill(LAST(`Handler_read_next`), linear) AS `\u6309\u7167\u952e\u987a\u5e8f\u8bfb\u4e0b\u4e00\u884c\u7684\u8bf7\u6c42\u6570`) { `app` = '#{host}' }\")", "code": "C", "fill": "linear", "type": "simple", "alias": "\u6309\u7167\u952e\u987a\u5e8f\u8bfb\u4e0b\u4e00\u884c\u7684\u8bf7\u6c42\u6570", "field": "Handler_read_next", "filters": [{"id": "61fe4060-bd09-11eb-9a01-6d760c28d078", "op": "=", "name": "app", "type": "", "logic": "and", "value": "#{host}"}], "groupBy": [], "funcList": [], "fieldFunc": "last", "fieldType": "integer", "namespace": "metric", "dataSource": "mysql", "queryFuncs": [{"args": [], "name": "non_negative_derivative"}], "groupByTime": ""}, "datasource": "dataflux"}]}, {"extend": {"settings": {"units": [{"key": "schema_size", "name": "schema_size", "unit": "", "units": ["digital", "MB"]}], "colors": [], "levels": [], "density": "high", "showLine": false, "chartType": "areaLine", "openStack": false, "stackType": "time", "openCompare": false, "timeInterval": {"type": ""}, "xAxisShowType": "time", "currentChartType": "sequence", "showFieldMapping": false, "tableSortMetricName": "last(query_run_time_avg)"}, "fixedTime": null, "fixedGroupByTime": null}, "group": {"name": "\u7a7a\u95f4\u4fe1\u606f"}, "name": "Schema Size", "pos": {"h": 10, "i": "chrt_c9c110d091a2450e93024bb0356ab83d", "w": 17, "x": 7, "y": 23}, "type": "sequence", "queries": [{"name": "", "type": "sequence", "unit": "", "color": "", "qtype": "dql", "query": {"q": "M::`mysql_schema`:(fill(LAST(`schema_size`), linear) AS `schema_size`) { `app` = '#{host}' } BY `schema_name`", "code": "A", "fill": "linear", "type": "simple", "alias": "schema_size", "field": "schema_size", "density": "medium", "filters": [{"id": "ff2a3c60-bedd-11eb-9a34-fd54a9f11e8a", "op": "=", "name": "app", "type": "", "logic": "and", "value": "#{host}"}], "groupBy": ["schema_name"], "funcList": [], "fieldFunc": "last", "fieldType": "float", "namespace": "metric", "dataSource": "mysql_schema", "queryFuncs": [], "groupByTime": ""}, "datasource": "dataflux"}]}, {"extend": {"links": [], "settings": {"units": [], "colors": [], "pageSize": 0, "queryMode": "toGroupColumn", "currentChartType": "table", "showFieldMapping": false}, "fixedTime": null, "fixedGroupByTime": null}, "group": {"name": "\u7a7a\u95f4\u4fe1\u606f"}, "name": "Schema\u5927\u5c0f", "pos": {"h": 10, "i": "chrt_33176c4e15874eb3adc4ed6f9d2848fd", "w": 7, "x": 0, "y": 23}, "type": "table", "queries": [{"name": "", "type": "table", "unit": "", "color": "", "qtype": "dql", "query": {"q": "M::`mysql_schema`:(fill(LAST(`schema_size`), linear) AS `schema_size`) { `app` = '#{host}' } BY `schema_name`", "code": "A", "fill": "linear", "type": "simple", "alias": "schema_size", "field": "schema_size", "density": "medium", "filters": [{"id": "ff2a3c60-bedd-11eb-9a34-fd54a9f11e8a", "op": "=", "name": "app", "type": "", "logic": "and", "value": "#{host}"}], "groupBy": ["schema_name"], "funcList": ["last", "top:20"], "fieldFunc": "last", "fieldType": "float", "namespace": "metric", "dataSource": "mysql_schema", "queryFuncs": [], "groupByTime": ""}, "datasource": "dataflux"}]}, {"extend": {"settings": {"units": [], "colors": [], "inColumns": [{"field": "time", "headerName": "\u65f6\u95f4", "filterParams": {}, "cellRendererFramework": "StatusCellRender"}], "addColumns": [{"field": "message", "headerName": "\u5185\u5bb9"}, {"hide": true, "field": "status"}, {"hide": true, "field": "__docid"}], "showFieldMapping": false, "tableSortMetricName": "__docid"}}, "group": {"name": "\u65e5\u5fd7"}, "name": "Slow_Log", "pos": {"h": 18, "i": "chrt_c0e3f0da45384747948692192de69f9a", "w": 24, "x": 0, "y": 114}, "type": "log", "queries": [{"name": "", "type": "log", "unit": "", "color": "", "qtype": "dql", "query": {"q": "L::`mysql`:(`message`, `status`, `__docid`) { `app` = '#{host}' and `filename` = 'mysqlslow.log' }", "code": "A", "fill": null, "type": "simple", "alias": "\u5185\u5bb9", "field": null, "fields": [{"alias": "\u5185\u5bb9", "field": "message"}, {"hide": true, "field": "status"}, {"hide": true, "field": "__docid"}], "filters": [{"id": "99757650-c2c5-11eb-aeaa-db6760b713a3", "op": "=", "name": "app", "type": "keyword", "logic": "and", "value": "#{host}"}, {"id": "9bfc6f50-c2c5-11eb-aeaa-db6760b713a3", "op": "=", "name": "filename", "type": "keyword", "logic": "and", "value": "mysqlslow.log"}], "groupBy": [], "funcList": [], "fieldFunc": "last", "fieldType": "text", "namespace": "logging", "dataSource": "mysql", "queryFuncs": [], "groupByTime": "", "disableMultipleField": false}, "datasource": "dataflux", "noTimeRange": false}]}, {"extend": {"settings": {"units": [], "colors": [], "inColumns": [{"field": "time", "headerName": "\u65f6\u95f4", "filterParams": {}, "cellRendererFramework": "StatusCellRender"}], "addColumns": [{"hide": true, "field": "status"}, {"hide": true, "field": "__docid"}, {"field": "operation", "headerName": " SQL\u7c7b\u578b"}, {"field": "raw_query", "headerName": " SQL\u6587\u672c"}], "currentChartType": "log", "showFieldMapping": false, "tableSortMetricName": "__docid"}}, "group": {"name": "\u65e5\u5fd7"}, "name": "General_Log", "pos": {"h": 20, "i": "chrt_d64f7efebaf94aa9824e54e2fc1ab3fe", "w": 24, "x": 0, "y": 132}, "type": "log", "queries": [{"name": "", "type": "log", "unit": "", "color": "", "qtype": "dql", "query": {"q": "L::`mysql`:(`status`, `__docid`, `operation`, `raw_query`) { `app` = '#{host}' and `filename` = 'df_solution_ecs_001.log' }", "code": "A", "fill": null, "type": "simple", "alias": "\u5185\u5bb9", "field": null, "fields": [{"hide": true, "field": "status"}, {"hide": true, "field": "__docid"}, {"alias": " SQL\u7c7b\u578b", "field": "operation", "isEditAlias": false}, {"alias": " SQL\u6587\u672c", "field": "raw_query", "isEditAlias": false}], "filters": [{"id": "99757650-c2c5-11eb-aeaa-db6760b713a3", "op": "=", "name": "app", "type": "keyword", "logic": "and", "value": "#{host}"}, {"id": "9bfc6f50-c2c5-11eb-aeaa-db6760b713a3", "op": "=", "name": "filename", "type": "keyword", "logic": "and", "value": "df_solution_ecs_001.log"}], "groupBy": [], "funcList": [], "fieldFunc": "last", "fieldType": "", "namespace": "logging", "dataSource": "mysql", "queryFuncs": [], "groupByTime": "", "disableMultipleField": false}, "datasource": "dataflux", "noTimeRange": false}]}, {"extend": {"settings": {"units": [], "colors": [], "levels": [], "mappings": [], "showLine": true, "lineColor": "#3AB8FF", "downsample": "last", "openCompare": false, "showLineAxis": true, "currentChartType": "singlestat", "showFieldMapping": false, "tableSortMetricName": "\u5f53\u524d\u6253\u5f00\u7684\u8fde\u63a5\u6570"}, "fixedTime": null, "fixedGroupByTime": null}, "group": {"name": "\u6982\u89c8"}, "name": "\u8fde\u63a5\u6570", "pos": {"h": 8, "i": "chrt_4ba89c2e52074d8093e06d10feaea123", "w": 4, "x": 6, "y": 2}, "type": "singlestat", "queries": [{"name": "", "type": "singlestat", "unit": "", "color": "", "qtype": "dql", "query": {"q": "M::`mysql`:(fill(LAST(`Threads_connected`), linear) AS `\u5f53\u524d\u6253\u5f00\u7684\u8fde\u63a5\u6570`) { `app` = '#{host}' }", "code": "C", "fill": "linear", "type": "simple", "alias": "\u5f53\u524d\u6253\u5f00\u7684\u8fde\u63a5\u6570", "field": "Threads_connected", "filters": [{"id": "8baccc50-6080-11eb-8f77-bbfc4c28f26e", "op": "=", "name": "app", "type": "", "logic": "and", "value": "#{host}"}], "groupBy": [], "funcList": ["last"], "fieldFunc": "last", "fieldType": "integer", "namespace": "metric", "dataSource": "mysql", "queryFuncs": [], "groupByTime": ""}, "datasource": "dataflux"}]}, {"extend": {"settings": {"units": [{"key": "schema_size", "name": "schema_size", "unit": "", "units": ["digital", "MB"]}], "colors": [], "levels": [], "mappings": [], "showLine": true, "lineColor": "#3AB8FF", "downsample": "last", "openCompare": false, "showLineAxis": true, "currentChartType": "singlestat", "showFieldMapping": false, "tableSortMetricName": "schema_size"}, "fixedTime": null, "fixedGroupByTime": null}, "group": {"name": "\u6982\u89c8"}, "name": "\u6570\u636e\u5927\u5c0f", "pos": {"h": 8, "i": "chrt_548851f9d1d74151b44a6bc2004634e2", "w": 6, "x": 0, "y": 2}, "type": "singlestat", "queries": [{"name": "", "type": "singlestat", "unit": "", "color": "", "qtype": "dql", "query": {"q": "M::`mysql_schema`:(fill(SUM(`schema_size`), linear) AS `schema_size`) { `app` = '#{host}' } BY `schema_name`", "code": "A", "fill": "linear", "type": "simple", "alias": "schema_size", "field": "schema_size", "density": "medium", "filters": [{"id": "ff2a3c60-bedd-11eb-9a34-fd54a9f11e8a", "op": "=", "name": "app", "type": "", "logic": "and", "value": "#{host}"}], "groupBy": ["schema_name"], "funcList": ["last"], "fieldFunc": "sum", "fieldType": "float", "namespace": "metric", "dataSource": "mysql_schema", "queryFuncs": [], "groupByTime": ""}, "datasource": "dataflux"}]}, {"extend": {"settings": {"units": [], "colors": [], "levels": [], "mappings": [], "showLine": true, "lineColor": "#3AB8FF", "downsample": "last", "openCompare": false, "showLineAxis": true, "currentChartType": "singlestat", "showFieldMapping": false, "tableSortMetricName": "QPS"}, "fixedTime": null, "fixedGroupByTime": null}, "group": {"name": "\u6982\u89c8"}, "name": "QPS", "pos": {"h": 8, "i": "chrt_4de19eecbb92497e9b9da9748ea78710", "w": 4, "x": 10, "y": 2}, "type": "singlestat", "queries": [{"name": "", "type": "singlestat", "unit": "", "color": "", "qtype": "dql", "query": {"q": "NON_NEGATIVE_DERIVATIVE(\"M::`mysql`:(fill(LAST(`Questions`), linear) AS `QPS`) { `app` = '#{host}' }\")", "code": "A", "fill": "linear", "type": "simple", "alias": "QPS", "field": "Questions", "filters": [{"id": "3237c4b0-6083-11eb-ae47-cb6cae37dc63", "op": "=", "name": "app", "type": "", "logic": "and", "value": "#{host}"}], "groupBy": [], "funcList": ["last"], "fieldFunc": "last", "fieldType": "integer", "namespace": "metric", "dataSource": "mysql", "queryFuncs": [{"args": [], "name": "non_negative_derivative"}], "groupByTime": ""}, "datasource": "dataflux"}]}, {"extend": {"settings": {"units": [], "colors": [], "levels": [], "mappings": [], "showLine": true, "lineColor": "#3AB8FF", "downsample": "last", "openCompare": false, "showLineAxis": true, "currentChartType": "singlestat", "showFieldMapping": false, "tableSortMetricName": "\u6bcf\u79d2\u4e8b\u52a1\u6570"}, "fixedTime": null, "fixedGroupByTime": null}, "group": {"name": "\u6982\u89c8"}, "name": "TPS", "pos": {"h": 8, "i": "chrt_45029c45f56c410d9e01763dd609198b", "w": 4, "x": 14, "y": 2}, "type": "singlestat", "queries": [{"name": "", "type": "singlestat", "unit": "", "color": "", "qtype": "dql", "query": {"q": "F::dataflux__dql:(EXEC_FORMULA(expr='A+B', alias='\u6bcf\u79d2\u4e8b\u52a1\u6570', A=dql(\"NON_NEGATIVE_DERIVATIVE(\\\"M::`mysql`:(fill(LAST(`Handler_commit`), linear)) { `app` = '#{host}' }\\\")\"), B=dql(\"NON_NEGATIVE_DERIVATIVE(\\\"M::`mysql`:(fill(LAST(`Handler_rollback`), linear)) { `app` = '#{host}' }\\\")\")))", "code": "B", "type": "expression", "alias": "\u6bcf\u79d2\u4e8b\u52a1\u6570", "children": [{"q": "NON_NEGATIVE_DERIVATIVE(\"M::`mysql`:(fill(LAST(`Handler_commit`), linear)) { `app` = '#{host}' }\")", "code": "A", "fill": "linear", "type": "simple", "alias": "", "field": "Handler_commit", "filters": [{"id": "032a69e0-bec8-11eb-8031-253f76b6353f", "op": "=", "name": "app", "type": "", "logic": "and", "value": "#{host}"}], "groupBy": [], "funcList": [], "fieldFunc": "last", "fieldType": "integer", "namespace": "metric", "dataSource": "mysql", "queryFuncs": [{"args": [], "name": "non_negative_derivative"}], "groupByTime": ""}, {"q": "NON_NEGATIVE_DERIVATIVE(\"M::`mysql`:(fill(LAST(`Handler_rollback`), linear)) { `app` = '#{host}' }\")", "code": "B", "fill": "linear", "type": "simple", "alias": "", "field": "Handler_rollback", "filters": [{"id": "05accf00-bec8-11eb-8031-253f76b6353f", "op": "=", "name": "app", "type": "", "logic": "and", "value": "#{host}"}], "groupBy": [], "funcList": [], "fieldFunc": "last", "fieldType": "integer", "namespace": "metric", "dataSource": "mysql", "queryFuncs": [{"args": [], "name": "non_negative_derivative"}], "groupByTime": ""}], "funcList": ["last"], "expression": "A+B"}, "datasource": "dataflux"}]}, {"extend": {"settings": {"units": [{"key": "\u7b49\u5f85\u9501\u5e73\u5747\u8017\u65f6", "name": "\u7b49\u5f85\u9501\u5e73\u5747\u8017\u65f6", "unit": "", "units": ["time", "ms"]}], "colors": [], "levels": [], "mappings": [], "showLine": true, "lineColor": "#3AB8FF", "downsample": "last", "openCompare": false, "showLineAxis": true, "currentChartType": "singlestat", "showFieldMapping": false, "tableSortMetricName": "\u7b49\u5f85\u9501\u5e73\u5747\u8017\u65f6"}, "fixedTime": null, "fixedGroupByTime": null}, "group": {"name": "\u6982\u89c8"}, "name": "\u884c\u9501\u7b49\u5f85\u65f6\u957f", "pos": {"h": 8, "i": "chrt_f232f44e85f64fcaab72a30c313fb69e", "w": 4, "x": 10, "y": 10}, "type": "singlestat", "queries": [{"name": "", "type": "singlestat", "unit": "", "color": "", "qtype": "dql", "query": {"q": "NON_NEGATIVE_DERIVATIVE(\"M::`mysql_innodb`:(fill(LAST(`lock_row_lock_time`), linear) AS `\u7b49\u5f85\u9501\u5e73\u5747\u8017\u65f6`) { `app` = '#{host}' }\")", "code": "D", "fill": "linear", "type": "simple", "alias": "\u7b49\u5f85\u9501\u5e73\u5747\u8017\u65f6", "field": "lock_row_lock_time", "filters": [{"id": "cefb7df0-c2cb-11eb-8937-7905f49ee4ee", "op": "=", "name": "app", "type": "", "logic": "and", "value": "#{host}"}], "groupBy": [], "funcList": ["last"], "fieldFunc": "last", "fieldType": "integer", "namespace": "metric", "dataSource": "mysql_innodb", "queryFuncs": [{"args": [], "name": "non_negative_derivative"}], "groupByTime": ""}, "datasource": "dataflux"}]}, {"extend": {"settings": {"units": [], "colors": [], "levels": [], "mappings": [], "showLine": true, "lineColor": "#3AB8FF", "downsample": "last", "openCompare": false, "showLineAxis": true, "currentChartType": "singlestat", "showFieldMapping": false, "tableSortMetricName": "\u6162SQL"}, "fixedTime": null, "fixedGroupByTime": null}, "group": {"name": "\u6982\u89c8"}, "name": "\u6162\u67e5\u8be2", "pos": {"h": 8, "i": "chrt_faa9df229c134465bfa4651f965b0dec", "w": 6, "x": 0, "y": 10}, "type": "singlestat", "queries": [{"name": "", "type": "singlestat", "unit": "", "color": "", "qtype": "dql", "query": {"q": "NON_NEGATIVE_DERIVATIVE(\"M::`mysql`:(fill(LAST(`Slow_queries`), linear) AS `\u6162SQL`) { `app` = '#{host}' }\")", "code": "A", "fill": "linear", "type": "simple", "alias": "\u6162SQL", "field": "Slow_queries", "filters": [{"id": "dbc1fbb0-6077-11eb-a4ee-3704183133af", "op": "=", "name": "app", "type": "", "logic": "and", "value": "#{host}"}], "groupBy": [], "funcList": ["last"], "fieldFunc": "last", "fieldType": "integer", "namespace": "metric", "dataSource": "mysql", "queryFuncs": [{"args": [], "name": "non_negative_derivative"}], "groupByTime": ""}, "datasource": "dataflux"}]}, {"extend": {"settings": {"units": [], "colors": [], "levels": [], "mappings": [], "showLine": true, "lineColor": "#3AB8FF", "downsample": "last", "openCompare": false, "showLineAxis": true, "currentChartType": "singlestat", "showFieldMapping": false, "tableSortMetricName": "fill(last(Select_full_join), <linear>)"}, "fixedTime": null, "fixedGroupByTime": null}, "group": {"name": "\u6982\u89c8"}, "name": "\u6bcf\u79d2\u65e0\u7d22\u5f15join\u67e5\u8be2\u6b21\u6570", "pos": {"h": 8, "i": "chrt_0e37ac262bc249b08da38f2d06afc48d", "w": 4, "x": 6, "y": 10}, "type": "singlestat", "queries": [{"name": "", "type": "singlestat", "unit": "", "color": "", "qtype": "dql", "query": {"q": "NON_NEGATIVE_DERIVATIVE(\"M::`mysql`:(fill(LAST(`Select_full_join`), linear)) { `app` = '#{host}' }\")", "code": "A", "fill": "linear", "type": "simple", "alias": "", "field": "Select_full_join", "filters": [{"id": "dbc1fbb0-6077-11eb-a4ee-3704183133af", "op": "=", "name": "app", "type": "", "logic": "and", "value": "#{host}"}], "groupBy": [], "funcList": ["last"], "fieldFunc": "last", "fieldType": "integer", "namespace": "metric", "dataSource": "mysql", "queryFuncs": [{"args": [], "name": "NON_NEGATIVE_DERIVATIVE"}], "groupByTime": ""}, "datasource": "dataflux"}]}, {"extend": {"settings": {"units": [], "colors": [], "levels": [], "mappings": [], "showLine": true, "lineColor": "#3AB8FF", "downsample": "last", "openCompare": false, "showLineAxis": true, "currentChartType": "singlestat", "showFieldMapping": false, "tableSortMetricName": "\u884c\u7ea7+\u8868\u7ea7\u9501\u7b49\u5f85\u6570"}, "fixedTime": null, "fixedGroupByTime": null}, "group": {"name": "\u6982\u89c8"}, "name": "\u9501\u7b49\u5f85\u6570\u91cf", "pos": {"h": 8, "i": "chrt_c21392620f874bc6aa0ef1195da14d53", "w": 4, "x": 14, "y": 10}, "type": "singlestat", "queries": [{"name": "", "type": "singlestat", "unit": "", "color": "", "qtype": "dql", "query": {"q": "F::dataflux__dql:(EXEC_FORMULA(expr='A+B', alias='\u884c\u7ea7+\u8868\u7ea7\u9501\u7b49\u5f85\u6570', A=dql(\"M::`mysql`:(fill(LAST(`Table_locks_waited`), linear)) { `app` = '#{host}' }\"), B=dql(\"M::`mysql_innodb`:(fill(LAST(`lock_row_lock_current_waits`), linear)) { `app` = '#{host}' }\")))", "code": "C", "type": "expression", "alias": "\u884c\u7ea7+\u8868\u7ea7\u9501\u7b49\u5f85\u6570", "children": [{"q": "M::`mysql`:(fill(LAST(`Table_locks_waited`), linear)) { `app` = '#{host}' }", "code": "A", "fill": "linear", "type": "simple", "alias": "", "field": "Table_locks_waited", "fillNum": null, "filters": [{"id": "3583c5b0-c2cb-11eb-8937-7905f49ee4ee", "op": "=", "name": "app", "logic": "and", "value": "#{host}"}], "groupBy": [], "funcList": [], "fieldFunc": "last", "fieldType": "integer", "namespace": "metric", "dataSource": "mysql", "queryFuncs": [], "groupByTime": ""}, {"q": "M::`mysql_innodb`:(fill(LAST(`lock_row_lock_current_waits`), linear)) { `app` = '#{host}' }", "code": "B", "fill": "linear", "type": "simple", "alias": "", "field": "lock_row_lock_current_waits", "filters": [{"id": "10fb33e0-c2cb-11eb-8937-7905f49ee4ee", "op": "=", "name": "app", "type": "", "logic": "and", "value": "#{host}"}], "groupBy": [], "funcList": [], "fieldFunc": "last", "fieldType": "integer", "namespace": "metric", "dataSource": "mysql_innodb", "queryFuncs": [], "groupByTime": ""}], "funcList": ["last"], "expression": "A+B"}, "datasource": "dataflux"}]}, {"extend": {"settings": {"units": [{"key": "last(free_storge)", "name": "last(free_storge)", "unit": "", "units": ["digital", "B"]}], "colors": [], "levels": [], "bgColor": "", "mappings": [], "showLine": true, "fixedTime": "", "fontColor": "", "lineColor": "#3AB8FF", "precision": "2", "showTitle": true, "titleDesc": "", "downsample": "last", "compareType": "", "openCompare": false, "compareTitle": "", "showLineAxis": false, "timeInterval": "default", "isTimeInterval": false, "currentChartType": "singlestat", "showFieldMapping": false}, "fixedTime": ""}, "group": {"name": "\u6982\u89c8"}, "name": "\u7a7a\u95f2\u78c1\u76d8", "pos": {"h": 8, "i": "chrt_f826329f7e3347ada0e379ef8a3ccbb9", "w": 6, "x": 18, "y": 2}, "type": "singlestat", "queries": [{"name": "", "type": "singlestat", "unit": "", "color": "", "qtype": "dql", "query": {"q": "M::`aws_rds`:(LAST(`free_storge`)) ", "code": "A", "fill": null, "type": "simple", "alias": "", "field": "free_storge", "fillNum": null, "filters": [], "groupBy": [], "funcList": ["last"], "fieldFunc": "last", "fieldType": "float", "namespace": "metric", "dataSource": "aws_rds", "queryFuncs": [], "withLabels": [], "groupByTime": ""}, "datasource": "dataflux"}]}, {"extend": {"settings": {"units": [{"key": "result", "name": "result", "unit": "", "units": ["percent", "percent"]}], "colors": [], "levels": [], "bgColor": "", "mappings": [], "showLine": true, "fixedTime": "", "fontColor": "", "lineColor": "#3AB8FF", "precision": "2", "showTitle": true, "titleDesc": "", "downsample": "last", "compareType": "", "openCompare": false, "compareTitle": "", "showLineAxis": false, "timeInterval": "default", "isTimeInterval": false, "currentChartType": "singlestat", "showFieldMapping": false}, "fixedTime": ""}, "group": {"name": "\u6982\u89c8"}, "name": "\u5185\u5b58\u4f7f\u7528\u7387", "pos": {"h": 8, "i": "chrt_ca6126288cdb4a809c7342ca52ec9c7f", "w": 6, "x": 18, "y": 10}, "type": "singlestat", "queries": [{"name": "", "type": "singlestat", "unit": "", "color": "", "qtype": "dql", "query": {"q": "F::dataflux__dql:(EXEC_FORMULA(expr='(B - A) / B * 100', A=dql(\"M::`aws_rds`:(LAST(`free_memory`)) \"), B=dql(\"M::`aws_rds`:(LAST(`total_memory`)) \")))", "code": "A", "type": "expression", "alias": "", "children": [{"q": "M::`aws_rds`:(LAST(`free_memory`)) ", "code": "A", "fill": null, "type": "simple", "alias": "", "field": "free_memory", "filters": [], "groupBy": [], "fieldFunc": "last", "fieldType": "float", "namespace": "metric", "dataSource": "aws_rds", "queryFuncs": [], "groupByTime": ""}, {"q": "M::`aws_rds`:(LAST(`total_memory`)) ", "code": "B", "fill": null, "type": "simple", "alias": "", "field": "total_memory", "filters": [], "groupBy": [], "funcList": [], "fieldFunc": "last", "fieldType": "integer", "namespace": "metric", "dataSource": "aws_rds", "queryFuncs": [], "groupByTime": ""}], "funcList": ["last"], "expression": "(B - A) / B * 100"}, "datasource": "dataflux"}]}], "groups": [{"name": "\u6982\u89c8", "extend": {}}, {"name": "\u8fde\u63a5\u4fe1\u606f", "extend": {}}, {"name": "\u7a7a\u95f4\u4fe1\u606f", "extend": {}}, {"name": "InnoDB", "extend": {}}, {"name": "\u6027\u80fd\u4fe1\u606f", "extend": {}}, {"name": "\u9501\u4fe1\u606f", "extend": {}}, {"name": "\u65e5\u5fd7", "extend": {}}], "type": "template"}, "identifier": ""}