{"title": "Redis \u76d1\u63a7\u89c6\u56fe", "dashboardType": "CUSTOM", "dashboardExtend": {}, "dashboardMapping": [], "dashboardOwnerType": "node", "iconSet": {"url": "https://static-res.guance.com/dataflux-template/dashboard/zh/redis/redis.png", "icon": "https://static-res.guance.com/dataflux-template/dashboard/zh/redis/icon.svg"}, "dashboardBindSet": [], "thumbnail": "", "tagInfo": [{"name": "\u57fa\u7840\u8bbe\u65bd"}, {"name": "redis"}], "summary": "", "main": {"vars": [{"name": "\u4e3b\u673a\u540d", "seq": 0, "datasource": "dataflux", "code": "host", "type": "QUERY", "definition": {"tag": "", "field": "", "value": "show_tag_value(from=['redis_client'], keyin=['host'])[5m]", "metric": "", "object": ""}, "valueSort": "default", "hide": 0, "isHiddenAsterisk": 0, "multiple": true, "includeStar": true, "extend": {}}], "charts": [{"extend": {"settings": {"mark": {"axis": "x", "data": [], "type": "area"}, "units": [], "colors": [], "levels": [], "density": "medium", "showLine": false, "chartType": "areaLine", "openStack": false, "stackType": "time", "openCompare": false, "xAxisShowType": "time", "currentChartType": "sequence", "showFieldMapping": false, "tableSortMetricName": "\u6838\u5fc3\u6001\u6d88\u8017\u7684 CPU \u65f6\u95f4"}}, "group": {"name": "\u6027\u80fd"}, "name": "CPU \u6d88\u8017\u65f6\u95f4", "pos": {"h": 8, "i": 8, "w": 8, "x": 0, "y": 0}, "type": "sequence", "queries": [{"name": "", "type": "sequence", "unit": "", "color": "", "qtype": "dql", "query": {"q": "F::dataflux__dql:(dql(\"M::`redis_info`:(LAST(`used_cpu_sys`) AS `\u6838\u5fc3\u6001\u6d88\u8017\u7684 CPU \u65f6\u95f4`) { `host` = '#{host}' }\").`NON_NEGATIVE_DIFFERENCE`())", "code": "B", "fill": null, "type": "simple", "alias": "\u6838\u5fc3\u6001\u6d88\u8017\u7684 CPU \u65f6\u95f4", "field": "used_cpu_sys", "filters": [{"id": "7b3eaf50-87b8-11eb-a503-75529ab0d97c", "op": "=", "name": "host", "type": "", "logic": "and", "value": "#{host}"}], "groupBy": [], "funcList": [], "fieldFunc": "last", "fieldType": "float", "namespace": "metric", "dataSource": "redis_info", "queryFuncs": [{"args": [], "name": "non_negative_difference"}], "groupByTime": ""}, "datasource": "dataflux"}, {"name": "", "type": "sequence", "unit": "", "color": "", "qtype": "dql", "query": {"q": "F::dataflux__dql:(dql(\"M::`redis_info`:(LAST(`used_cpu_user`) AS `\u7528\u6237\u6001\u6d88\u8017\u7684 CPU \u65f6\u95f4`) { `host` = '#{host}' }\").`NON_NEGATIVE_DIFFERENCE`())", "code": "A", "fill": null, "type": "simple", "alias": "\u7528\u6237\u6001\u6d88\u8017\u7684 CPU \u65f6\u95f4", "field": "used_cpu_user", "filters": [{"id": "62de7350-87b8-11eb-a503-75529ab0d97c", "op": "=", "name": "host", "type": "", "logic": "and", "value": "#{host}"}], "groupBy": [], "funcList": [], "fieldFunc": "last", "fieldType": "float", "namespace": "metric", "dataSource": "redis_info", "queryFuncs": [{"args": [], "name": "non_negative_difference"}], "groupByTime": ""}, "datasource": "dataflux"}]}, {"extend": {"settings": {"mark": {"axis": "x", "data": [], "type": "area"}, "units": [], "colors": [], "levels": [], "density": "medium", "showLine": false, "chartType": "areaLine", "openStack": false, "stackType": "time", "openCompare": false, "xAxisShowType": "time", "currentChartType": "sequence", "showFieldMapping": false, "tableSortMetricName": "Key\u503c\u67e5\u627e\u5931\u8d25\u6b21\u6570"}}, "group": {"name": "Redis\u9519\u8bef\u6307\u6807"}, "name": "Key\u503c\u67e5\u627e\u5931\u8d25\u6b21\u6570", "pos": {"h": 8, "i": 5, "w": 12, "x": 12, "y": 0}, "type": "sequence", "queries": [{"name": "", "type": "sequence", "unit": "", "color": "", "qtype": "dql", "query": {"q": "M::`redis_info`:(LAST(`keyspace_misses`) AS `Key\u503c\u67e5\u627e\u5931\u8d25\u6b21\u6570`) { `host` = '#{host}' }", "code": "A", "fill": null, "type": "simple", "alias": "Key\u503c\u67e5\u627e\u5931\u8d25\u6b21\u6570", "field": "keyspace_misses", "filters": [{"id": "b701b740-87b7-11eb-a503-75529ab0d97c", "op": "=", "name": "host", "type": "", "logic": "and", "value": "#{host}"}], "groupBy": [], "funcList": [], "fieldFunc": "last", "fieldType": "integer", "namespace": "metric", "dataSource": "redis_info", "queryFuncs": [], "groupByTime": ""}, "datasource": "dataflux"}]}, {"extend": {"settings": {"mark": {"axis": "x", "data": [], "type": "area"}, "units": [], "colors": [], "levels": [], "density": "medium", "showLine": false, "chartType": "areaLine", "openStack": false, "stackType": "time", "openCompare": false, "xAxisShowType": "time", "currentChartType": "sequence", "showFieldMapping": false, "tableSortMetricName": "\u62d2\u7edd\u7684\u8fde\u63a5\u6570"}}, "group": {"name": "Redis\u9519\u8bef\u6307\u6807"}, "name": "\u62d2\u7edd\u7684\u8fde\u63a5\u6570", "pos": {"h": 8, "i": 6, "w": 12, "x": 0, "y": 0}, "type": "sequence", "queries": [{"name": "", "type": "sequence", "unit": "", "color": "", "qtype": "dql", "query": {"q": "M::`redis_info`:(LAST(`rejected_connections`) AS `\u62d2\u7edd\u7684\u8fde\u63a5\u6570`) { `host` = '#{host}' }", "code": "A", "fill": null, "type": "simple", "alias": "\u62d2\u7edd\u7684\u8fde\u63a5\u6570", "field": "rejected_connections", "filters": [{"id": "7b0a2740-87b7-11eb-a503-75529ab0d97c", "op": "=", "name": "host", "type": "", "logic": "and", "value": "#{host}"}], "groupBy": [], "funcList": [], "fieldFunc": "last", "fieldType": "integer", "namespace": "metric", "dataSource": "redis_info", "queryFuncs": [], "groupByTime": ""}, "datasource": "dataflux"}]}, {"extend": {"settings": {"mark": {"axis": "x", "data": [], "type": "area"}, "units": [{"key": "\u5df2\u4f7f\u7528\u5185\u5b58", "name": "\u5df2\u4f7f\u7528\u5185\u5b58", "unit": "", "units": ["digital", "b"]}], "colors": [{"key": "\u5206\u914d\u7684\u5185\u5b58\u5927\u5c0f", "name": "\u5206\u914d\u7684\u5185\u5b58\u5927\u5c0f", "color": "rgba(25,190,107,1)"}], "levels": [], "density": "medium", "showLine": false, "chartType": "areaLine", "openStack": false, "stackType": "time", "openCompare": false, "xAxisShowType": "time", "currentChartType": "sequence", "showFieldMapping": false, "tableSortMetricName": "redis_used_memory"}}, "group": {"name": "\u5185\u5b58"}, "name": "\u5df2\u4f7f\u7528\u5185\u5b58", "pos": {"h": 8, "i": 12, "w": 6, "x": 12, "y": 0}, "type": "sequence", "queries": [{"name": "", "type": "sequence", "unit": "", "color": "", "qtype": "dql", "query": {"q": "M::`redis_info`:(LAST(`used_memory`) AS `\u5df2\u4f7f\u7528\u5185\u5b58`) { `host` = '#{host}' }", "code": "A", "fill": null, "type": "simple", "alias": "\u5df2\u4f7f\u7528\u5185\u5b58", "field": "used_memory", "filters": [{"id": "41d7dd50-87ad-11eb-98f1-11984c8fe9fb", "op": "=", "name": "host", "type": "", "logic": "and", "value": "#{host}"}], "groupBy": [], "funcList": [], "fieldFunc": "last", "fieldType": "float", "namespace": "metric", "dataSource": "redis_info", "queryFuncs": [], "groupByTime": ""}, "datasource": "dataflux"}]}, {"extend": {"settings": {"mark": {"axis": "x", "data": [], "type": "area"}, "units": [], "colors": [], "levels": [], "density": "medium", "showLine": false, "chartType": "areaLine", "openStack": false, "stackType": "time", "openCompare": false, "xAxisShowType": "time", "currentChartType": "sequence", "showFieldMapping": false, "tableSortMetricName": "\u6700\u8fd1\u8f6c\u50a8\u66f4\u6539\u6570\u91cf"}}, "group": {"name": "\u6301\u4e45\u5316"}, "name": "\u6700\u8fd1\u8f6c\u50a8\u66f4\u6539\u6570\u91cf", "pos": {"h": 8, "i": 17, "w": 8, "x": 8, "y": 0}, "type": "sequence", "queries": [{"name": "", "type": "sequence", "unit": "", "color": "", "qtype": "dql", "query": {"q": "M::`redis_info`:(LAST(`rdb_changes_since_last_save`) AS `\u6700\u8fd1\u8f6c\u50a8\u66f4\u6539\u6570\u91cf`) { `host` = '#{host}' }", "code": "A", "fill": null, "type": "simple", "alias": "\u6700\u8fd1\u8f6c\u50a8\u66f4\u6539\u6570\u91cf", "field": "rdb_changes_since_last_save", "filters": [{"id": "bd8ba240-87b4-11eb-a503-75529ab0d97c", "op": "=", "name": "host", "type": "", "logic": "and", "value": "#{host}"}], "groupBy": [], "funcList": [], "fieldFunc": "last", "fieldType": "integer", "namespace": "metric", "dataSource": "redis_info", "queryFuncs": [], "groupByTime": ""}, "datasource": "dataflux"}]}, {"extend": {"settings": {"units": [], "colors": [], "levels": [], "mappings": [], "pageSize": 50, "showLine": false, "lineColor": "#c23531", "queryMode": "toOneColumn", "downsample": "last", "openCompare": false, "showLineAxis": false, "currentChartType": "singlestat", "showFieldMapping": false}}, "group": {"name": null}, "name": "Redis\u7248\u672c", "pos": {"h": 8, "i": 0, "w": 6, "x": 6, "y": 0}, "type": "singlestat", "queries": [{"name": "", "type": "singlestat", "unit": "", "color": "", "qtype": "dql", "query": {"q": "M::`redis_info`:(LAST(`redis_version`)) { `host` = '#{host}' }", "code": "A", "fill": null, "type": "simple", "alias": "", "field": "redis_version", "fillNum": null, "filters": [{"id": "b1a163b0-87b0-11eb-98f1-11984c8fe9fb", "op": "=", "name": "host", "logic": "and", "value": "#{host}"}], "groupBy": [], "funcList": ["last"], "fieldFunc": "last", "fieldType": "string", "namespace": "metric", "dataSource": "redis_info", "queryFuncs": [], "groupByTime": ""}, "datasource": "dataflux"}]}, {"extend": {"settings": {"mark": {"axis": "x", "data": [], "type": "area"}, "units": [], "colors": [], "levels": [], "density": "medium", "mappings": [], "showLine": false, "chartType": "areaLine", "lineColor": "#c23531", "openStack": false, "stackType": "time", "downsample": "last", "openCompare": false, "showLineAxis": false, "xAxisShowType": "time", "currentChartType": "sequence", "showFieldMapping": false, "tableSortMetricName": "\u7b49\u5f85\u963b\u585e\u547d\u4ee4\u7684\u5ba2\u6237\u7aef\u8fde\u63a5\u6570"}}, "group": {"name": "\u5185\u5b58"}, "name": "\u7b49\u5f85\u963b\u585e\u547d\u4ee4\u7684\u5ba2\u6237\u7aef\u8fde\u63a5\u6570", "pos": {"h": 8, "i": 13, "w": 6, "x": 18, "y": 0}, "type": "sequence", "queries": [{"name": "", "type": "sequence", "unit": "", "color": "", "qtype": "dql", "query": {"q": "M::`redis_info`:(LAST(`blocked_clients`) AS `\u7b49\u5f85\u963b\u585e\u547d\u4ee4\u7684\u5ba2\u6237\u7aef\u8fde\u63a5\u6570`) { `host` = '#{host}' }", "code": "A", "fill": null, "type": "simple", "alias": "\u7b49\u5f85\u963b\u585e\u547d\u4ee4\u7684\u5ba2\u6237\u7aef\u8fde\u63a5\u6570", "field": "blocked_clients", "filters": [{"id": "e82f7b90-87ad-11eb-98f1-11984c8fe9fb", "op": "=", "name": "host", "type": "", "logic": "and", "value": "#{host}"}], "groupBy": [], "funcList": [], "fieldFunc": "last", "fieldType": "integer", "namespace": "metric", "dataSource": "redis_info", "queryFuncs": [], "groupByTime": ""}, "datasource": "dataflux"}]}, {"extend": {"settings": {"mark": {"axis": "x", "data": [], "type": "area"}, "units": [{"key": "\u5185\u5b58\u788e\u7247\u7387", "name": "\u5185\u5b58\u788e\u7247\u7387", "unit": "", "units": ["percent", "percent"]}], "colors": [], "levels": [], "density": "medium", "showLine": false, "chartType": "areaLine", "openStack": false, "stackType": "time", "openCompare": false, "xAxisShowType": "time", "currentChartType": "sequence", "showFieldMapping": false, "tableSortMetricName": "redis_mem_fragmentation_ratio"}}, "group": {"name": "\u5185\u5b58"}, "name": "\u5185\u5b58\u788e\u7247\u7387", "pos": {"h": 8, "i": 14, "w": 6, "x": 0, "y": 0}, "type": "sequence", "queries": [{"name": "", "type": "sequence", "unit": "", "color": "", "qtype": "dql", "query": {"q": "M::`redis_info`:(LAST(`mem_fragmentation_ratio`) AS `\u5185\u5b58\u788e\u7247\u7387`) { `host` = '#{host}' }", "code": "A", "fill": null, "type": "simple", "alias": "\u5185\u5b58\u788e\u7247\u7387", "field": "mem_fragmentation_ratio", "filters": [{"id": "fa71d1a0-87ac-11eb-98f1-11984c8fe9fb", "op": "=", "name": "host", "type": "", "logic": "and", "value": "#{host}"}], "groupBy": [], "funcList": [], "fieldFunc": "last", "fieldType": "float", "namespace": "metric", "dataSource": "redis_info", "queryFuncs": [], "groupByTime": ""}, "datasource": "dataflux"}]}, {"extend": {"settings": {"units": [{"key": "redis_latest_fork_usec", "name": "redis_latest_fork_usec", "unit": "\u6beb\u79d2"}], "colors": [], "levels": [], "mappings": [], "showLine": false, "lineColor": "#c23531", "downsample": "last", "openCompare": false, "showLineAxis": false, "currentChartType": "singlestat", "showFieldMapping": false}}, "group": {"name": null}, "name": "\u5ba2\u6237\u7aef\u8fde\u63a5\u6570", "pos": {"h": 8, "i": 1, "w": 6, "x": 12, "y": 0}, "type": "singlestat", "queries": [{"name": "", "type": "singlestat", "unit": "", "color": "", "qtype": "dql", "query": {"q": "M::`redis_info`:(LAST(`connected_clients`)) { `host` = '#{host}' }", "code": "A", "fill": null, "type": "simple", "alias": "", "field": "connected_clients", "filters": [{"id": "e27b0900-87b0-11eb-98f1-11984c8fe9fb", "op": "=", "name": "host", "type": "", "logic": "and", "value": "#{host}"}], "groupBy": [], "funcList": ["last"], "fieldFunc": "last", "fieldType": "integer", "namespace": "metric", "dataSource": "redis_info", "queryFuncs": [], "groupByTime": ""}, "datasource": "dataflux"}]}, {"extend": {"settings": {"mark": {"axis": "x", "data": [], "type": "area"}, "units": [{"key": "\u7f13\u5b58\u547d\u4e2d\u7387", "name": "\u7f13\u5b58\u547d\u4e2d\u7387", "unit": "", "units": ["percent", "percent_decimal"]}], "colors": [], "levels": [], "density": "medium", "showLine": false, "chartType": "areaLine", "openStack": false, "stackType": "time", "openCompare": false, "xAxisShowType": "time", "currentChartType": "sequence", "showFieldMapping": false, "tableSortMetricName": "\u7f13\u5b58\u547d\u4e2d\u7387"}}, "group": {"name": "\u6027\u80fd"}, "name": "\u547d\u4e2d", "pos": {"h": 8, "i": 9, "w": 8, "x": 8, "y": 0}, "type": "sequence", "queries": [{"name": "", "type": "sequence", "unit": "", "color": "", "qtype": "dql", "query": {"q": "M::`redis_info`:(LAST(`keyspace_hits`) AS `\u547d\u4e2d`) { `host` = '#{host}' }", "code": "A", "fill": null, "type": "simple", "alias": "\u547d\u4e2d", "field": "keyspace_hits", "filters": [{"id": "715e36e0-a897-11eb-bc0b-cfcc90dd3bbe", "op": "=", "name": "host", "type": "", "logic": "and", "value": "#{host}"}], "groupBy": [], "funcList": [], "fieldFunc": "last", "fieldType": "integer", "namespace": "metric", "dataSource": "redis_info", "queryFuncs": [], "groupByTime": ""}, "datasource": "dataflux"}]}, {"extend": {"settings": {"mark": {"axis": "x", "data": [], "type": "area"}, "units": [{"key": "\u6700\u8fd1RDB\u4fdd\u5b58\u64cd\u4f5c\u6301\u7eed\u65f6\u95f4", "name": "\u6700\u8fd1RDB\u4fdd\u5b58\u64cd\u4f5c\u6301\u7eed\u65f6\u95f4", "unit": "", "units": ["time", "s"]}], "colors": [], "levels": [], "density": "medium", "mappings": [], "showLine": false, "chartType": "line", "lineColor": "#3AB8FF", "openStack": false, "stackType": "time", "downsample": "last", "openCompare": false, "showLineAxis": false, "xAxisShowType": "time", "currentChartType": "singlestat", "showFieldMapping": false, "tableSortMetricName": "\u7f13\u5b58\u547d\u4e2d\u7387"}}, "group": {"name": "\u6301\u4e45\u5316"}, "name": "\u6700\u8fd1RDB\u4fdd\u5b58\u64cd\u4f5c\u6301\u7eed\u65f6\u95f4", "pos": {"h": 8, "i": 18, "w": 8, "x": 16, "y": 0}, "type": "singlestat", "queries": [{"name": "", "type": "singlestat", "unit": "", "color": "", "qtype": "dql", "query": {"q": "M::`redis_info`:(LAST(`rdb_last_bgsave_time_sec`) AS `\u6700\u8fd1RDB\u4fdd\u5b58\u64cd\u4f5c\u6301\u7eed\u65f6\u95f4`) { `host` = '#{host}' }", "code": "A", "fill": null, "type": "simple", "alias": "\u6700\u8fd1RDB\u4fdd\u5b58\u64cd\u4f5c\u6301\u7eed\u65f6\u95f4", "field": "rdb_last_bgsave_time_sec", "filters": [{"id": "1a621d00-87b5-11eb-a503-75529ab0d97c", "op": "=", "name": "host", "type": "", "logic": "and", "value": "#{host}"}], "groupBy": [], "funcList": ["last"], "fieldFunc": "last", "fieldType": "integer", "namespace": "metric", "dataSource": "redis_info", "queryFuncs": [], "groupByTime": ""}, "datasource": "dataflux"}]}, {"extend": {"settings": {"mark": {"axis": "x", "data": [], "type": "area"}, "units": [], "colors": [], "levels": [], "density": "medium", "showLine": false, "chartType": "areaLine", "openStack": false, "stackType": "time", "openCompare": false, "xAxisShowType": "time", "currentChartType": "sequence", "showFieldMapping": false, "tableSortMetricName": "\u6700\u5927\u5185\u5b58\u9650\u5236\u6536\u56de\u7684\u5bc6\u94a5\u6570"}}, "group": {"name": "\u5185\u5b58"}, "name": "\u6700\u5927\u5185\u5b58\u9650\u5236\u6536\u56de\u7684key\u6570", "pos": {"h": 8, "i": 15, "w": 6, "x": 6, "y": 0}, "type": "sequence", "queries": [{"name": "", "type": "sequence", "unit": "", "color": "", "qtype": "dql", "query": {"q": "M::`redis_info`:(LAST(`evicted_keys`) AS `\u6700\u5927\u5185\u5b58\u9650\u5236\u6536\u56de\u7684\u5bc6\u94a5\u6570`) { `host` = '#{host}' }", "code": "A", "fill": null, "type": "simple", "alias": "\u6700\u5927\u5185\u5b58\u9650\u5236\u6536\u56de\u7684\u5bc6\u94a5\u6570", "field": "evicted_keys", "filters": [{"id": "9e7805d0-87ad-11eb-98f1-11984c8fe9fb", "op": "=", "name": "host", "type": "", "logic": "and", "value": "#{host}"}], "groupBy": [], "funcList": [], "fieldFunc": "last", "fieldType": "integer", "namespace": "metric", "dataSource": "redis_info", "queryFuncs": [], "groupByTime": ""}, "datasource": "dataflux"}]}, {"extend": {"links": [], "settings": {"url": "https://der-linux-admin.de/wp-content/uploads/2017/07/Redis_Logo.png", "type": "contain", "backgroundStyle": {"background-size": "contain"}}, "isRefresh": false}, "group": {"name": null}, "name": "\u65b0\u5efa\u56fe\u8868", "pos": {"h": 8, "i": 2, "w": 6, "x": 0, "y": 0}, "type": "picture", "queries": []}, {"extend": {"settings": {"units": [{"key": "redis_latest_fork_usec", "name": "redis_latest_fork_usec", "unit": "\u6beb\u79d2"}], "colors": [], "levels": [], "mappings": [], "showLine": false, "lineColor": "#c23531", "downsample": "last", "openCompare": false, "showLineAxis": false, "currentChartType": "singlestat", "showFieldMapping": false}}, "group": {"name": null}, "name": "\u526f\u672c\u8fde\u63a5\u6570", "pos": {"h": 8, "i": 3, "w": 6, "x": 18, "y": 0}, "type": "singlestat", "queries": [{"name": "", "type": "singlestat", "unit": "", "color": "", "qtype": "dql", "query": {"q": "M::`redis_info`:(LAST(`connected_slaves`)) { `host` = '#{host}' }", "code": "A", "fill": null, "type": "simple", "alias": "", "field": "connected_slaves", "filters": [{"id": "e27b0900-87b0-11eb-98f1-11984c8fe9fb", "op": "=", "name": "host", "type": "", "logic": "and", "value": "#{host}"}], "groupBy": [], "funcList": ["last"], "fieldFunc": "last", "fieldType": "integer", "namespace": "metric", "dataSource": "redis_info", "queryFuncs": [], "groupByTime": ""}, "datasource": "dataflux"}]}, {"extend": {"settings": {"units": [], "colors": [], "levels": [], "mappings": [{"operation": "=", "mappingVal": "\u6b63\u5728\u8fd0\u884c", "originalVal": ["true"]}, {"operation": "!=", "mappingVal": "\u672a\u8fd0\u884c", "originalVal": ["false"]}], "showLine": false, "lineColor": "#c23531", "downsample": "last", "openCompare": false, "showLineAxis": false, "currentChartType": "singlestat", "showFieldMapping": false, "tableSortMetricName": "last(clients)"}}, "group": {"name": "\u6301\u4e45\u5316"}, "name": "\u6700\u8fd1RDB\u4fdd\u5b58\u64cd\u4f5c\u72b6\u6001", "pos": {"h": 8, "i": 19, "w": 8, "x": 0, "y": 0}, "type": "singlestat", "queries": [{"name": "", "type": "singlestat", "unit": "", "color": "", "qtype": "dql", "query": {"q": "M::`redis_info`:(LAST(`rdb_bgsave_in_progress`)) { `host` = '#{host}' }", "code": "A", "fill": null, "type": "simple", "alias": "", "field": "rdb_bgsave_in_progress", "filters": [{"id": "e27b0900-87b0-11eb-98f1-11984c8fe9fb", "op": "=", "name": "host", "type": "", "logic": "and", "value": "#{host}"}], "groupBy": [], "funcList": ["last"], "fieldFunc": "last", "fieldType": "boolean", "namespace": "metric", "dataSource": "redis_info", "queryFuncs": [], "groupByTime": ""}, "datasource": "dataflux"}]}, {"extend": {"settings": {"mark": {"axis": "x", "data": [], "type": "area"}, "units": [{"key": "\u7f13\u5b58\u547d\u4e2d\u7387", "name": "\u7f13\u5b58\u547d\u4e2d\u7387", "unit": "", "units": ["percent", "percent_decimal"]}], "colors": [], "levels": [], "density": "medium", "showLine": false, "chartType": "areaLine", "openStack": false, "stackType": "time", "openCompare": false, "xAxisShowType": "time", "currentChartType": "sequence", "showFieldMapping": false, "tableSortMetricName": "\u7f13\u5b58\u547d\u4e2d\u7387"}}, "group": {"name": "\u6027\u80fd"}, "name": "\u4e22\u5931", "pos": {"h": 8, "i": 10, "w": 8, "x": 16, "y": 0}, "type": "sequence", "queries": [{"name": "", "type": "sequence", "unit": "", "color": "", "qtype": "dql", "query": {"q": "M::`redis_info`:(LAST(`keyspace_misses`) AS `\u4e22\u5931`) { `host` = '#{host}' }", "code": "B", "fill": null, "type": "simple", "alias": "\u4e22\u5931", "field": "keyspace_misses", "filters": [{"id": "724bcb30-a897-11eb-bc0b-cfcc90dd3bbe", "op": "=", "name": "host", "type": "", "logic": "and", "value": "#{host}"}], "groupBy": [], "funcList": [], "fieldFunc": "last", "fieldType": "integer", "namespace": "metric", "dataSource": "redis_info", "queryFuncs": [], "groupByTime": ""}, "datasource": "dataflux"}]}], "groups": [{"name": "Redis\u9519\u8bef\u6307\u6807", "extend": {}}, {"name": "\u6027\u80fd", "extend": {}}, {"name": "\u5185\u5b58", "extend": {}}, {"name": "\u6301\u4e45\u5316", "extend": {}}], "type": "template"}, "identifier": ""}