{
    "title": "主机总览_进程",
    "dashboardType": "CUSTOM",
    "dashboardExtend": {},
    "dashboardMapping": [],
    "dashboardOwnerType": "node",
    "iconSet": {},
    "dashboardBindSet": [],
    "thumbnail": "",
    "tags": [],
    "summary": "",
    "main": {
        "vars": [
            {
                "name": "主机名",
                "seq": 0,
                "datasource": "dataflux",
                "code": "host",
                "type": "QUERY",
                "definition": {
                    "tag": "",
                    "field": "",
                    "value": "show_tag_value(from=['host_processes'], keyin=['host'])[5m]",
                    "metric": "",
                    "object": ""
                },
                "valueSort": "default",
                "hide": 0,
                "isHiddenAsterisk": 0
            },
            {
                "name": "进程名",
                "seq": 1,
                "datasource": "dataflux",
                "code": "process_name",
                "type": "QUERY",
                "definition": {
                    "tag": "",
                    "field": "",
                    "value": "show_tag_value(from=['host_processes'], keyin=['process_name']){host='#{host}'}[5m]",
                    "metric": "",
                    "object": ""
                },
                "valueSort": "default",
                "hide": 0,
                "isHiddenAsterisk": 0
            },
            {
                "name": "进程ID",
                "seq": 2,
                "datasource": "dataflux",
                "code": "pid",
                "type": "QUERY",
                "definition": {
                    "tag": "",
                    "field": "",
                    "value": "show_tag_value(from=['host_processes'], keyin=['pid']){process_name='#{process_name}', host='#{host}'}[5m]",
                    "metric": "",
                    "object": ""
                },
                "valueSort": "default",
                "hide": 0,
                "isHiddenAsterisk": 0
            }
        ],
        "charts": [
            {
                "extend": {
                    "settings": {
                        "units": [
                            {
                                "key": "进程 CPU 使用率 最近1小时",
                                "name": "进程 CPU 使用率 最近1小时",
                                "unit": "",
                                "units": [
                                    "percent",
                                    "percent"
                                ]
                            },
                            {
                                "key": "cpu_load_system",
                                "name": "cpu_load_system",
                                "unit": "",
                                "units": [
                                    "percent",
                                    "percent_decimal"
                                ]
                            }
                        ],
                        "colors": [],
                        "levels": [],
                        "density": "medium",
                        "showLine": false,
                        "chartType": "areaLine",
                        "fixedTime": "",
                        "isPercent": false,
                        "openStack": false,
                        "showTitle": true,
                        "stackType": "time",
                        "titleDesc": "",
                        "openCompare": false,
                        "timeInterval": "default",
                        "xAxisShowType": "time",
                        "isTimeInterval": true,
                        "currentChartType": "sequence",
                        "showFieldMapping": false,
                        "tableSortMetricName": "cpu_load_process"
                    },
                    "fixedTime": null
                },
                "group": {
                    "name": null
                },
                "name": "进程 CPU 使用率",
                "pos": {
                    "h": 9,
                    "i": 0,
                    "w": 6,
                    "x": 6,
                    "y": 7
                },
                "type": "sequence",
                "queries": [
                    {
                        "name": "",
                        "type": "sequence",
                        "unit": "",
                        "color": "",
                        "qtype": "dql",
                        "query": {
                            "q": "M::`host_processes`:(LAST(`cpu_usage`) AS `进程 CPU 使用率 最近1小时`) { `host` = '#{host}' and `pid` = '#{pid}' and `process_name` = '#{process_name}' }",
                            "code": "A",
                            "fill": "",
                            "type": "simple",
                            "alias": "进程 CPU 使用率 最近1小时",
                            "field": "cpu_usage",
                            "filters": [
                                {
                                    "id": "c7295240-e38d-11eb-b51f-936dac886edc",
                                    "op": "=",
                                    "name": "host",
                                    "type": "",
                                    "logic": "and",
                                    "value": "#{host}"
                                },
                                {
                                    "id": "c98b3710-e38d-11eb-b51f-936dac886edc",
                                    "op": "=",
                                    "name": "pid",
                                    "type": "",
                                    "logic": "and",
                                    "value": "#{pid}"
                                },
                                {
                                    "id": "cc94a680-e38d-11eb-b51f-936dac886edc",
                                    "op": "=",
                                    "name": "process_name",
                                    "type": "",
                                    "logic": "and",
                                    "value": "#{process_name}"
                                }
                            ],
                            "groupBy": [],
                            "funcList": [],
                            "fieldFunc": "last",
                            "fieldType": "float",
                            "namespace": "metric",
                            "dataSource": "host_processes",
                            "queryFuncs": [],
                            "groupByTime": ""
                        },
                        "datasource": "dataflux"
                    }
                ]
            },
            {
                "extend": {
                    "settings": {
                        "units": [
                            {
                                "key": "进程 CPU 使用率 最近1小时",
                                "name": "进程 CPU 使用率 最近1小时",
                                "unit": "",
                                "units": [
                                    "percent",
                                    "percent"
                                ]
                            },
                            {
                                "key": "cpu_load_system",
                                "name": "cpu_load_system",
                                "unit": "",
                                "units": [
                                    "percent",
                                    "percent_decimal"
                                ]
                            }
                        ],
                        "colors": [
                            {
                                "key": "进程 CPU 使用率 最近1小时",
                                "name": "进程 CPU 使用率 最近1小时",
                                "color": "rgba(234,94,116,1)"
                            }
                        ],
                        "levels": [],
                        "density": "medium",
                        "showLine": false,
                        "chartType": "areaLine",
                        "fixedTime": "",
                        "isPercent": false,
                        "openStack": false,
                        "showTitle": true,
                        "stackType": "time",
                        "titleDesc": "",
                        "openCompare": false,
                        "timeInterval": "default",
                        "xAxisShowType": "time",
                        "isTimeInterval": true,
                        "currentChartType": "sequence",
                        "showFieldMapping": false,
                        "tableSortMetricName": "cpu_load_process"
                    },
                    "fixedTime": null
                },
                "group": {
                    "name": null
                },
                "name": "进程内存使用率",
                "pos": {
                    "h": 9,
                    "i": 1,
                    "w": 9,
                    "x": 0,
                    "y": 16
                },
                "type": "sequence",
                "queries": [
                    {
                        "name": "",
                        "type": "sequence",
                        "unit": "",
                        "color": "",
                        "qtype": "dql",
                        "query": {
                            "q": "M::`host_processes`:(LAST(`mem_used_percent`) AS `进程 CPU 使用率 最近1小时`) { `host` = '#{host}' and `pid` = '#{pid}' and `process_name` = '#{process_name}' }",
                            "code": "A",
                            "fill": "",
                            "type": "simple",
                            "alias": "进程 CPU 使用率 最近1小时",
                            "field": "mem_used_percent",
                            "filters": [
                                {
                                    "id": "f363a5e0-e38d-11eb-b51f-936dac886edc",
                                    "op": "=",
                                    "name": "host",
                                    "type": "",
                                    "logic": "and",
                                    "value": "#{host}"
                                },
                                {
                                    "id": "f7284f00-e38d-11eb-b51f-936dac886edc",
                                    "op": "=",
                                    "name": "pid",
                                    "type": "",
                                    "logic": "and",
                                    "value": "#{pid}"
                                },
                                {
                                    "id": "fab71b10-e38d-11eb-b51f-936dac886edc",
                                    "op": "=",
                                    "name": "process_name",
                                    "type": "",
                                    "logic": "and",
                                    "value": "#{process_name}"
                                }
                            ],
                            "groupBy": [],
                            "funcList": [],
                            "fieldFunc": "last",
                            "fieldType": "float",
                            "namespace": "metric",
                            "dataSource": "host_processes",
                            "queryFuncs": [],
                            "groupByTime": ""
                        },
                        "datasource": "dataflux"
                    }
                ]
            },
            {
                "extend": {
                    "settings": {
                        "units": [
                            {
                                "key": "进程 CPU 使用率 最近1小时",
                                "name": "进程 CPU 使用率 最近1小时",
                                "unit": "个",
                                "units": [
                                    "custom",
                                    "个"
                                ]
                            },
                            {
                                "key": "cpu_load_system",
                                "name": "cpu_load_system",
                                "unit": "",
                                "units": [
                                    "percent",
                                    "percent_decimal"
                                ]
                            }
                        ],
                        "colors": [
                            {
                                "key": "进程打开文件数",
                                "name": "进程打开文件数",
                                "color": "rgba(254,172,78,1)"
                            }
                        ],
                        "levels": [],
                        "density": "medium",
                        "showLine": false,
                        "chartType": "areaLine",
                        "fixedTime": "",
                        "isPercent": false,
                        "openStack": false,
                        "showTitle": true,
                        "stackType": "time",
                        "titleDesc": "",
                        "openCompare": false,
                        "timeInterval": "default",
                        "xAxisShowType": "time",
                        "isTimeInterval": true,
                        "currentChartType": "sequence",
                        "showFieldMapping": false,
                        "tableSortMetricName": "cpu_load_process"
                    },
                    "fixedTime": null
                },
                "group": {
                    "name": null
                },
                "name": "进程打开的文件数",
                "pos": {
                    "h": 9,
                    "i": 2,
                    "w": 6,
                    "x": 18,
                    "y": 7
                },
                "type": "sequence",
                "queries": [
                    {
                        "name": "",
                        "type": "sequence",
                        "unit": "",
                        "color": "",
                        "qtype": "dql",
                        "query": {
                            "q": "M::`host_processes`:(LAST(`open_files`) AS `进程打开文件数`) { `host` = '#{host}' and `pid` = '#{pid}' and `process_name` = '#{process_name}' }",
                            "code": "A",
                            "fill": "",
                            "type": "simple",
                            "alias": "进程打开文件数",
                            "field": "open_files",
                            "filters": [
                                {
                                    "id": "18d8ba90-e38e-11eb-b51f-936dac886edc",
                                    "op": "=",
                                    "name": "host",
                                    "type": "",
                                    "logic": "and",
                                    "value": "#{host}"
                                },
                                {
                                    "id": "1bdf91f0-e38e-11eb-b51f-936dac886edc",
                                    "op": "=",
                                    "name": "pid",
                                    "type": "",
                                    "logic": "and",
                                    "value": "#{pid}"
                                },
                                {
                                    "id": "1e384f00-e38e-11eb-b51f-936dac886edc",
                                    "op": "=",
                                    "name": "process_name",
                                    "type": "",
                                    "logic": "and",
                                    "value": "#{process_name}"
                                }
                            ],
                            "groupBy": [],
                            "funcList": [],
                            "fieldFunc": "last",
                            "fieldType": "integer",
                            "namespace": "metric",
                            "dataSource": "host_processes",
                            "queryFuncs": [],
                            "groupByTime": ""
                        },
                        "datasource": "dataflux"
                    }
                ]
            },
            {
                "extend": {
                    "settings": {
                        "units": [
                            {
                                "key": "线程数",
                                "name": "线程数",
                                "unit": "个",
                                "units": []
                            },
                            {
                                "key": "cpu_load_system",
                                "name": "cpu_load_system",
                                "unit": "",
                                "units": [
                                    "percent",
                                    "percent_decimal"
                                ]
                            }
                        ],
                        "colors": [
                            {
                                "key": "线程数",
                                "name": "线程数",
                                "color": "rgba(65,206,199,1)"
                            }
                        ],
                        "levels": [],
                        "density": "medium",
                        "showLine": false,
                        "chartType": "areaLine",
                        "fixedTime": "",
                        "isPercent": false,
                        "openStack": false,
                        "showTitle": true,
                        "stackType": "time",
                        "titleDesc": "",
                        "openCompare": false,
                        "timeInterval": "default",
                        "xAxisShowType": "time",
                        "isTimeInterval": true,
                        "currentChartType": "sequence",
                        "showFieldMapping": false,
                        "tableSortMetricName": "cpu_load_process"
                    },
                    "fixedTime": null
                },
                "group": {
                    "name": null
                },
                "name": "线程数",
                "pos": {
                    "h": 9,
                    "i": 3,
                    "w": 6,
                    "x": 12,
                    "y": 7
                },
                "type": "sequence",
                "queries": [
                    {
                        "name": "",
                        "type": "sequence",
                        "unit": "",
                        "color": "",
                        "qtype": "dql",
                        "query": {
                            "q": "M::`host_processes`:(LAST(`threads`) AS `线程数`) { `host` = '#{host}' and `pid` = '#{pid}' and `process_name` = '#{process_name}' }",
                            "code": "A",
                            "fill": "",
                            "type": "simple",
                            "alias": "线程数",
                            "field": "threads",
                            "filters": [
                                {
                                    "id": "08757a30-e38e-11eb-b51f-936dac886edc",
                                    "op": "=",
                                    "name": "host",
                                    "type": "",
                                    "logic": "and",
                                    "value": "#{host}"
                                },
                                {
                                    "id": "0a994490-e38e-11eb-b51f-936dac886edc",
                                    "op": "=",
                                    "name": "pid",
                                    "type": "",
                                    "logic": "and",
                                    "value": "#{pid}"
                                },
                                {
                                    "id": "0cf44b90-e38e-11eb-b51f-936dac886edc",
                                    "op": "=",
                                    "name": "process_name",
                                    "type": "",
                                    "logic": "and",
                                    "value": "#{process_name}"
                                }
                            ],
                            "groupBy": [],
                            "funcList": [],
                            "fieldFunc": "last",
                            "fieldType": "integer",
                            "namespace": "metric",
                            "dataSource": "host_processes",
                            "queryFuncs": [],
                            "groupByTime": ""
                        },
                        "datasource": "dataflux"
                    }
                ]
            },
            {
                "extend": {
                    "settings": {
                        "units": [],
                        "colors": [],
                        "levels": [],
                        "bgColor": "",
                        "mappings": [],
                        "showLine": false,
                        "fixedTime": "",
                        "fontColor": "",
                        "lineColor": "#3AB8FF",
                        "precision": "2",
                        "showTitle": true,
                        "titleDesc": "",
                        "downsample": "last",
                        "openCompare": false,
                        "showLineAxis": false,
                        "timeInterval": "default",
                        "isTimeInterval": true,
                        "currentChartType": "singlestat",
                        "showFieldMapping": false
                    },
                    "fixedTime": null,
                    "fixedGroupByTime": null
                },
                "group": {
                    "name": null
                },
                "name": "进程状态",
                "pos": {
                    "h": 9,
                    "i": 4,
                    "w": 6,
                    "x": 18,
                    "y": 16
                },
                "type": "singlestat",
                "queries": [
                    {
                        "name": "",
                        "type": "singlestat",
                        "unit": "",
                        "color": "",
                        "qtype": "dql",
                        "query": {
                            "q": "O::`host_processes`:(LAST(`state`) AS `线程数`) { `host` = '#{host}' and `process_name` = '#{process_name}' and `pid` = #{pid} }",
                            "code": "A",
                            "fill": "",
                            "type": "simple",
                            "alias": "线程数",
                            "field": "state",
                            "filters": [
                                {
                                    "id": "5f433330-d951-11eb-8e6a-85e2ef957e13",
                                    "op": "=",
                                    "name": "host",
                                    "type": "keyword",
                                    "logic": "and",
                                    "value": "#{host}"
                                },
                                {
                                    "id": "620c1730-d951-11eb-8e6a-85e2ef957e13",
                                    "op": "=",
                                    "name": "process_name",
                                    "type": "keyword",
                                    "logic": "and",
                                    "value": "#{process_name}"
                                },
                                {
                                    "id": "299571b0-da2f-11eb-937a-255139413677",
                                    "op": "=",
                                    "name": "pid",
                                    "type": "long",
                                    "logic": "and",
                                    "value": "#{pid}"
                                }
                            ],
                            "groupBy": [],
                            "funcList": [
                                "last"
                            ],
                            "fieldFunc": "last",
                            "fieldType": "keyword",
                            "namespace": "object",
                            "dataSource": "host_processes",
                            "queryFuncs": [],
                            "groupByTime": ""
                        },
                        "datasource": "dataflux"
                    }
                ]
            },
            {
                "extend": {
                    "settings": {
                        "units": [
                            {
                                "key": "线程数",
                                "name": "线程数",
                                "unit": "",
                                "units": [
                                    "timeStamp",
                                    "s"
                                ]
                            }
                        ],
                        "colors": [],
                        "levels": [],
                        "bgColor": "",
                        "mappings": [],
                        "showLine": false,
                        "fixedTime": "",
                        "fontColor": "",
                        "lineColor": "#3AB8FF",
                        "precision": "2",
                        "showTitle": true,
                        "titleDesc": "",
                        "downsample": "last",
                        "openCompare": false,
                        "showLineAxis": false,
                        "timeInterval": "default",
                        "isTimeInterval": true,
                        "currentChartType": "singlestat",
                        "showFieldMapping": false
                    },
                    "fixedTime": null,
                    "fixedGroupByTime": null
                },
                "group": {
                    "name": null
                },
                "name": "启动时间",
                "pos": {
                    "h": 9,
                    "i": 5,
                    "w": 6,
                    "x": 0,
                    "y": 7
                },
                "type": "singlestat",
                "queries": [
                    {
                        "name": "",
                        "type": "singlestat",
                        "unit": "",
                        "color": "",
                        "qtype": "dql",
                        "query": {
                            "q": "O::`host_processes`:(LAST(`start_time`) AS `线程数`) { `host` = '#{host}' and `process_name` = '#{process_name}' and `pid` = #{pid} }",
                            "code": "A",
                            "fill": "",
                            "type": "simple",
                            "alias": "线程数",
                            "field": "start_time",
                            "filters": [
                                {
                                    "id": "5f433330-d951-11eb-8e6a-85e2ef957e13",
                                    "op": "=",
                                    "name": "host",
                                    "type": "keyword",
                                    "logic": "and",
                                    "value": "#{host}"
                                },
                                {
                                    "id": "620c1730-d951-11eb-8e6a-85e2ef957e13",
                                    "op": "=",
                                    "name": "process_name",
                                    "type": "keyword",
                                    "logic": "and",
                                    "value": "#{process_name}"
                                },
                                {
                                    "id": "1cd2d7b0-da2f-11eb-937a-255139413677",
                                    "op": "=",
                                    "name": "pid",
                                    "type": "long",
                                    "logic": "and",
                                    "value": "#{pid}"
                                }
                            ],
                            "groupBy": [],
                            "funcList": [
                                "last"
                            ],
                            "fieldFunc": "last",
                            "fieldType": "long",
                            "namespace": "object",
                            "dataSource": "host_processes",
                            "queryFuncs": [],
                            "groupByTime": ""
                        },
                        "datasource": "dataflux"
                    }
                ]
            },
            {
                "extend": {
                    "settings": {
                        "units": [
                            {
                                "key": "内存 RSS",
                                "name": "内存 RSS",
                                "unit": "",
                                "units": [
                                    "digital",
                                    "B"
                                ]
                            }
                        ],
                        "colors": [
                            {
                                "key": "内存 RSS",
                                "name": "内存 RSS",
                                "color": "rgba(197,126,205,1)"
                            }
                        ],
                        "levels": [],
                        "density": "medium",
                        "showLine": false,
                        "chartType": "areaLine",
                        "fixedTime": "",
                        "isPercent": false,
                        "openStack": false,
                        "showTitle": true,
                        "stackType": "time",
                        "titleDesc": "",
                        "openCompare": false,
                        "timeInterval": "default",
                        "xAxisShowType": "time",
                        "isTimeInterval": true,
                        "currentChartType": "sequence",
                        "showFieldMapping": false,
                        "tableSortMetricName": "cpu_load_process"
                    },
                    "fixedTime": null
                },
                "group": {
                    "name": null
                },
                "name": "内存RSS",
                "pos": {
                    "h": 9,
                    "i": 6,
                    "w": 9,
                    "x": 9,
                    "y": 16
                },
                "type": "sequence",
                "queries": [
                    {
                        "name": "",
                        "type": "sequence",
                        "unit": "",
                        "color": "",
                        "qtype": "dql",
                        "query": {
                            "q": "M::`host_processes`:(LAST(`rss`) AS `内存 RSS`) { `host` = '#{host}' and `pid` = '#{pid}' and `process_name` = '#{process_name}' }",
                            "code": "A",
                            "fill": "",
                            "type": "simple",
                            "alias": "内存 RSS",
                            "field": "rss",
                            "filters": [
                                {
                                    "id": "08757a30-e38e-11eb-b51f-936dac886edc",
                                    "op": "=",
                                    "name": "host",
                                    "type": "",
                                    "logic": "and",
                                    "value": "#{host}"
                                },
                                {
                                    "id": "0a994490-e38e-11eb-b51f-936dac886edc",
                                    "op": "=",
                                    "name": "pid",
                                    "type": "",
                                    "logic": "and",
                                    "value": "#{pid}"
                                },
                                {
                                    "id": "0cf44b90-e38e-11eb-b51f-936dac886edc",
                                    "op": "=",
                                    "name": "process_name",
                                    "type": "",
                                    "logic": "and",
                                    "value": "#{process_name}"
                                }
                            ],
                            "groupBy": [],
                            "funcList": [],
                            "fieldFunc": "last",
                            "fieldType": "integer",
                            "namespace": "metric",
                            "dataSource": "host_processes",
                            "queryFuncs": [],
                            "groupByTime": ""
                        },
                        "datasource": "dataflux"
                    }
                ]
            },
            {
                "extend": {
                    "settings": {
                        "units": [],
                        "colors": [],
                        "levels": [],
                        "bgColor": "",
                        "mappings": [],
                        "showLine": false,
                        "fixedTime": "15m",
                        "fontColor": "",
                        "lineColor": "#3AB8FF",
                        "precision": "2",
                        "showTitle": true,
                        "titleDesc": "",
                        "downsample": "last",
                        "openCompare": false,
                        "showLineAxis": false,
                        "timeInterval": "default",
                        "isTimeInterval": false,
                        "currentChartType": "singlestat",
                        "showFieldMapping": false
                    },
                    "fixedTime": {
                        "key": "15m",
                        "text": "最近15分钟"
                    },
                    "fixedGroupByTime": null
                },
                "group": {
                    "name": null
                },
                "name": "Sleeep",
                "pos": {
                    "h": 7,
                    "i": 7,
                    "w": 6,
                    "x": 6,
                    "y": 0
                },
                "type": "singlestat",
                "queries": [
                    {
                        "name": "",
                        "type": "singlestat",
                        "unit": "",
                        "color": "",
                        "qtype": "dql",
                        "query": {
                            "q": "O::`host_processes`:(COUNT(`state`)) { `host` = '#{host}' and `state` = 'sleep' }",
                            "code": "A",
                            "fill": "",
                            "type": "simple",
                            "alias": "",
                            "field": "state",
                            "filters": [
                                {
                                    "id": "9d6e6430-e456-11eb-8831-79bc44a60ebc",
                                    "op": "=",
                                    "name": "host",
                                    "type": "keyword",
                                    "logic": "and",
                                    "value": "#{host}"
                                },
                                {
                                    "id": "a0441970-e456-11eb-8831-79bc44a60ebc",
                                    "op": "=",
                                    "name": "state",
                                    "type": "keyword",
                                    "logic": "and",
                                    "value": "sleep"
                                }
                            ],
                            "groupBy": [],
                            "funcList": [
                                "last"
                            ],
                            "fieldFunc": "count",
                            "fieldType": "keyword",
                            "namespace": "object",
                            "dataSource": "host_processes",
                            "queryFuncs": [],
                            "groupByTime": ""
                        },
                        "datasource": "dataflux"
                    }
                ]
            },
            {
                "extend": {
                    "settings": {
                        "units": [],
                        "colors": [],
                        "levels": [],
                        "bgColor": "",
                        "mappings": [],
                        "showLine": false,
                        "fixedTime": "15m",
                        "fontColor": "",
                        "lineColor": "#3AB8FF",
                        "precision": "2",
                        "showTitle": true,
                        "titleDesc": "",
                        "downsample": "last",
                        "openCompare": false,
                        "showLineAxis": false,
                        "timeInterval": "default",
                        "isTimeInterval": false,
                        "currentChartType": "singlestat",
                        "showFieldMapping": false
                    },
                    "fixedTime": {
                        "key": "15m",
                        "text": "最近15分钟"
                    },
                    "fixedGroupByTime": null
                },
                "group": {
                    "name": null
                },
                "name": "Idle",
                "pos": {
                    "h": 7,
                    "i": 8,
                    "w": 6,
                    "x": 12,
                    "y": 0
                },
                "type": "singlestat",
                "queries": [
                    {
                        "name": "",
                        "type": "singlestat",
                        "unit": "",
                        "color": "",
                        "qtype": "dql",
                        "query": {
                            "q": "O::`host_processes`:(COUNT(`state`)) { `host` = '#{host}' and `state` = 'idle' }",
                            "code": "A",
                            "fill": "",
                            "type": "simple",
                            "alias": "",
                            "field": "state",
                            "filters": [
                                {
                                    "id": "9d6e6430-e456-11eb-8831-79bc44a60ebc",
                                    "op": "=",
                                    "name": "host",
                                    "type": "keyword",
                                    "logic": "and",
                                    "value": "#{host}"
                                },
                                {
                                    "id": "a0441970-e456-11eb-8831-79bc44a60ebc",
                                    "op": "=",
                                    "name": "state",
                                    "type": "keyword",
                                    "logic": "and",
                                    "value": "idle"
                                }
                            ],
                            "groupBy": [],
                            "funcList": [
                                "last"
                            ],
                            "fieldFunc": "count",
                            "fieldType": "keyword",
                            "namespace": "object",
                            "dataSource": "host_processes",
                            "queryFuncs": [],
                            "groupByTime": ""
                        },
                        "datasource": "dataflux"
                    }
                ]
            },
            {
                "extend": {
                    "settings": {
                        "units": [],
                        "colors": [],
                        "levels": [],
                        "bgColor": "",
                        "mappings": [],
                        "showLine": false,
                        "fixedTime": "15m",
                        "fontColor": "",
                        "lineColor": "#3AB8FF",
                        "precision": "2",
                        "showTitle": true,
                        "titleDesc": "",
                        "downsample": "last",
                        "openCompare": false,
                        "showLineAxis": false,
                        "timeInterval": "default",
                        "isTimeInterval": false,
                        "currentChartType": "singlestat",
                        "showFieldMapping": false
                    },
                    "fixedTime": {
                        "key": "15m",
                        "text": "最近15分钟"
                    },
                    "fixedGroupByTime": null
                },
                "group": {
                    "name": null
                },
                "name": "Running",
                "pos": {
                    "h": 7,
                    "i": 9,
                    "w": 6,
                    "x": 0,
                    "y": 0
                },
                "type": "singlestat",
                "queries": [
                    {
                        "name": "",
                        "type": "singlestat",
                        "unit": "",
                        "color": "",
                        "qtype": "dql",
                        "query": {
                            "q": "O::`host_processes`:(COUNT(`state`)) { `host` = '#{host}' and `state` = 'running' }",
                            "code": "A",
                            "fill": "",
                            "type": "simple",
                            "alias": "",
                            "field": "state",
                            "filters": [
                                {
                                    "id": "9d6e6430-e456-11eb-8831-79bc44a60ebc",
                                    "op": "=",
                                    "name": "host",
                                    "type": "keyword",
                                    "logic": "and",
                                    "value": "#{host}"
                                },
                                {
                                    "id": "a0441970-e456-11eb-8831-79bc44a60ebc",
                                    "op": "=",
                                    "name": "state",
                                    "type": "keyword",
                                    "logic": "and",
                                    "value": "running"
                                }
                            ],
                            "groupBy": [],
                            "funcList": [
                                "last"
                            ],
                            "fieldFunc": "count",
                            "fieldType": "keyword",
                            "namespace": "object",
                            "dataSource": "host_processes",
                            "queryFuncs": [],
                            "groupByTime": ""
                        },
                        "datasource": "dataflux"
                    }
                ]
            },
            {
                "extend": {
                    "settings": {
                        "units": [],
                        "colors": [],
                        "levels": [],
                        "bgColor": "",
                        "mappings": [],
                        "showLine": false,
                        "fixedTime": "15m",
                        "fontColor": "",
                        "lineColor": "#3AB8FF",
                        "precision": "2",
                        "showTitle": true,
                        "titleDesc": "",
                        "downsample": "last",
                        "openCompare": false,
                        "showLineAxis": false,
                        "timeInterval": "default",
                        "isTimeInterval": false,
                        "currentChartType": "singlestat",
                        "showFieldMapping": false
                    },
                    "fixedTime": {
                        "key": "15m",
                        "text": "最近15分钟"
                    },
                    "fixedGroupByTime": null
                },
                "group": {
                    "name": null
                },
                "name": "Zombie",
                "pos": {
                    "h": 7,
                    "i": 10,
                    "w": 6,
                    "x": 18,
                    "y": 0
                },
                "type": "singlestat",
                "queries": [
                    {
                        "name": "",
                        "type": "singlestat",
                        "unit": "",
                        "color": "",
                        "qtype": "dql",
                        "query": {
                            "q": "O::`host_processes`:(COUNT(`state`)) { `host` = '#{host}' and `state` = 'zombie' }",
                            "code": "A",
                            "fill": "",
                            "type": "simple",
                            "alias": "",
                            "field": "state",
                            "filters": [
                                {
                                    "id": "9d6e6430-e456-11eb-8831-79bc44a60ebc",
                                    "op": "=",
                                    "name": "host",
                                    "type": "keyword",
                                    "logic": "and",
                                    "value": "#{host}"
                                },
                                {
                                    "id": "a0441970-e456-11eb-8831-79bc44a60ebc",
                                    "op": "=",
                                    "name": "state",
                                    "type": "keyword",
                                    "logic": "and",
                                    "value": "zombie"
                                }
                            ],
                            "groupBy": [],
                            "funcList": [
                                "last"
                            ],
                            "fieldFunc": "count",
                            "fieldType": "keyword",
                            "namespace": "object",
                            "dataSource": "host_processes",
                            "queryFuncs": [],
                            "groupByTime": ""
                        },
                        "datasource": "dataflux"
                    }
                ]
            }
        ],
        "groups": [],
        "type": "template"
    }
}