{
    "title": "DataFlux Func",
    "dashboardType": "CUSTOM",
    "dashboardExtend": {},
    "dashboardMapping": [],
    "dashboardOwnerType": "node",
    "iconSet": {},
    "dashboardBindSet": [],
    "thumbnail": "",
    "tags": [],
    "summary": "",
    "main": {
        "vars": [],
        "charts": [
            {
                "extend": {
                    "settings": {
                        "bar": {
                            "direction": "horizontal",
                            "xAxisShowType": "groupBy"
                        },
                        "color": "#498BFE",
                        "table": {
                            "queryMode": "toGroupColumn"
                        },
                        "units": [
                            {
                                "key": "last(funcCallCount)",
                                "name": "last(funcCallCount)",
                                "unit": "次调用",
                                "units": [
                                    "custom",
                                    "次调用"
                                ]
                            }
                        ],
                        "colors": [
                            {
                                "key": "last(cacheDBKeyUsed)",
                                "name": "last(cacheDBKeyUsed)",
                                "color": "#498BFE"
                            }
                        ],
                        "levels": [],
                        "topSize": 10,
                        "chartType": "bar",
                        "fixedTime": "15m",
                        "showTitle": true,
                        "titleDesc": "",
                        "compareType": "",
                        "openCompare": false,
                        "showTopSize": true,
                        "compareTitle": "",
                        "timeInterval": "default",
                        "showTableHead": true,
                        "tableSortType": "top",
                        "isTimeInterval": false,
                        "currentChartType": "toplist",
                        "showFieldMapping": false,
                        "tableSortMetricName": ""
                    },
                    "fixedTime": {
                        "key": "15m",
                        "text": "最近15分钟"
                    },
                    "isRefresh": false
                },
                "group": {
                    "name": "函数"
                },
                "name": "函数调用次数",
                "pos": {
                    "h": 21,
                    "i": "chrt_e0f444955bf945958eed01f632dca55b",
                    "w": 7,
                    "x": 0,
                    "y": 19
                },
                "type": "toplist",
                "queries": [
                    {
                        "name": "",
                        "type": "toplist",
                        "unit": "",
                        "color": "",
                        "qtype": "dql",
                        "query": {
                            "q": "M::`DFF`:(LAST(`funcCallCount`)) BY `funcId`",
                            "code": "A",
                            "fill": null,
                            "type": "simple",
                            "alias": "",
                            "field": "funcCallCount",
                            "filters": [],
                            "groupBy": [
                                "funcId"
                            ],
                            "funcList": [
                                "last",
                                "top:100"
                            ],
                            "fieldFunc": "last",
                            "fieldType": "float",
                            "namespace": "metric",
                            "dataSource": "DFF",
                            "queryFuncs": [],
                            "groupByTime": ""
                        },
                        "datasource": "dataflux"
                    }
                ]
            },
            {
                "extend": {
                    "settings": {
                        "units": [
                            {
                                "key": "队列长度",
                                "name": "队列长度",
                                "unit": "个排队",
                                "units": [
                                    "custom",
                                    "个排队"
                                ]
                            }
                        ],
                        "colors": [],
                        "levels": [
                            {
                                "title": "拥堵线",
                                "value": 100,
                                "bgColor": "#FF0000"
                            }
                        ],
                        "density": "lower",
                        "showLine": false,
                        "chartType": "line",
                        "fixedTime": "6h",
                        "isPercent": false,
                        "openStack": false,
                        "showTitle": true,
                        "stackType": "time",
                        "titleDesc": "",
                        "compareType": "",
                        "openCompare": false,
                        "compareTitle": "",
                        "timeInterval": "default",
                        "xAxisShowType": "time",
                        "isTimeInterval": true,
                        "currentChartType": "sequence",
                        "showFieldMapping": false
                    },
                    "fixedTime": {
                        "key": "6h",
                        "text": "最近6小时"
                    }
                },
                "group": {
                    "name": "函数"
                },
                "name": "函数执行队列",
                "pos": {
                    "h": 21,
                    "i": "chrt_74f06a284e45428c8d5bff6227d2ff54",
                    "w": 13,
                    "x": 7,
                    "y": 19
                },
                "type": "sequence",
                "queries": [
                    {
                        "name": "",
                        "type": "sequence",
                        "unit": "",
                        "color": "",
                        "qtype": "dql",
                        "query": {
                            "q": "M::`DFF`:(PERCENTILE(`workerQueueLength`, 90) AS `队列长度`) { `queue` = re('[0123456789]') } BY `queue`",
                            "code": "A",
                            "fill": null,
                            "type": "simple",
                            "alias": "队列长度",
                            "field": "workerQueueLength",
                            "filters": [
                                {
                                    "id": "5087f3b0-5667-11ec-905c-e1dc2bd01cdc",
                                    "op": "=~",
                                    "name": "queue",
                                    "type": "",
                                    "logic": "and",
                                    "value": "[0123456789]"
                                }
                            ],
                            "groupBy": [
                                "queue"
                            ],
                            "funcList": [],
                            "fieldFunc": "p90",
                            "fieldType": "float",
                            "namespace": "metric",
                            "dataSource": "DFF",
                            "queryFuncs": [],
                            "groupByTime": ""
                        },
                        "datasource": "dataflux"
                    }
                ]
            },
            {
                "extend": {
                    "settings": {
                        "units": [
                            {
                                "key": "avg(cacheDBKeyUsed)",
                                "name": "avg(cacheDBKeyUsed)",
                                "unit": "个",
                                "units": [
                                    "custom",
                                    "个"
                                ]
                            }
                        ],
                        "colors": [],
                        "levels": [],
                        "density": "lower",
                        "showLine": false,
                        "chartType": "line",
                        "fixedTime": "6h",
                        "isPercent": false,
                        "openStack": false,
                        "showTitle": true,
                        "stackType": "time",
                        "titleDesc": "",
                        "compareType": "",
                        "openCompare": false,
                        "compareTitle": "",
                        "timeInterval": "default",
                        "xAxisShowType": "time",
                        "isTimeInterval": true,
                        "currentChartType": "sequence",
                        "showFieldMapping": false
                    },
                    "fixedTime": {
                        "key": "6h",
                        "text": "最近6小时"
                    }
                },
                "group": {
                    "name": "数据库/缓存"
                },
                "name": "缓存Key数量",
                "pos": {
                    "h": 21,
                    "i": "chrt_3340f4025e05436d96fbd4ac84025ac9",
                    "w": 13,
                    "x": 7,
                    "y": 46.5
                },
                "type": "sequence",
                "queries": [
                    {
                        "name": "",
                        "type": "sequence",
                        "unit": "",
                        "color": "",
                        "qtype": "dql",
                        "query": {
                            "q": "M::`DFF`:(PERCENTILE(`cacheDBKeyUsed`, 90)) ",
                            "code": "A",
                            "fill": null,
                            "type": "simple",
                            "alias": "",
                            "field": "cacheDBKeyUsed",
                            "filters": [],
                            "groupBy": [],
                            "funcList": [],
                            "fieldFunc": "p90",
                            "fieldType": "float",
                            "namespace": "metric",
                            "dataSource": "DFF",
                            "queryFuncs": [],
                            "groupByTime": ""
                        },
                        "datasource": "dataflux"
                    }
                ]
            },
            {
                "extend": {
                    "settings": {
                        "bar": {
                            "direction": "horizontal",
                            "xAxisShowType": "groupBy"
                        },
                        "color": "#498BFE",
                        "table": {
                            "queryMode": "toGroupColumn"
                        },
                        "units": [
                            {
                                "key": "last(dbDiskUsed)",
                                "name": "last(dbDiskUsed)",
                                "unit": "",
                                "units": [
                                    "digital",
                                    "B"
                                ]
                            }
                        ],
                        "colors": [
                            {
                                "key": "last(cacheDBKeyUsed)",
                                "name": "last(cacheDBKeyUsed)",
                                "color": "#498BFE"
                            }
                        ],
                        "levels": [],
                        "topSize": 10,
                        "chartType": "bar",
                        "fixedTime": "15m",
                        "showTitle": true,
                        "titleDesc": "",
                        "compareType": "",
                        "openCompare": false,
                        "showTopSize": true,
                        "compareTitle": "",
                        "timeInterval": "default",
                        "showTableHead": true,
                        "tableSortType": "top",
                        "isTimeInterval": false,
                        "showFieldMapping": false,
                        "tableSortMetricName": ""
                    },
                    "fixedTime": {
                        "key": "15m",
                        "text": "最近15分钟"
                    }
                },
                "group": {
                    "name": "数据库/缓存"
                },
                "name": "数据库表容量",
                "pos": {
                    "h": 21,
                    "i": "chrt_2b69e2bb0f764ae6937a63d16c9d5077",
                    "w": 7,
                    "x": 0,
                    "y": 46.5
                },
                "type": "toplist",
                "queries": [
                    {
                        "name": "",
                        "type": "toplist",
                        "unit": "",
                        "color": "",
                        "qtype": "dql",
                        "query": {
                            "q": "M::`DFF`:(LAST(`dbDiskUsed`))  BY `table`",
                            "code": "A",
                            "fill": null,
                            "type": "simple",
                            "alias": "",
                            "field": "dbDiskUsed",
                            "filters": [],
                            "groupBy": [
                                "table"
                            ],
                            "funcList": [
                                "last",
                                "top:5"
                            ],
                            "fieldFunc": "last",
                            "fieldType": "float",
                            "namespace": "metric",
                            "dataSource": "DFF",
                            "queryFuncs": [],
                            "groupByTime": ""
                        },
                        "datasource": "dataflux"
                    }
                ]
            },
            {
                "extend": {
                    "settings": {
                        "units": [],
                        "colors": [],
                        "levels": [],
                        "fixedTime": "",
                        "showTitle": false,
                        "titleDesc": "",
                        "timeInterval": "default",
                        "isTimeInterval": false,
                        "showFieldMapping": false
                    }
                },
                "group": {
                    "name": "函数"
                },
                "name": "函数调用说明",
                "pos": {
                    "h": 4,
                    "i": "chrt_1912363c0fd440fea9687bdbb9ad18a4",
                    "w": 20,
                    "x": 0,
                    "y": 15
                },
                "type": "text",
                "queries": [
                    {
                        "name": "",
                        "query": {
                            "content": "此处为每10分钟各个函数的调用次数统计值"
                        }
                    }
                ]
            },
            {
                "extend": {
                    "settings": {
                        "units": [],
                        "colors": [],
                        "levels": [],
                        "fixedTime": "",
                        "showTitle": false,
                        "titleDesc": "",
                        "timeInterval": "default",
                        "isTimeInterval": false,
                        "showFieldMapping": false
                    }
                },
                "group": {
                    "name": "数据库/缓存"
                },
                "name": "数据库表说明",
                "pos": {
                    "h": 4,
                    "i": "chrt_f3d89807ced1483e8ae6c1aabfc538a2",
                    "w": 20,
                    "x": 0,
                    "y": 42.5
                },
                "type": "text",
                "queries": [
                    {
                        "name": "",
                        "query": {
                            "content": "此处`biz_main_task_info`容量较大（GB级别）为**正常现象**，本表保存了自动触发任务的日志信息，并且会自动滚动删除旧数据"
                        }
                    }
                ]
            },
            {
                "extend": {
                    "settings": {
                        "units": [],
                        "colors": [],
                        "levels": [],
                        "fixedTime": "",
                        "showTitle": false,
                        "titleDesc": "",
                        "timeInterval": "default",
                        "isTimeInterval": false,
                        "showFieldMapping": false
                    }
                },
                "group": {
                    "name": "CPU、内存"
                },
                "name": "CPU、内存",
                "pos": {
                    "h": 4,
                    "i": "chrt_c95c3302dbd548019c1d7bb8790436f5",
                    "w": 20,
                    "x": 0,
                    "y": 70
                },
                "type": "text",
                "queries": [
                    {
                        "name": "",
                        "query": {
                            "content": "此处有关CPU、内存的统计为程序内部统计，与外部监控可能存在差异"
                        }
                    }
                ]
            },
            {
                "extend": {
                    "settings": {
                        "units": [
                            {
                                "key": "CPU使用率",
                                "name": "CPU使用率",
                                "unit": "",
                                "units": [
                                    "percent",
                                    "percent"
                                ]
                            }
                        ],
                        "colors": [],
                        "levels": [],
                        "density": "lower",
                        "showLine": false,
                        "chartType": "line",
                        "fixedTime": "6h",
                        "isPercent": false,
                        "openStack": false,
                        "showTitle": true,
                        "stackType": "time",
                        "titleDesc": "",
                        "compareType": "",
                        "openCompare": false,
                        "compareTitle": "",
                        "timeInterval": "default",
                        "xAxisShowType": "time",
                        "isTimeInterval": true,
                        "currentChartType": "sequence",
                        "showFieldMapping": false
                    },
                    "fixedTime": {
                        "key": "6h",
                        "text": "最近6小时"
                    }
                },
                "group": {
                    "name": "CPU、内存"
                },
                "name": "Server CPU使用率",
                "pos": {
                    "h": 15,
                    "i": "chrt_89f02adc33a04cca893dab5f11b1a7b8",
                    "w": 9,
                    "x": 0,
                    "y": 74
                },
                "type": "sequence",
                "queries": [
                    {
                        "name": "",
                        "type": "sequence",
                        "unit": "",
                        "color": "",
                        "qtype": "dql",
                        "query": {
                            "q": "M::`DFF`:(PERCENTILE(`serverCPUPercent`, 90) AS `CPU使用率`) { `hostname` = re('server.*') } BY `hostname`",
                            "code": "A",
                            "fill": null,
                            "type": "simple",
                            "alias": "CPU使用率",
                            "field": "serverCPUPercent",
                            "filters": [
                                {
                                    "id": "296507f0-5667-11ec-905c-e1dc2bd01cdc",
                                    "op": "=~",
                                    "name": "hostname",
                                    "type": "",
                                    "logic": "and",
                                    "value": "server.*"
                                }
                            ],
                            "groupBy": [
                                "hostname"
                            ],
                            "funcList": [],
                            "fieldFunc": "p90",
                            "fieldType": "float",
                            "namespace": "metric",
                            "dataSource": "DFF",
                            "queryFuncs": [],
                            "groupByTime": ""
                        },
                        "datasource": "dataflux"
                    }
                ]
            },
            {
                "extend": {
                    "settings": {
                        "units": [
                            {
                                "key": "CPU使用率",
                                "name": "CPU使用率",
                                "unit": "",
                                "units": [
                                    "percent",
                                    "percent"
                                ]
                            }
                        ],
                        "colors": [],
                        "levels": [],
                        "density": "lower",
                        "showLine": false,
                        "chartType": "line",
                        "fixedTime": "6h",
                        "isPercent": false,
                        "openStack": false,
                        "showTitle": true,
                        "stackType": "time",
                        "titleDesc": "",
                        "compareType": "",
                        "openCompare": false,
                        "compareTitle": "",
                        "timeInterval": "default",
                        "xAxisShowType": "time",
                        "isTimeInterval": true,
                        "currentChartType": "sequence",
                        "showFieldMapping": false
                    },
                    "fixedTime": {
                        "key": "6h",
                        "text": "最近6小时"
                    }
                },
                "group": {
                    "name": "CPU、内存"
                },
                "name": "Worker CPU使用率",
                "pos": {
                    "h": 15,
                    "i": "chrt_f1fe47b8f2464890a83482911355071b",
                    "w": 9,
                    "x": 11,
                    "y": 74
                },
                "type": "sequence",
                "queries": [
                    {
                        "name": "",
                        "type": "sequence",
                        "unit": "",
                        "color": "",
                        "qtype": "dql",
                        "query": {
                            "q": "M::`DFF`:(PERCENTILE(`workerCPUPercent`, 90) AS `CPU使用率`) { `hostname` = re('worker.*') } BY `hostname`",
                            "code": "A",
                            "fill": null,
                            "type": "simple",
                            "alias": "CPU使用率",
                            "field": "workerCPUPercent",
                            "filters": [
                                {
                                    "id": "b8879930-5666-11ec-a4e4-8992549e1f1c",
                                    "op": "=~",
                                    "name": "hostname",
                                    "type": "",
                                    "logic": "and",
                                    "value": "worker.*"
                                }
                            ],
                            "groupBy": [
                                "hostname"
                            ],
                            "funcList": [],
                            "fieldFunc": "p90",
                            "fieldType": "float",
                            "namespace": "metric",
                            "dataSource": "DFF",
                            "queryFuncs": [],
                            "groupByTime": ""
                        },
                        "datasource": "dataflux"
                    }
                ]
            },
            {
                "extend": {
                    "settings": {
                        "units": [
                            {
                                "key": "内存用量",
                                "name": "内存用量",
                                "unit": "",
                                "units": [
                                    "digital",
                                    "B"
                                ]
                            }
                        ],
                        "colors": [],
                        "levels": [],
                        "density": "lower",
                        "showLine": false,
                        "chartType": "line",
                        "fixedTime": "6h",
                        "isPercent": false,
                        "openStack": false,
                        "showTitle": true,
                        "stackType": "time",
                        "titleDesc": "",
                        "compareType": "",
                        "openCompare": false,
                        "compareTitle": "",
                        "timeInterval": "default",
                        "xAxisShowType": "time",
                        "isTimeInterval": true,
                        "currentChartType": "sequence",
                        "showFieldMapping": false
                    },
                    "fixedTime": {
                        "key": "6h",
                        "text": "最近6小时"
                    }
                },
                "group": {
                    "name": "CPU、内存"
                },
                "name": "Server内存用量（HeapTotal）",
                "pos": {
                    "h": 15,
                    "i": "chrt_1019aa178fe944d5923cc942dd3559bb",
                    "w": 9,
                    "x": 0,
                    "y": 89
                },
                "type": "sequence",
                "queries": [
                    {
                        "name": "",
                        "type": "sequence",
                        "unit": "",
                        "color": "",
                        "qtype": "dql",
                        "query": {
                            "q": "M::`DFF`:(PERCENTILE(`serverMemoryHeapTotal`, 90) AS `内存用量`) { `hostname` = re('server.*') } BY `hostname`",
                            "code": "A",
                            "fill": null,
                            "type": "simple",
                            "alias": "内存用量",
                            "field": "serverMemoryHeapTotal",
                            "filters": [
                                {
                                    "id": "3c9ff960-5667-11ec-905c-e1dc2bd01cdc",
                                    "op": "=~",
                                    "name": "hostname",
                                    "type": "",
                                    "logic": "and",
                                    "value": "server.*"
                                }
                            ],
                            "groupBy": [
                                "hostname"
                            ],
                            "funcList": [],
                            "fieldFunc": "p90",
                            "fieldType": "float",
                            "namespace": "metric",
                            "dataSource": "DFF",
                            "queryFuncs": [],
                            "groupByTime": ""
                        },
                        "datasource": "dataflux"
                    }
                ]
            },
            {
                "extend": {
                    "settings": {
                        "units": [
                            {
                                "key": "内存用量",
                                "name": "内存用量",
                                "unit": "",
                                "units": [
                                    "digital",
                                    "B"
                                ]
                            }
                        ],
                        "colors": [],
                        "levels": [],
                        "density": "lower",
                        "showLine": false,
                        "chartType": "line",
                        "fixedTime": "6h",
                        "isPercent": false,
                        "openStack": false,
                        "showTitle": true,
                        "stackType": "time",
                        "titleDesc": "",
                        "compareType": "",
                        "openCompare": false,
                        "compareTitle": "",
                        "timeInterval": "default",
                        "xAxisShowType": "time",
                        "isTimeInterval": true,
                        "currentChartType": "sequence",
                        "showFieldMapping": false
                    },
                    "fixedTime": {
                        "key": "6h",
                        "text": "最近6小时"
                    }
                },
                "group": {
                    "name": "CPU、内存"
                },
                "name": "Worker内存用量（PSS）",
                "pos": {
                    "h": 15,
                    "i": "chrt_e5b160840e9442889fff490cb6e14623",
                    "w": 9,
                    "x": 11,
                    "y": 89
                },
                "type": "sequence",
                "queries": [
                    {
                        "name": "",
                        "type": "sequence",
                        "unit": "",
                        "color": "",
                        "qtype": "dql",
                        "query": {
                            "q": "M::`DFF`:(PERCENTILE(`workerMemoryPSS`, 90) AS `内存用量`) { `hostname` = re('worker.*') } BY `hostname`",
                            "code": "A",
                            "fill": null,
                            "type": "simple",
                            "alias": "内存用量",
                            "field": "workerMemoryPSS",
                            "filters": [
                                {
                                    "id": "01ae1990-5667-11ec-905c-e1dc2bd01cdc",
                                    "op": "=~",
                                    "name": "hostname",
                                    "type": "",
                                    "logic": "and",
                                    "value": "worker.*"
                                }
                            ],
                            "groupBy": [
                                "hostname"
                            ],
                            "funcList": [],
                            "fieldFunc": "p90",
                            "fieldType": "float",
                            "namespace": "metric",
                            "dataSource": "DFF",
                            "queryFuncs": [],
                            "groupByTime": ""
                        },
                        "datasource": "dataflux"
                    }
                ]
            },
            {
                "extend": {
                    "settings": {
                        "units": [],
                        "colors": [],
                        "levels": [],
                        "fixedTime": "",
                        "showTitle": false,
                        "titleDesc": "",
                        "timeInterval": "default",
                        "isTimeInterval": false,
                        "showFieldMapping": false
                    }
                },
                "group": {
                    "name": "CPU、内存"
                },
                "name": "新建图表",
                "pos": {
                    "h": 30,
                    "i": "chrt_70e64edf1fcd44669f73582c560e19d3",
                    "w": 2,
                    "x": 9,
                    "y": 74
                },
                "type": "text",
                "queries": [
                    {
                        "name": "",
                        "query": {
                            "content": "<br>\n⬅️⬅️⬅️<br>\nServer\n<br>\n<br>\nWorker<br>\n➡️➡️➡️"
                        }
                    }
                ]
            },
            {
                "extend": {
                    "settings": {
                        "units": [],
                        "colors": [],
                        "levels": [
                            {
                                "value": [
                                    "50"
                                ],
                                "bgColor": "#04870A",
                                "fontColor": "#FFFFFF",
                                "lineColor": "",
                                "operation": "<="
                            },
                            {
                                "value": [
                                    50,
                                    1000
                                ],
                                "bgColor": "#FEAC4E",
                                "fontColor": "#FFFFFF",
                                "lineColor": "",
                                "operation": "between"
                            },
                            {
                                "value": [
                                    "1000"
                                ],
                                "bgColor": "#FF0000",
                                "fontColor": "#FFFFFF",
                                "lineColor": "",
                                "operation": ">"
                            }
                        ],
                        "bgColor": "",
                        "mappings": [
                            {
                                "operation": "<=",
                                "mappingVal": "工作队列空闲",
                                "originalVal": [
                                    "50"
                                ]
                            },
                            {
                                "operation": "between",
                                "mappingVal": "工作队列繁忙",
                                "originalVal": [
                                    50,
                                    1000
                                ]
                            },
                            {
                                "operation": ">",
                                "mappingVal": "工作队列拥堵",
                                "originalVal": [
                                    "1000"
                                ]
                            }
                        ],
                        "showLine": false,
                        "fixedTime": "",
                        "fontColor": "",
                        "lineColor": "#3AB8FF",
                        "precision": "0",
                        "showTitle": false,
                        "titleDesc": "",
                        "downsample": "last",
                        "compareType": "",
                        "openCompare": false,
                        "compareTitle": "",
                        "showLineAxis": false,
                        "timeInterval": "default",
                        "isTimeInterval": false,
                        "currentChartType": "singlestat",
                        "showFieldMapping": false
                    },
                    "fixedTime": "",
                    "fixedGroupByTime": null
                },
                "group": {
                    "name": "整体"
                },
                "name": "工作队列",
                "pos": {
                    "h": 6,
                    "i": "chrt_1f17bb037d5d441f974b55167013663d",
                    "w": 6,
                    "x": 14,
                    "y": 6.5
                },
                "type": "singlestat",
                "queries": [
                    {
                        "name": "",
                        "type": "singlestat",
                        "unit": "",
                        "color": "",
                        "qtype": "dql",
                        "query": {
                            "q": "M::`DFF`:(PERCENTILE(`workerQueueLength`, 90))",
                            "code": "A",
                            "fill": null,
                            "type": "simple",
                            "alias": "",
                            "field": "workerQueueLength",
                            "filters": [],
                            "groupBy": [],
                            "funcList": [
                                "last"
                            ],
                            "fieldFunc": "p90",
                            "fieldType": "float",
                            "namespace": "metric",
                            "dataSource": "DFF",
                            "queryFuncs": [],
                            "groupByTime": ""
                        },
                        "datasource": "dataflux"
                    }
                ]
            },
            {
                "extend": {
                    "settings": {
                        "units": [],
                        "colors": [],
                        "levels": [
                            {
                                "value": [
                                    "30"
                                ],
                                "bgColor": "#04870A",
                                "fontColor": "#FFFFFF",
                                "lineColor": "",
                                "operation": "<="
                            },
                            {
                                "value": [
                                    30,
                                    80
                                ],
                                "bgColor": "#FEAC4E",
                                "fontColor": "#FFFFFF",
                                "lineColor": "",
                                "operation": "between"
                            },
                            {
                                "value": [
                                    80,
                                    100
                                ],
                                "bgColor": "#FF0000",
                                "fontColor": "#FFFFFF",
                                "lineColor": "",
                                "operation": "between"
                            }
                        ],
                        "bgColor": "",
                        "mappings": [
                            {
                                "operation": "<=",
                                "mappingVal": "服务器空闲",
                                "originalVal": [
                                    "30"
                                ]
                            },
                            {
                                "operation": "between",
                                "mappingVal": "服务器繁忙",
                                "originalVal": [
                                    30,
                                    80
                                ]
                            },
                            {
                                "operation": "between",
                                "mappingVal": "服务器饱和",
                                "originalVal": [
                                    80,
                                    100
                                ]
                            }
                        ],
                        "showLine": false,
                        "fixedTime": "",
                        "fontColor": "",
                        "lineColor": "#3AB8FF",
                        "precision": "2",
                        "showTitle": false,
                        "titleDesc": "",
                        "downsample": "last",
                        "compareType": "",
                        "openCompare": false,
                        "compareTitle": "",
                        "showLineAxis": false,
                        "timeInterval": "default",
                        "isTimeInterval": false,
                        "currentChartType": "singlestat",
                        "showFieldMapping": false
                    },
                    "fixedTime": "",
                    "fixedGroupByTime": null
                },
                "group": {
                    "name": "整体"
                },
                "name": "CPU使用率",
                "pos": {
                    "h": 6,
                    "i": "chrt_087f474bae914494ba2f3ba75c497666",
                    "w": 6,
                    "x": 0,
                    "y": 6.5
                },
                "type": "singlestat",
                "queries": [
                    {
                        "name": "",
                        "type": "singlestat",
                        "unit": "",
                        "color": "",
                        "qtype": "dql",
                        "query": {
                            "q": "M::`DFF`:(PERCENTILE(`serverCPUPercent`, 90))",
                            "code": "A",
                            "fill": null,
                            "type": "simple",
                            "alias": "",
                            "field": "serverCPUPercent",
                            "filters": [],
                            "groupBy": [],
                            "funcList": [
                                "last"
                            ],
                            "fieldFunc": "p90",
                            "fieldType": "float",
                            "namespace": "metric",
                            "dataSource": "DFF",
                            "queryFuncs": [],
                            "groupByTime": ""
                        },
                        "datasource": "dataflux"
                    }
                ]
            },
            {
                "extend": {
                    "settings": {
                        "units": [],
                        "colors": [],
                        "levels": [
                            {
                                "value": [
                                    "50"
                                ],
                                "bgColor": "#04870A",
                                "fontColor": "#FFFFFF",
                                "lineColor": "",
                                "operation": "<="
                            },
                            {
                                "value": [
                                    50,
                                    80
                                ],
                                "bgColor": "#FEAC4E",
                                "fontColor": "#FFFFFF",
                                "lineColor": "",
                                "operation": "between"
                            },
                            {
                                "value": [
                                    80,
                                    100
                                ],
                                "bgColor": "#FF0000",
                                "fontColor": "#FFFFFF",
                                "lineColor": "",
                                "operation": "between"
                            }
                        ],
                        "bgColor": "",
                        "mappings": [
                            {
                                "operation": "<=",
                                "mappingVal": "工作单元空闲",
                                "originalVal": [
                                    "50"
                                ]
                            },
                            {
                                "operation": "between",
                                "mappingVal": "工作单元繁忙",
                                "originalVal": [
                                    50,
                                    80
                                ]
                            },
                            {
                                "operation": "between",
                                "mappingVal": "工作单元饱和",
                                "originalVal": [
                                    80,
                                    100
                                ]
                            }
                        ],
                        "showLine": false,
                        "fixedTime": "",
                        "fontColor": "",
                        "lineColor": "#3AB8FF",
                        "precision": "2",
                        "showTitle": false,
                        "titleDesc": "",
                        "downsample": "last",
                        "compareType": "",
                        "openCompare": false,
                        "compareTitle": "",
                        "showLineAxis": false,
                        "timeInterval": "default",
                        "isTimeInterval": false,
                        "currentChartType": "singlestat",
                        "showFieldMapping": false
                    },
                    "fixedTime": "",
                    "fixedGroupByTime": null
                },
                "group": {
                    "name": "整体"
                },
                "name": "CPU使用率",
                "pos": {
                    "h": 6,
                    "i": "chrt_f4526b683b7e4805a7ffeee8645f1727",
                    "w": 6,
                    "x": 6,
                    "y": 6.5
                },
                "type": "singlestat",
                "queries": [
                    {
                        "name": "",
                        "type": "singlestat",
                        "unit": "",
                        "color": "",
                        "qtype": "dql",
                        "query": {
                            "q": "M::`DFF`:(PERCENTILE(`workerCPUPercent`, 90))",
                            "code": "A",
                            "fill": null,
                            "type": "simple",
                            "alias": "",
                            "field": "workerCPUPercent",
                            "filters": [],
                            "groupBy": [],
                            "funcList": [
                                "last"
                            ],
                            "fieldFunc": "p90",
                            "fieldType": "float",
                            "namespace": "metric",
                            "dataSource": "DFF",
                            "queryFuncs": [],
                            "groupByTime": ""
                        },
                        "datasource": "dataflux"
                    }
                ]
            },
            {
                "extend": {
                    "settings": {
                        "units": [],
                        "colors": [],
                        "levels": [],
                        "fixedTime": "",
                        "showTitle": false,
                        "titleDesc": "",
                        "timeInterval": "default",
                        "isTimeInterval": false,
                        "showFieldMapping": false
                    }
                },
                "group": {
                    "name": "整体"
                },
                "name": "新建图表",
                "pos": {
                    "h": 4,
                    "i": "chrt_4df0afaa0c0f4d7eaa029d97be2fc494",
                    "w": 20,
                    "x": 0,
                    "y": 2.5
                },
                "type": "text",
                "queries": [
                    {
                        "name": "",
                        "query": {
                            "content": "以下概览以各检测对象检测的最大值为标准判断【空闲】、【繁忙】、【拥堵/饱和】"
                        }
                    }
                ]
            }
        ],
        "groups": [
            "整体",
            "函数",
            "数据库/缓存",
            "CPU、内存"
        ],
        "type": "template"
    }
}