{
    "title": "ingress 日志",
    "dashboardType": "CUSTOM",
    "dashboardExtend": {},
    "dashboardMapping": [],
    "dashboardOwnerType": "node",
    "iconSet": {},
    "dashboardBindSet": [],
    "thumbnail": "",
    "tags": [],
    "summary": "",
    "main": {
        "vars": [],
        "charts": [
            {
                "extend": {
                    "settings": {
                        "units": [],
                        "colors": [],
                        "levels": [],
                        "bgColor": "",
                        "mappings": [],
                        "showLine": true,
                        "fixedTime": "",
                        "fontColor": "#EAD907",
                        "lineColor": "#3AB8FF",
                        "precision": "2",
                        "showTitle": true,
                        "titleDesc": "",
                        "downsample": "last",
                        "compareType": "",
                        "openCompare": false,
                        "compareTitle": "",
                        "showLineAxis": true,
                        "timeInterval": "default",
                        "isTimeInterval": false,
                        "currentChartType": "singlestat",
                        "showFieldMapping": false
                    },
                    "fixedTime": ""
                },
                "group": {
                    "name": null
                },
                "name": "请求总数",
                "pos": {
                    "h": 15,
                    "w": 7,
                    "x": 0,
                    "y": 0
                },
                "type": "singlestat",
                "queries": [
                    {
                        "name": "",
                        "type": "singlestat",
                        "unit": "",
                        "color": "",
                        "qtype": "dql",
                        "query": {
                            "q": "L::`nginx-ingress-controller`:(COUNT(`*`))",
                            "code": "A",
                            "fill": "",
                            "type": "simple",
                            "alias": "",
                            "field": "*",
                            "search": "",
                            "filters": [],
                            "groupBy": [],
                            "funcList": [],
                            "fieldFunc": "count",
                            "fieldType": "",
                            "namespace": "logging",
                            "dataSource": "nginx-ingress-controller",
                            "queryFuncs": [],
                            "groupByTime": ""
                        },
                        "datasource": "dataflux"
                    }
                ]
            },
            {
                "extend": {
                    "settings": {
                        "units": [],
                        "colors": [],
                        "levels": [],
                        "bgColor": "",
                        "mappings": [],
                        "showLine": true,
                        "fixedTime": "",
                        "fontColor": "",
                        "lineColor": "#3AB8FF",
                        "precision": "2",
                        "showTitle": true,
                        "titleDesc": "",
                        "downsample": "last",
                        "compareType": "",
                        "openCompare": false,
                        "compareTitle": "",
                        "showLineAxis": false,
                        "timeInterval": "default",
                        "isTimeInterval": false,
                        "currentChartType": "singlestat",
                        "showFieldMapping": false
                    },
                    "fixedTime": "",
                    "fixedGroupByTime": null
                },
                "group": {
                    "name": null
                },
                "name": "ip请求总数",
                "pos": {
                    "h": 15,
                    "w": 5,
                    "x": 7,
                    "y": 0
                },
                "type": "singlestat",
                "queries": [
                    {
                        "name": "",
                        "type": "singlestat",
                        "unit": "",
                        "color": "",
                        "qtype": "dql",
                        "query": {
                            "q": "L::`nginx-ingress-controller`:(COUNT_DISTINCT(`client_ip`))",
                            "code": "A",
                            "fill": "",
                            "type": "simple",
                            "alias": "",
                            "field": "client_ip",
                            "search": "",
                            "filters": [],
                            "groupBy": [],
                            "funcList": [],
                            "fieldFunc": "count_distinct",
                            "fieldType": "keyword",
                            "namespace": "logging",
                            "dataSource": "nginx-ingress-controller",
                            "queryFuncs": [],
                            "groupByTime": ""
                        },
                        "datasource": "dataflux"
                    }
                ]
            },
            {
                "extend": {
                    "settings": {
                        "units": [
                            {
                                "key": "流入流量",
                                "name": "流入流量",
                                "unit": "",
                                "units": [
                                    "digital",
                                    "B"
                                ]
                            },
                            {
                                "key": "流出流量",
                                "name": "流出流量",
                                "unit": "",
                                "units": [
                                    "digital",
                                    "B"
                                ]
                            }
                        ],
                        "colors": [],
                        "levels": [],
                        "pageSize": 0,
                        "fixedTime": "",
                        "queryMode": "toGroupColumn",
                        "showTitle": true,
                        "titleDesc": "",
                        "valMappings": [],
                        "timeInterval": "default",
                        "isTimeInterval": false,
                        "currentChartType": "table",
                        "showFieldMapping": false,
                        "valColorMappings": []
                    },
                    "fixedTime": ""
                },
                "group": {
                    "name": null
                },
                "name": "基础情况",
                "pos": {
                    "h": 15,
                    "w": 12,
                    "x": 12,
                    "y": 0
                },
                "type": "table",
                "queries": [
                    {
                        "name": "",
                        "type": "table",
                        "unit": "",
                        "color": "",
                        "qtype": "dql",
                        "query": {
                            "q": "L::`nginx-ingress-controller`:(COUNT(`*`) AS `pv`) BY `ip_or_host`",
                            "code": "A",
                            "fill": "",
                            "type": "simple",
                            "alias": "pv",
                            "field": "*",
                            "search": "",
                            "filters": [],
                            "groupBy": [
                                "ip_or_host"
                            ],
                            "funcList": [
                                "last",
                                "top:10"
                            ],
                            "fieldFunc": "count",
                            "fieldType": "",
                            "namespace": "logging",
                            "dataSource": "nginx-ingress-controller",
                            "queryFuncs": [],
                            "groupByTime": ""
                        },
                        "datasource": "dataflux"
                    },
                    {
                        "name": "",
                        "type": "table",
                        "unit": "",
                        "color": "",
                        "qtype": "dql",
                        "query": {
                            "q": "L::`nginx-ingress-controller`:(COUNT_DISTINCT(`client_ip`) AS `uv`) BY `ip_or_host`",
                            "code": "B",
                            "fill": "",
                            "type": "simple",
                            "alias": "uv",
                            "field": "client_ip",
                            "search": "",
                            "filters": [],
                            "groupBy": [
                                "ip_or_host"
                            ],
                            "funcList": [
                                "last"
                            ],
                            "fieldFunc": "count_distinct",
                            "fieldType": "keyword",
                            "namespace": "logging",
                            "dataSource": "nginx-ingress-controller",
                            "queryFuncs": [],
                            "groupByTime": ""
                        },
                        "datasource": "dataflux"
                    },
                    {
                        "name": "",
                        "type": "table",
                        "unit": "",
                        "color": "",
                        "qtype": "dql",
                        "query": {
                            "q": "L::`nginx-ingress-controller`:(SUM(`bytes`) AS `流入流量`) BY `ip_or_host`",
                            "code": "C",
                            "fill": "",
                            "type": "simple",
                            "alias": "流入流量",
                            "field": "bytes",
                            "search": "",
                            "filters": [],
                            "groupBy": [
                                "ip_or_host"
                            ],
                            "funcList": [
                                "last"
                            ],
                            "fieldFunc": "sum",
                            "fieldType": "long",
                            "namespace": "logging",
                            "dataSource": "nginx-ingress-controller",
                            "queryFuncs": [],
                            "groupByTime": ""
                        },
                        "datasource": "dataflux"
                    },
                    {
                        "name": "",
                        "type": "table",
                        "unit": "",
                        "color": "",
                        "qtype": "dql",
                        "query": {
                            "q": "L::`nginx-ingress-controller`:(SUM(`upstream_response_length`) AS `流出流量`) BY `ip_or_host`",
                            "code": "D",
                            "fill": "",
                            "type": "simple",
                            "alias": "流出流量",
                            "field": "upstream_response_length",
                            "search": "",
                            "filters": [],
                            "groupBy": [
                                "ip_or_host"
                            ],
                            "funcList": [
                                "last"
                            ],
                            "fieldFunc": "sum",
                            "fieldType": "long",
                            "namespace": "logging",
                            "dataSource": "nginx-ingress-controller",
                            "queryFuncs": [],
                            "groupByTime": ""
                        },
                        "datasource": "dataflux"
                    }
                ]
            },
            {
                "extend": {
                    "settings": {
                        "units": [],
                        "colors": [],
                        "levels": [],
                        "chartType": "pie",
                        "fixedTime": "",
                        "showTitle": true,
                        "titleDesc": "",
                        "showLegend": true,
                        "timeInterval": "default",
                        "isTimeInterval": false,
                        "currentChartType": "pie",
                        "showFieldMapping": false
                    },
                    "fixedTime": ""
                },
                "group": {
                    "name": null
                },
                "name": "状态占比",
                "pos": {
                    "h": 15,
                    "w": 8,
                    "x": 8,
                    "y": 78
                },
                "type": "pie",
                "queries": [
                    {
                        "name": "",
                        "type": "pie",
                        "unit": "",
                        "color": "",
                        "qtype": "dql",
                        "query": {
                            "q": "L::`nginx-ingress-controller`:(COUNT(`*`)) BY `status`",
                            "code": "A",
                            "fill": "",
                            "type": "simple",
                            "alias": "",
                            "field": "*",
                            "search": "",
                            "filters": [],
                            "groupBy": [
                                "status"
                            ],
                            "funcList": [
                                "last"
                            ],
                            "fieldFunc": "count",
                            "fieldType": "",
                            "namespace": "logging",
                            "dataSource": "nginx-ingress-controller",
                            "queryFuncs": [],
                            "groupByTime": ""
                        },
                        "datasource": "dataflux"
                    }
                ]
            },
            {
                "extend": {
                    "settings": {
                        "units": [],
                        "colors": [],
                        "levels": [],
                        "levelArr": [],
                        "fixedTime": "",
                        "showTitle": true,
                        "titleDesc": "",
                        "colorLevel": 3,
                        "rangeColor": "",
                        "showLegend": false,
                        "timeInterval": "default",
                        "rangeColorKey": "light-blue",
                        "isTimeInterval": false,
                        "currentChartType": "treemap",
                        "showFieldMapping": false,
                        "mainMeasurementSort": "top",
                        "mainMeasurementLimit": 20,
                        "mainMeasurementQueryCode": "A"
                    },
                    "fixedTime": ""
                },
                "group": {
                    "name": null
                },
                "name": "client ip 占比",
                "pos": {
                    "h": 15,
                    "w": 8,
                    "x": 16,
                    "y": 78
                },
                "type": "treemap",
                "queries": [
                    {
                        "name": "",
                        "type": "treemap",
                        "unit": "",
                        "color": "",
                        "qtype": "dql",
                        "query": {
                            "q": "L::`nginx-ingress-controller`:(COUNT(`*`)) BY `client_ip`",
                            "code": "A",
                            "fill": "",
                            "type": "simple",
                            "alias": "",
                            "field": "*",
                            "search": "",
                            "filters": [],
                            "groupBy": [
                                "client_ip"
                            ],
                            "funcList": [],
                            "fieldFunc": "count",
                            "fieldType": "",
                            "namespace": "logging",
                            "dataSource": "nginx-ingress-controller",
                            "queryFuncs": [],
                            "groupByTime": ""
                        },
                        "datasource": "dataflux"
                    }
                ]
            },
            {
                "extend": {
                    "settings": {
                        "bar": {
                            "direction": "horizontal",
                            "xAxisShowType": "groupBy"
                        },
                        "color": "#498BFE",
                        "table": {
                            "queryMode": "toGroupColumn"
                        },
                        "units": [
                            {
                                "key": "max(request_time)",
                                "name": "max(request_time)",
                                "unit": "",
                                "units": [
                                    "time",
                                    "s"
                                ]
                            }
                        ],
                        "colors": [
                            {
                                "key": "count(*)",
                                "name": "count(*)",
                                "color": "#498BFE"
                            }
                        ],
                        "levels": [],
                        "topSize": 10,
                        "chartType": "bar",
                        "fixedTime": "",
                        "showTitle": true,
                        "titleDesc": "",
                        "openCompare": false,
                        "showTopSize": true,
                        "timeInterval": "default",
                        "showTableHead": true,
                        "tableSortType": "top",
                        "isTimeInterval": false,
                        "currentChartType": "toplist",
                        "showFieldMapping": false,
                        "tableSortMetricName": ""
                    },
                    "fixedTime": ""
                },
                "group": {
                    "name": null
                },
                "name": "HTTP 请求耗时 TOP 10",
                "pos": {
                    "h": 32,
                    "w": 8,
                    "x": 0,
                    "y": 61
                },
                "type": "toplist",
                "queries": [
                    {
                        "name": "",
                        "type": "toplist",
                        "unit": "",
                        "color": "",
                        "qtype": "dql",
                        "query": {
                            "q": "L::`nginx-ingress-controller`:(MAX(`request_time`)) BY `http_url`",
                            "code": "A",
                            "fill": null,
                            "type": "dql",
                            "field": "request_time",
                            "fillNum": null,
                            "filters": [],
                            "groupBy": [
                                "http_url"
                            ],
                            "funcList": [
                                "last",
                                "top:10"
                            ],
                            "fieldFunc": "max",
                            "namespace": "logging",
                            "dataSource": "nginx-ingress-controller",
                            "queryFuncs": [],
                            "withLabels": [],
                            "groupByTime": ""
                        },
                        "datasource": "dataflux"
                    }
                ]
            },
            {
                "extend": {
                    "settings": {
                        "units": [],
                        "colors": [],
                        "levels": [],
                        "density": "medium",
                        "showLine": false,
                        "chartType": "areaLine",
                        "fixedTime": "",
                        "isPercent": false,
                        "openStack": false,
                        "showTitle": true,
                        "stackType": "time",
                        "titleDesc": "",
                        "compareType": "",
                        "openCompare": false,
                        "compareTitle": "",
                        "timeInterval": "auto",
                        "xAxisShowType": "time",
                        "isTimeInterval": true,
                        "currentChartType": "sequence",
                        "showFieldMapping": false
                    },
                    "fixedTime": ""
                },
                "group": {
                    "name": null
                },
                "name": "非 info 日志趋势图",
                "pos": {
                    "h": 17,
                    "w": 8,
                    "x": 8,
                    "y": 61
                },
                "type": "sequence",
                "queries": [
                    {
                        "name": "",
                        "type": "sequence",
                        "unit": "",
                        "color": "",
                        "qtype": "dql",
                        "query": {
                            "q": "L::`nginx-ingress-controller`:(COUNT(`*`)) { `status` != 'info' } BY `status`, `host`, `pod_name`",
                            "code": "A",
                            "fill": "",
                            "type": "simple",
                            "alias": "",
                            "field": "*",
                            "search": "",
                            "filters": [
                                {
                                    "id": "ed53ff10-d824-11ec-9813-39ebae80c0f3",
                                    "op": "!=",
                                    "name": "status",
                                    "type": "keyword",
                                    "logic": "and",
                                    "value": "info"
                                }
                            ],
                            "groupBy": [
                                "status",
                                "host",
                                "pod_name"
                            ],
                            "funcList": [],
                            "fieldFunc": "count",
                            "fieldType": "",
                            "namespace": "logging",
                            "dataSource": "nginx-ingress-controller",
                            "queryFuncs": [],
                            "groupByTime": ""
                        },
                        "datasource": "dataflux"
                    }
                ]
            },
            {
                "extend": {
                    "settings": {
                        "units": [],
                        "colors": [],
                        "levels": [],
                        "levelArr": [
                            {
                                "max": 99,
                                "min": 0,
                                "color": "#FEF0B9"
                            },
                            {
                                "max": 199,
                                "min": 100,
                                "color": "#FFFF68"
                            },
                            {
                                "max": 299,
                                "min": 200,
                                "color": "#30FF19"
                            },
                            {
                                "max": 399,
                                "min": 300,
                                "color": "#00B448"
                            },
                            {
                                "max": 100000,
                                "min": 403,
                                "color": "#A70A41"
                            }
                        ],
                        "fixedTime": "",
                        "showTitle": true,
                        "titleDesc": "",
                        "colorLevel": 5,
                        "isVariable": false,
                        "provinceKey": "country",
                        "showTopList": true,
                        "timeInterval": "default",
                        "variableCode": "",
                        "rangeColorKey": "light-blue",
                        "isTimeInterval": false,
                        "currentChartType": "worldmap",
                        "showFieldMapping": false,
                        "mainMeasurementQueryCode": "A"
                    },
                    "fixedTime": "",
                    "fixedGroupByTime": null
                },
                "group": {
                    "name": null
                },
                "name": "世界地图",
                "pos": {
                    "h": 23,
                    "w": 12,
                    "x": 12,
                    "y": 38
                },
                "type": "worldmap",
                "queries": [
                    {
                        "name": "",
                        "type": "worldmap",
                        "unit": "",
                        "color": "",
                        "qtype": "dql",
                        "query": {
                            "q": "L::`nginx-ingress-controller`:(COUNT(`client_ip`)) BY `country`",
                            "code": "A",
                            "fill": "",
                            "type": "simple",
                            "alias": "",
                            "field": "client_ip",
                            "search": "",
                            "filters": [],
                            "groupBy": [
                                "country"
                            ],
                            "funcList": [
                                "last"
                            ],
                            "fieldFunc": "count",
                            "fieldType": "keyword",
                            "namespace": "logging",
                            "dataSource": "nginx-ingress-controller",
                            "queryFuncs": [],
                            "groupByTime": ""
                        },
                        "datasource": "dataflux"
                    }
                ]
            },
            {
                "extend": {
                    "settings": {
                        "units": [],
                        "colors": [],
                        "levels": [],
                        "levelArr": [
                            {
                                "max": 99,
                                "min": 0,
                                "color": "#B9E8FE"
                            },
                            {
                                "max": 199,
                                "min": 100,
                                "color": "#68C0FF"
                            },
                            {
                                "max": 299,
                                "min": 200,
                                "color": "#1990FF"
                            },
                            {
                                "max": 399,
                                "min": 300,
                                "color": "#0050B4"
                            },
                            {
                                "max": 10000,
                                "min": 400,
                                "color": "#002766"
                            }
                        ],
                        "fixedTime": "",
                        "showTitle": true,
                        "titleDesc": "",
                        "colorLevel": 5,
                        "isVariable": false,
                        "provinceKey": "province",
                        "showTopList": true,
                        "timeInterval": "default",
                        "variableCode": "",
                        "rangeColorKey": "light-blue",
                        "isTimeInterval": false,
                        "currentChartType": "chinamap",
                        "showFieldMapping": false,
                        "mainMeasurementQueryCode": "A"
                    },
                    "fixedTime": ""
                },
                "group": {
                    "name": null
                },
                "name": "国内地图",
                "pos": {
                    "h": 23,
                    "w": 12,
                    "x": 0,
                    "y": 38
                },
                "type": "chinamap",
                "queries": [
                    {
                        "name": "",
                        "type": "chinamap",
                        "unit": "",
                        "color": "",
                        "qtype": "dql",
                        "query": {
                            "q": "L::`nginx-ingress-controller`:(COUNT(`client_ip`)) BY `province`",
                            "code": "A",
                            "fill": "",
                            "type": "simple",
                            "alias": "",
                            "field": "client_ip",
                            "search": "",
                            "filters": [],
                            "groupBy": [
                                "province"
                            ],
                            "funcList": [
                                "last"
                            ],
                            "fieldFunc": "count",
                            "fieldType": "keyword",
                            "namespace": "logging",
                            "dataSource": "nginx-ingress-controller",
                            "queryFuncs": [],
                            "groupByTime": ""
                        },
                        "datasource": "dataflux"
                    }
                ]
            },
            {
                "extend": {
                    "settings": {
                        "units": [],
                        "colors": [],
                        "levels": [],
                        "chartType": "pie",
                        "fixedTime": "",
                        "showTitle": true,
                        "titleDesc": "",
                        "showLegend": true,
                        "timeInterval": "default",
                        "isTimeInterval": false,
                        "showFieldMapping": false
                    },
                    "fixedTime": ""
                },
                "group": {
                    "name": null
                },
                "name": "客户端发布",
                "pos": {
                    "h": 17,
                    "w": 8,
                    "x": 16,
                    "y": 61
                },
                "type": "pie",
                "queries": [
                    {
                        "name": "",
                        "type": "pie",
                        "unit": "",
                        "color": "",
                        "qtype": "dql",
                        "query": {
                            "q": "L::`nginx-ingress-controller`:(COUNT(`*`)) BY `http_user_agent`",
                            "code": "A",
                            "fill": "",
                            "type": "simple",
                            "alias": "",
                            "field": "*",
                            "search": "",
                            "filters": [],
                            "groupBy": [
                                "http_user_agent"
                            ],
                            "funcList": [
                                "last"
                            ],
                            "fieldFunc": "count",
                            "fieldType": "",
                            "namespace": "logging",
                            "dataSource": "nginx-ingress-controller",
                            "queryFuncs": [],
                            "groupByTime": ""
                        },
                        "datasource": "dataflux"
                    }
                ]
            },
            {
                "extend": {
                    "settings": {
                        "units": [
                            {
                                "key": "流入",
                                "name": "流入",
                                "unit": "",
                                "units": [
                                    "digital",
                                    "B"
                                ]
                            },
                            {
                                "key": "流出",
                                "name": "流出",
                                "unit": "",
                                "units": [
                                    "digital",
                                    "B"
                                ]
                            }
                        ],
                        "colors": [
                            {
                                "key": "流入",
                                "name": "流入",
                                "color": "#6DFE49"
                            },
                            {
                                "key": "流出",
                                "name": "流出",
                                "color": "#CE415D"
                            }
                        ],
                        "levels": [],
                        "density": "lower",
                        "showLine": false,
                        "chartType": "line",
                        "fixedTime": "",
                        "isPercent": false,
                        "openStack": false,
                        "showTitle": true,
                        "stackType": "time",
                        "titleDesc": "",
                        "compareType": "",
                        "openCompare": false,
                        "compareTitle": "",
                        "timeInterval": "auto",
                        "xAxisShowType": "time",
                        "isTimeInterval": true,
                        "currentChartType": "sequence",
                        "showFieldMapping": false
                    },
                    "fixedTime": ""
                },
                "group": {
                    "name": null
                },
                "name": "流量趋势",
                "pos": {
                    "h": 26,
                    "w": 11,
                    "x": 0,
                    "y": 93
                },
                "type": "sequence",
                "queries": [
                    {
                        "name": "",
                        "type": "sequence",
                        "unit": "",
                        "color": "",
                        "qtype": "dql",
                        "query": {
                            "q": "L::`nginx-ingress-controller`:(SUM(`bytes`) AS `流入`)",
                            "code": "A",
                            "fill": "",
                            "type": "simple",
                            "alias": "流入",
                            "field": "bytes",
                            "search": "",
                            "filters": [],
                            "groupBy": [],
                            "funcList": [],
                            "fieldFunc": "sum",
                            "fieldType": "long",
                            "namespace": "logging",
                            "dataSource": "nginx-ingress-controller",
                            "queryFuncs": [],
                            "groupByTime": ""
                        },
                        "datasource": "dataflux"
                    },
                    {
                        "name": "",
                        "type": "sequence",
                        "unit": "",
                        "color": "",
                        "qtype": "dql",
                        "query": {
                            "q": "L::`nginx-ingress-controller`:(SUM(`upstream_response_length`) AS `流出`)",
                            "code": "B",
                            "fill": "",
                            "type": "simple",
                            "alias": "流出",
                            "field": "upstream_response_length",
                            "search": "",
                            "filters": [],
                            "groupBy": [],
                            "funcList": [],
                            "fieldFunc": "sum",
                            "fieldType": "long",
                            "namespace": "logging",
                            "dataSource": "nginx-ingress-controller",
                            "queryFuncs": [],
                            "groupByTime": ""
                        },
                        "datasource": "dataflux"
                    }
                ]
            },
            {
                "extend": {
                    "settings": {
                        "units": [
                            {
                                "key": "sum(upstream_response_length)",
                                "name": "sum(upstream_response_length)",
                                "unit": "",
                                "units": [
                                    "digital",
                                    "B"
                                ]
                            }
                        ],
                        "colors": [],
                        "levels": [],
                        "density": "low",
                        "showLine": false,
                        "chartType": "line",
                        "fixedTime": "",
                        "isPercent": false,
                        "openStack": false,
                        "showTitle": true,
                        "stackType": "time",
                        "titleDesc": "",
                        "compareType": "",
                        "openCompare": false,
                        "compareTitle": "",
                        "timeInterval": "auto",
                        "xAxisShowType": "time",
                        "isTimeInterval": true,
                        "currentChartType": "sequence",
                        "showFieldMapping": false
                    },
                    "fixedTime": ""
                },
                "group": {
                    "name": null
                },
                "name": "新建图表",
                "pos": {
                    "h": 26,
                    "w": 13,
                    "x": 11,
                    "y": 93
                },
                "type": "sequence",
                "queries": [
                    {
                        "name": "",
                        "type": "sequence",
                        "unit": "",
                        "color": "",
                        "qtype": "dql",
                        "query": {
                            "q": "L::`nginx-ingress-controller`:(SUM(`upstream_response_length`)) BY `host_ip`, `proxy_upstream_name`",
                            "code": "A",
                            "fill": "",
                            "type": "simple",
                            "alias": "",
                            "field": "upstream_response_length",
                            "search": "",
                            "filters": [],
                            "groupBy": [
                                "host_ip",
                                "proxy_upstream_name"
                            ],
                            "funcList": [],
                            "fieldFunc": "sum",
                            "fieldType": "long",
                            "namespace": "logging",
                            "dataSource": "nginx-ingress-controller",
                            "queryFuncs": [],
                            "groupByTime": ""
                        },
                        "datasource": "dataflux"
                    }
                ]
            },
            {
                "extend": {
                    "settings": {
                        "bar": {
                            "direction": "horizontal",
                            "xAxisShowType": "groupBy"
                        },
                        "color": "#49FE84",
                        "table": {
                            "queryMode": "toGroupColumn"
                        },
                        "units": [
                            {
                                "key": "sum(upstream_response_length)",
                                "name": "sum(upstream_response_length)",
                                "unit": "",
                                "units": [
                                    "digital",
                                    "B"
                                ]
                            }
                        ],
                        "colors": [
                            {
                                "key": "count(*)",
                                "name": "count(*)",
                                "color": "#49FE84"
                            }
                        ],
                        "levels": [],
                        "topSize": 10,
                        "chartType": "bar",
                        "fixedTime": "",
                        "showTitle": true,
                        "titleDesc": "",
                        "openCompare": false,
                        "showTopSize": true,
                        "timeInterval": "default",
                        "showTableHead": true,
                        "tableSortType": "top",
                        "isTimeInterval": false,
                        "currentChartType": "toplist",
                        "showFieldMapping": false,
                        "tableSortMetricName": ""
                    },
                    "fixedTime": ""
                },
                "group": {
                    "name": null
                },
                "name": "域名流量top 10",
                "pos": {
                    "h": 23,
                    "w": 12,
                    "x": 0,
                    "y": 15
                },
                "type": "toplist",
                "queries": [
                    {
                        "name": "",
                        "type": "toplist",
                        "unit": "",
                        "color": "",
                        "qtype": "dql",
                        "query": {
                            "q": "L::`nginx-ingress-controller`:(SUM(`upstream_response_length`)) BY `ip_or_host`",
                            "code": "A",
                            "fill": "",
                            "type": "simple",
                            "alias": "",
                            "field": "upstream_response_length",
                            "search": "",
                            "filters": [],
                            "groupBy": [
                                "ip_or_host"
                            ],
                            "funcList": [
                                "last",
                                "top:10"
                            ],
                            "fieldFunc": "sum",
                            "fieldType": "long",
                            "namespace": "logging",
                            "dataSource": "nginx-ingress-controller",
                            "queryFuncs": [],
                            "groupByTime": ""
                        },
                        "datasource": "dataflux"
                    }
                ]
            },
            {
                "extend": {
                    "settings": {
                        "bar": {
                            "direction": "horizontal",
                            "xAxisShowType": "groupBy"
                        },
                        "color": "#498BFE",
                        "table": {
                            "queryMode": "toGroupColumn"
                        },
                        "units": [],
                        "colors": [
                            {
                                "key": "last(request_time){\"ip_or_host\": \"func2.guance.com\"}",
                                "name": "last(request_time){\"ip_or_host\": \"func2.guance.com\"}",
                                "color": "#498BFE"
                            }
                        ],
                        "levels": [],
                        "topSize": 10,
                        "chartType": "bar",
                        "fixedTime": "",
                        "showTitle": true,
                        "titleDesc": "",
                        "openCompare": false,
                        "showTopSize": true,
                        "timeInterval": "default",
                        "showTableHead": true,
                        "tableSortType": "top",
                        "isTimeInterval": false,
                        "currentChartType": "toplist",
                        "showFieldMapping": false,
                        "tableSortMetricName": ""
                    },
                    "fixedTime": ""
                },
                "group": {
                    "name": null
                },
                "name": "域名请求耗时P90",
                "pos": {
                    "h": 23,
                    "w": 12,
                    "x": 12,
                    "y": 15
                },
                "type": "toplist",
                "queries": [
                    {
                        "name": "",
                        "type": "toplist",
                        "unit": "",
                        "color": "",
                        "qtype": "dql",
                        "query": {
                            "q": "L::`nginx-ingress-controller`:(LAST(`request_time`)) BY `ip_or_host`",
                            "code": "A",
                            "fill": null,
                            "type": "dql",
                            "alias": "",
                            "field": "request_time",
                            "fillNum": null,
                            "filters": [],
                            "groupBy": [
                                "ip_or_host"
                            ],
                            "funcList": [
                                "last",
                                "top:10"
                            ],
                            "fieldFunc": "last",
                            "fieldType": "",
                            "namespace": "logging",
                            "dataSource": "nginx-ingress-controller",
                            "queryFuncs": [],
                            "withLabels": [],
                            "groupByTime": ""
                        },
                        "datasource": "dataflux"
                    }
                ]
            },
            {
                "extend": {
                    "settings": {
                        "units": [
                            {
                                "key": "sum(upstream_response_length)",
                                "name": "sum(upstream_response_length)",
                                "unit": "",
                                "units": [
                                    "digital",
                                    "B"
                                ]
                            }
                        ],
                        "colors": [],
                        "levels": [],
                        "pageSize": 0,
                        "fixedTime": "",
                        "queryMode": "toGroupColumn",
                        "showTitle": true,
                        "titleDesc": "",
                        "valMappings": [],
                        "timeInterval": "default",
                        "isTimeInterval": false,
                        "currentChartType": "table",
                        "showFieldMapping": false,
                        "valColorMappings": []
                    },
                    "fixedTime": "",
                    "fixedGroupByTime": null
                },
                "group": {
                    "name": null
                },
                "name": "流出流量表",
                "pos": {
                    "h": 22,
                    "w": 24,
                    "x": 0,
                    "y": 119
                },
                "type": "table",
                "queries": [
                    {
                        "name": "",
                        "type": "table",
                        "unit": "",
                        "color": "",
                        "qtype": "dql",
                        "query": {
                            "q": "L::`nginx-ingress-controller`:(SUM(`upstream_response_length`)) BY `client_ip`, `country`, `proxy_upstream_name`",
                            "code": "A",
                            "fill": "",
                            "type": "simple",
                            "alias": "",
                            "field": "upstream_response_length",
                            "search": "",
                            "filters": [],
                            "groupBy": [
                                "client_ip",
                                "country",
                                "proxy_upstream_name"
                            ],
                            "funcList": [
                                "last",
                                "top:"
                            ],
                            "fieldFunc": "sum",
                            "fieldType": "long",
                            "namespace": "logging",
                            "dataSource": "nginx-ingress-controller",
                            "queryFuncs": [],
                            "groupByTime": ""
                        },
                        "datasource": "dataflux"
                    }
                ]
            }
        ],
        "groups": [],
        "type": "template"
    }
}