{
    "title": "Kodo NSQ",
    "dashboardType": "CUSTOM",
    "dashboardExtend": {},
    "dashboardMapping": [],
    "dashboardOwnerType": "node",
    "iconSet": {},
    "dashboardBindSet": [],
    "thumbnail": "",
    "tags": [],
    "summary": "",
    "main": {
        "vars": [],
        "charts": [
            {
                "extend": {
                    "settings": {
                        "units": [],
                        "colors": [],
                        "levels": [],
                        "density": "medium",
                        "showLine": false,
                        "chartType": "areaLine",
                        "fixedTime": "",
                        "isPercent": false,
                        "openStack": false,
                        "showTitle": true,
                        "stackType": "time",
                        "titleDesc": "",
                        "compareType": "",
                        "openCompare": false,
                        "compareTitle": "",
                        "timeInterval": "auto",
                        "xAxisShowType": "time",
                        "isTimeInterval": true,
                        "currentChartType": "sequence",
                        "showFieldMapping": false
                    },
                    "fixedTime": null
                },
                "group": {
                    "name": null
                },
                "name": "NSQ 消息增量/Topic",
                "pos": {
                    "h": 17,
                    "i": "chrt_7d4d8a2e06574e4aaf7be0456a83c9ed",
                    "w": 6,
                    "x": 0,
                    "y": 0
                },
                "type": "sequence",
                "queries": [
                    {
                        "name": "",
                        "type": "sequence",
                        "unit": "",
                        "color": "",
                        "qtype": "dql",
                        "query": {
                            "q": "DERIVATIVE(\"M::`nsq_topics`:(LAST(`message_count`) AS `消息增量`)  BY `topic`\")",
                            "code": "A",
                            "fill": null,
                            "type": "simple",
                            "alias": "消息增量",
                            "field": "message_count",
                            "fillNum": null,
                            "filters": [],
                            "groupBy": [
                                "topic"
                            ],
                            "funcList": [],
                            "fieldFunc": "last",
                            "fieldType": "integer",
                            "namespace": "metric",
                            "dataSource": "nsq_topics",
                            "queryFuncs": [
                                {
                                    "args": [],
                                    "name": "derivative"
                                }
                            ],
                            "withLabels": [],
                            "groupByTime": ""
                        },
                        "datasource": "dataflux"
                    }
                ]
            },
            {
                "extend": {
                    "settings": {
                        "bar": {
                            "direction": "horizontal",
                            "xAxisShowType": "groupBy"
                        },
                        "color": "#FE9155",
                        "table": {
                            "queryMode": "toGroupColumn"
                        },
                        "units": [],
                        "colors": [
                            {
                                "key": "last(depth){\"topic\": \"df_logging\"}",
                                "name": "last(depth){\"topic\": \"df_logging\"}",
                                "color": "#FE9155"
                            }
                        ],
                        "levels": [],
                        "topSize": 10,
                        "chartType": "bar",
                        "fixedTime": "",
                        "showTitle": true,
                        "titleDesc": "",
                        "openCompare": false,
                        "showTopSize": true,
                        "timeInterval": "default",
                        "showTableHead": true,
                        "tableSortType": "top",
                        "isTimeInterval": false,
                        "currentChartType": "toplist",
                        "showFieldMapping": false,
                        "tableSortMetricName": ""
                    },
                    "fixedTime": null
                },
                "group": {
                    "name": null
                },
                "name": "磁盘&内存中消息暂存排行榜",
                "pos": {
                    "h": 17,
                    "i": "chrt_c932112d5b674333b676998a5879fd17",
                    "w": 6,
                    "x": 18,
                    "y": 0
                },
                "type": "toplist",
                "queries": [
                    {
                        "name": "",
                        "type": "toplist",
                        "unit": "",
                        "color": "",
                        "qtype": "dql",
                        "query": {
                            "q": "M::`nsq_topics`:(LAST(`depth`))  BY `topic`",
                            "code": "A",
                            "fill": null,
                            "type": "simple",
                            "alias": "",
                            "field": "depth",
                            "filters": [],
                            "groupBy": [
                                "topic"
                            ],
                            "funcList": [
                                "last",
                                "top:10"
                            ],
                            "fieldFunc": "last",
                            "fieldType": "integer",
                            "namespace": "metric",
                            "dataSource": "nsq_topics",
                            "queryFuncs": [],
                            "groupByTime": ""
                        },
                        "datasource": "dataflux"
                    }
                ]
            },
            {
                "extend": {
                    "settings": {
                        "units": [],
                        "colors": [],
                        "levels": [],
                        "chartType": "pie",
                        "fixedTime": "",
                        "showTitle": true,
                        "titleDesc": "",
                        "showLegend": true,
                        "timeInterval": "default",
                        "isTimeInterval": false,
                        "currentChartType": "pie",
                        "showFieldMapping": false
                    },
                    "fixedTime": null
                },
                "group": {
                    "name": null
                },
                "name": "NSQ 各个 Topic 消息占比",
                "pos": {
                    "h": 17,
                    "i": "chrt_f5f99bbcadf94a918013bbf8ac822832",
                    "w": 6,
                    "x": 6,
                    "y": 0
                },
                "type": "pie",
                "queries": [
                    {
                        "name": "",
                        "type": "pie",
                        "unit": "",
                        "color": "",
                        "qtype": "dql",
                        "query": {
                            "q": "M::`nsq_topics`:(LAST(`message_count`) AS `消息数`)  BY `topic`",
                            "code": "A",
                            "fill": null,
                            "type": "simple",
                            "alias": "消息数",
                            "field": "message_count",
                            "filters": [],
                            "groupBy": [
                                "topic"
                            ],
                            "funcList": [
                                "last"
                            ],
                            "fieldFunc": "last",
                            "fieldType": "integer",
                            "namespace": "metric",
                            "dataSource": "nsq_topics",
                            "queryFuncs": [],
                            "groupByTime": ""
                        },
                        "datasource": "dataflux"
                    }
                ]
            },
            {
                "extend": {
                    "settings": {
                        "units": [],
                        "colors": [],
                        "levels": [],
                        "density": "medium",
                        "showLine": false,
                        "chartType": "areaLine",
                        "fixedTime": "",
                        "isPercent": false,
                        "openStack": false,
                        "showTitle": true,
                        "stackType": "time",
                        "titleDesc": "",
                        "compareType": "",
                        "openCompare": false,
                        "compareTitle": "",
                        "timeInterval": "auto",
                        "xAxisShowType": "time",
                        "isTimeInterval": true,
                        "showFieldMapping": false
                    },
                    "fixedTime": null
                },
                "group": {
                    "name": null
                },
                "name": "NSQ 消息增量/Node",
                "pos": {
                    "h": 19,
                    "i": "chrt_795aa2d1087f44cf8219206e8f52a487",
                    "w": 6,
                    "x": 0,
                    "y": 17
                },
                "type": "sequence",
                "queries": [
                    {
                        "name": "",
                        "type": "sequence",
                        "unit": "",
                        "color": "",
                        "qtype": "dql",
                        "query": {
                            "q": "DERIVATIVE(\"M::`nsq_nodes`:(LAST(`message_count`))  BY `server_host`\")",
                            "code": "A",
                            "fill": null,
                            "type": "simple",
                            "alias": "",
                            "field": "message_count",
                            "filters": [],
                            "groupBy": [
                                "server_host"
                            ],
                            "funcList": [],
                            "fieldFunc": "last",
                            "fieldType": "integer",
                            "namespace": "metric",
                            "dataSource": "nsq_nodes",
                            "queryFuncs": [
                                {
                                    "args": [],
                                    "name": "derivative"
                                }
                            ],
                            "groupByTime": ""
                        },
                        "datasource": "dataflux"
                    }
                ]
            },
            {
                "extend": {
                    "settings": {
                        "units": [],
                        "colors": [],
                        "levels": [],
                        "density": "medium",
                        "showLine": false,
                        "chartType": "areaLine",
                        "fixedTime": "",
                        "isPercent": false,
                        "openStack": false,
                        "showTitle": true,
                        "stackType": "time",
                        "titleDesc": "",
                        "compareType": "",
                        "openCompare": false,
                        "compareTitle": "",
                        "timeInterval": "auto",
                        "xAxisShowType": "time",
                        "isTimeInterval": true,
                        "currentChartType": "sequence",
                        "showFieldMapping": false
                    },
                    "fixedTime": ""
                },
                "group": {
                    "name": null
                },
                "name": "Requeue Count/Topic",
                "pos": {
                    "h": 19,
                    "i": "chrt_f7bb1ccb151e478b989e3bfa329aec23",
                    "w": 6,
                    "x": 12,
                    "y": 17
                },
                "type": "sequence",
                "queries": [
                    {
                        "name": "",
                        "type": "sequence",
                        "unit": "",
                        "color": "",
                        "qtype": "dql",
                        "query": {
                            "q": "M::`nsq_topics`:(LAST(`requeue_count`)) BY `topic`",
                            "code": "A",
                            "fill": null,
                            "type": "simple",
                            "alias": "",
                            "field": "requeue_count",
                            "filters": [],
                            "groupBy": [
                                "topic"
                            ],
                            "funcList": [],
                            "fieldFunc": "last",
                            "fieldType": "integer",
                            "namespace": "metric",
                            "dataSource": "nsq_topics",
                            "queryFuncs": [],
                            "groupByTime": ""
                        },
                        "datasource": "dataflux"
                    }
                ]
            },
            {
                "extend": {
                    "settings": {
                        "units": [],
                        "colors": [],
                        "levels": [],
                        "density": "medium",
                        "showLine": false,
                        "chartType": "areaLine",
                        "fixedTime": "",
                        "isPercent": false,
                        "openStack": false,
                        "showTitle": true,
                        "stackType": "time",
                        "titleDesc": "",
                        "compareType": "",
                        "openCompare": false,
                        "compareTitle": "",
                        "timeInterval": "auto",
                        "xAxisShowType": "time",
                        "isTimeInterval": true,
                        "currentChartType": "sequence",
                        "showFieldMapping": false
                    },
                    "fixedTime": null,
                    "fixedGroupByTime": null
                },
                "group": {
                    "name": null
                },
                "name": "消息体超时/Topic",
                "pos": {
                    "h": 19,
                    "i": "chrt_8b2ee9b9f296463b8f9d1878aa5a3cd4",
                    "w": 6,
                    "x": 18,
                    "y": 17
                },
                "type": "sequence",
                "queries": [
                    {
                        "name": "",
                        "type": "sequence",
                        "unit": "",
                        "color": "",
                        "qtype": "dql",
                        "query": {
                            "q": "M::`nsq_topics`:(LAST(`timeout_count`))  BY `topic`",
                            "code": "A",
                            "fill": null,
                            "type": "simple",
                            "alias": "",
                            "field": "timeout_count",
                            "filters": [],
                            "groupBy": [
                                "topic"
                            ],
                            "funcList": [],
                            "fieldFunc": "last",
                            "fieldType": "integer",
                            "namespace": "metric",
                            "dataSource": "nsq_topics",
                            "queryFuncs": [],
                            "groupByTime": ""
                        },
                        "datasource": "dataflux"
                    }
                ]
            },
            {
                "extend": {
                    "settings": {
                        "units": [],
                        "colors": [],
                        "levels": [],
                        "density": "medium",
                        "showLine": false,
                        "chartType": "areaLine",
                        "fixedTime": "",
                        "isPercent": false,
                        "openStack": false,
                        "showTitle": true,
                        "stackType": "time",
                        "titleDesc": "",
                        "compareType": "",
                        "openCompare": false,
                        "compareTitle": "",
                        "timeInterval": "auto",
                        "xAxisShowType": "time",
                        "isTimeInterval": true,
                        "currentChartType": "sequence",
                        "showFieldMapping": false
                    },
                    "fixedTime": "",
                    "fixedGroupByTime": null
                },
                "group": {
                    "name": null
                },
                "name": "NSQ 消息总量/Node",
                "pos": {
                    "h": 19,
                    "i": "chrt_b42dfc2c407e40109c6dbd00f5e93d14",
                    "w": 6,
                    "x": 6,
                    "y": 17
                },
                "type": "sequence",
                "queries": [
                    {
                        "name": "",
                        "type": "sequence",
                        "unit": "",
                        "color": "",
                        "qtype": "dql",
                        "query": {
                            "q": "M::`nsq_nodes`:(LAST(`message_count`) AS `消息总数`)  BY `server_host`",
                            "code": "A",
                            "fill": null,
                            "type": "simple",
                            "alias": "消息总数",
                            "field": "message_count",
                            "filters": [],
                            "groupBy": [
                                "server_host"
                            ],
                            "funcList": [],
                            "fieldFunc": "last",
                            "fieldType": "integer",
                            "namespace": "metric",
                            "dataSource": "nsq_nodes",
                            "queryFuncs": [],
                            "groupByTime": ""
                        },
                        "datasource": "dataflux"
                    }
                ]
            },
            {
                "extend": {
                    "settings": {
                        "units": [],
                        "colors": [],
                        "levels": [],
                        "density": "medium",
                        "showLine": false,
                        "chartType": "areaLine",
                        "fixedTime": "",
                        "isPercent": false,
                        "openStack": false,
                        "showTitle": true,
                        "stackType": "time",
                        "titleDesc": "",
                        "compareType": "",
                        "openCompare": false,
                        "compareTitle": "",
                        "timeInterval": "auto",
                        "xAxisShowType": "time",
                        "isTimeInterval": true,
                        "currentChartType": "sequence",
                        "showFieldMapping": false
                    },
                    "fixedTime": ""
                },
                "group": {
                    "name": null
                },
                "name": "NSQ 消息堆积",
                "pos": {
                    "h": 17,
                    "i": "chrt_2d90bfe6a50d4438b72099027868dcd9",
                    "w": 6,
                    "x": 12,
                    "y": 0
                },
                "type": "sequence",
                "queries": [
                    {
                        "name": "",
                        "type": "sequence",
                        "unit": "",
                        "color": "",
                        "qtype": "dql",
                        "query": {
                            "q": "M::`nsq_topics`:(LAST(`depth`)) { `topic` = re('.*(metric|log|influx|es).*') } BY `topic`",
                            "code": "A",
                            "fill": null,
                            "type": "simple",
                            "alias": "",
                            "field": "depth",
                            "filters": [
                                {
                                    "id": "f9e1b430-fc04-11ec-8298-477acbdb7703",
                                    "op": "=~",
                                    "name": "topic",
                                    "type": "",
                                    "logic": "and",
                                    "value": ".*(metric|log|influx|es).*"
                                }
                            ],
                            "groupBy": [
                                "topic"
                            ],
                            "funcList": [],
                            "fieldFunc": "last",
                            "fieldType": "integer",
                            "namespace": "metric",
                            "dataSource": "nsq_topics",
                            "queryFuncs": [],
                            "groupByTime": ""
                        },
                        "datasource": "dataflux"
                    }
                ]
            }
        ],
        "groups": [],
        "type": "template"
    }
}