{
    "title": "kodo 相关服务 429 & 5xx 错误统计",
    "dashboardType": "CUSTOM",
    "dashboardExtend": {},
    "dashboardMapping": [],
    "dashboardOwnerType": "node",
    "iconSet": {},
    "dashboardBindSet": [],
    "thumbnail": "",
    "tags": [],
    "summary": "",
    "main": {
        "vars": [],
        "charts": [
            {
                "extend": {
                    "settings": {
                        "units": [],
                        "colors": [
                            {
                                "key": "大于500{\"source\": \"kodo-x\"}",
                                "name": "大于500{\"source\": \"kodo-x\"}",
                                "color": "#FE4949"
                            },
                            {
                                "key": "429{\"source\": \"kodo-x\"}",
                                "name": "429{\"source\": \"kodo-x\"}",
                                "color": "#FFBD5F"
                            }
                        ],
                        "levels": [],
                        "density": "lower",
                        "showLine": false,
                        "chartType": "areaLine",
                        "fixedTime": "",
                        "isPercent": false,
                        "openStack": false,
                        "showTitle": true,
                        "stackType": "time",
                        "titleDesc": "",
                        "compareType": "",
                        "openCompare": false,
                        "compareTitle": "",
                        "timeInterval": "default",
                        "xAxisShowType": "time",
                        "isTimeInterval": true,
                        "currentChartType": "sequence",
                        "showFieldMapping": false
                    },
                    "fixedTime": ""
                },
                "group": {
                    "name": null
                },
                "name": "Kodo 429 & 5xx 错误统计",
                "pos": {
                    "h": 16,
                    "i": "chrt_afdfe6eacb684814b38ffe0f18c8a514",
                    "w": 14,
                    "x": 10,
                    "y": 0
                },
                "type": "sequence",
                "queries": [
                    {
                        "name": "",
                        "type": "sequence",
                        "unit": "",
                        "color": "",
                        "qtype": "dql",
                        "query": {
                            "q": "L::RE(`.*`):(COUNT(`*`) AS `大于500`) { `status` != 'info' and `error_code` >= '500' } BY `source`",
                            "code": "A",
                            "fill": null,
                            "type": "simple",
                            "alias": "大于500",
                            "field": "*",
                            "fillNum": null,
                            "filters": [
                                {
                                    "id": "33432d90-c6df-11ec-b03a-b1b741301a47",
                                    "op": "!=",
                                    "name": "status",
                                    "logic": "and",
                                    "value": "info"
                                },
                                {
                                    "id": "33432d91-c6df-11ec-b03a-b1b741301a47",
                                    "op": ">=",
                                    "name": "error_code",
                                    "logic": "and",
                                    "value": "500"
                                }
                            ],
                            "groupBy": [
                                "source"
                            ],
                            "funcList": [],
                            "fieldFunc": "count",
                            "fieldType": "",
                            "namespace": "logging",
                            "dataSource": "*",
                            "queryFuncs": [],
                            "withLabels": [],
                            "groupByTime": ""
                        },
                        "datasource": "dataflux"
                    },
                    {
                        "name": "",
                        "type": "sequence",
                        "unit": "",
                        "color": "",
                        "qtype": "dql",
                        "query": {
                            "q": "L::RE(`.*`):(COUNT(`*`) AS `429`) { `status` != 'info' and `error_code` = 429 } BY `source`",
                            "code": "B",
                            "fill": "",
                            "type": "simple",
                            "alias": "429",
                            "field": "*",
                            "filters": [
                                {
                                    "id": "d126c800-c77a-11ec-941a-77c81cfde699",
                                    "op": "!=",
                                    "name": "status",
                                    "type": "keyword",
                                    "logic": "and",
                                    "value": "info"
                                },
                                {
                                    "id": "d7351300-c77a-11ec-941a-77c81cfde699",
                                    "op": "=",
                                    "name": "error_code",
                                    "type": "long",
                                    "logic": "and",
                                    "value": "429"
                                }
                            ],
                            "groupBy": [
                                "source"
                            ],
                            "funcList": [],
                            "fieldFunc": "count",
                            "fieldType": "",
                            "namespace": "logging",
                            "dataSource": "*",
                            "queryFuncs": [],
                            "groupByTime": ""
                        },
                        "datasource": "dataflux"
                    }
                ]
            },
            {
                "extend": {
                    "settings": {
                        "units": [],
                        "colors": [],
                        "levels": [],
                        "fixedTime": "",
                        "inColumns": [
                            {
                                "field": "time",
                                "headerName": "时间",
                                "showTooltip": false,
                                "filterParams": {},
                                "cellRendererFramework": "StatusCellRender"
                            }
                        ],
                        "showTitle": true,
                        "titleDesc": "",
                        "addColumns": [
                            {
                                "hide": true,
                                "field": "status"
                            },
                            {
                                "hide": true,
                                "field": "__docid"
                            },
                            {
                                "field": "source"
                            },
                            {
                                "field": "message",
                                "headerName": "内容"
                            }
                        ],
                        "valMappings": [],
                        "timeInterval": "",
                        "isTimeInterval": false,
                        "currentChartType": "log",
                        "showFieldMapping": false,
                        "valColorMappings": []
                    },
                    "fixedTime": ""
                },
                "group": {
                    "name": null
                },
                "name": "kodo 5xx 错误日志",
                "pos": {
                    "h": 39,
                    "i": "chrt_169f69dc7f9e46948c9ac3024469dc73",
                    "w": 12,
                    "x": 12,
                    "y": 16
                },
                "type": "log",
                "queries": [
                    {
                        "name": "",
                        "type": "log",
                        "unit": "",
                        "color": "",
                        "qtype": "dql",
                        "query": {
                            "q": "L::RE(`.*`):(`status`, `__docid`, `source`, `message`) { `error_code` >= '500' and `source` = re('.*kodo.*') }",
                            "code": "A",
                            "fill": null,
                            "type": "simple",
                            "alias": "内容",
                            "field": null,
                            "fields": [
                                {
                                    "hide": true,
                                    "field": "status"
                                },
                                {
                                    "hide": true,
                                    "field": "__docid"
                                },
                                {
                                    "field": "source"
                                },
                                {
                                    "alias": "内容",
                                    "field": "message"
                                }
                            ],
                            "search": "",
                            "filters": [
                                {
                                    "id": "2c040b00-c52f-11ec-aaba-557973be4e97",
                                    "op": ">=",
                                    "name": "error_code",
                                    "type": "",
                                    "logic": "and",
                                    "value": "500"
                                },
                                {
                                    "id": "d6fc3920-d014-11ec-9af0-77f52f5ff007",
                                    "op": "=~",
                                    "name": "source",
                                    "type": "keyword",
                                    "logic": "and",
                                    "value": "kodo"
                                }
                            ],
                            "groupBy": [],
                            "funcList": [],
                            "fieldFunc": "last",
                            "fieldType": "text",
                            "namespace": "logging",
                            "dataSource": "*",
                            "queryFuncs": [],
                            "groupByTime": "",
                            "disableMultipleField": false
                        },
                        "datasource": "dataflux",
                        "noTimeRange": false
                    }
                ]
            },
            {
                "extend": {
                    "settings": {
                        "units": [],
                        "colors": [],
                        "levels": [],
                        "bgColor": "#FFBD5F",
                        "mappings": [],
                        "showLine": true,
                        "fixedTime": "1h",
                        "fontColor": "",
                        "lineColor": "#3AB8FF",
                        "precision": "2",
                        "showTitle": true,
                        "titleDesc": "",
                        "downsample": "last",
                        "compareType": "",
                        "openCompare": false,
                        "compareTitle": "",
                        "showLineAxis": false,
                        "timeInterval": "default",
                        "isTimeInterval": false,
                        "currentChartType": "singlestat",
                        "showFieldMapping": false
                    },
                    "fixedTime": {
                        "key": "1h",
                        "text": "最近1小时"
                    }
                },
                "group": {
                    "name": null
                },
                "name": "1 小时 429 错误统计",
                "pos": {
                    "h": 16,
                    "i": "chrt_d45332ef240d43919980a7d78598060d",
                    "w": 5,
                    "x": 0,
                    "y": 0
                },
                "type": "singlestat",
                "queries": [
                    {
                        "name": "",
                        "type": "singlestat",
                        "unit": "",
                        "color": "",
                        "qtype": "dql",
                        "query": {
                            "q": "L::RE(`.*`):(COUNT(`*`)) { `error_code` = '429' and `status` != 'info' and `source` = re('.*kodo.*') }",
                            "code": "A",
                            "fill": null,
                            "type": "simple",
                            "alias": "",
                            "field": "*",
                            "fillNum": null,
                            "filters": [
                                {
                                    "id": "ec3e7bc1-c6de-11ec-b03a-b1b741301a47",
                                    "op": "=",
                                    "name": "error_code",
                                    "type": "",
                                    "logic": "and",
                                    "value": "429"
                                },
                                {
                                    "id": "2c013df0-c776-11ec-941a-77c81cfde699",
                                    "op": "!=",
                                    "name": "status",
                                    "type": "keyword",
                                    "logic": "and",
                                    "value": "info"
                                },
                                {
                                    "id": "589f9720-d014-11ec-9af0-77f52f5ff007",
                                    "op": "=~",
                                    "name": "source",
                                    "type": "keyword",
                                    "logic": "and",
                                    "value": "kodo"
                                }
                            ],
                            "groupBy": [],
                            "funcList": [
                                "last"
                            ],
                            "fieldFunc": "count",
                            "fieldType": "",
                            "namespace": "logging",
                            "dataSource": "*",
                            "queryFuncs": [],
                            "withLabels": [],
                            "groupByTime": ""
                        },
                        "datasource": "dataflux"
                    }
                ]
            },
            {
                "extend": {
                    "settings": {
                        "units": [],
                        "colors": [],
                        "levels": [],
                        "bgColor": "#41CEC7",
                        "mappings": [],
                        "showLine": true,
                        "fixedTime": "1h",
                        "fontColor": "#F02D40",
                        "lineColor": "#3AB8FF",
                        "precision": "2",
                        "showTitle": true,
                        "titleDesc": "",
                        "downsample": "last",
                        "compareType": "",
                        "openCompare": false,
                        "compareTitle": "",
                        "showLineAxis": false,
                        "timeInterval": "default",
                        "isTimeInterval": false,
                        "currentChartType": "singlestat",
                        "showFieldMapping": false
                    },
                    "fixedTime": {
                        "key": "1h",
                        "text": "最近1小时"
                    }
                },
                "group": {
                    "name": null
                },
                "name": "1 小时 5xx 错误统计",
                "pos": {
                    "h": 16,
                    "i": "chrt_6157881769014f37a86acb7c6cbaa0dc",
                    "w": 5,
                    "x": 5,
                    "y": 0
                },
                "type": "singlestat",
                "queries": [
                    {
                        "name": "",
                        "type": "singlestat",
                        "unit": "",
                        "color": "",
                        "qtype": "dql",
                        "query": {
                            "q": "L::RE(`.*`):(COUNT(`*`)) { `error_code` >= '500' and `status` != 'info' and `source` = re('.*kodo.*') }",
                            "code": "A",
                            "fill": null,
                            "type": "simple",
                            "alias": "",
                            "field": "*",
                            "fillNum": null,
                            "filters": [
                                {
                                    "id": "d05ce520-c776-11ec-941a-77c81cfde699",
                                    "op": ">=",
                                    "name": "error_code",
                                    "logic": "and",
                                    "value": 500
                                },
                                {
                                    "id": "d05ce521-c776-11ec-941a-77c81cfde699",
                                    "op": "!=",
                                    "name": "status",
                                    "logic": "and",
                                    "value": "info"
                                },
                                {
                                    "id": "8d63e420-d014-11ec-9af0-77f52f5ff007",
                                    "op": "=~",
                                    "name": "source",
                                    "type": "keyword",
                                    "logic": "and",
                                    "value": "kodo"
                                }
                            ],
                            "groupBy": [],
                            "funcList": [
                                "last"
                            ],
                            "fieldFunc": "count",
                            "fieldType": "",
                            "namespace": "logging",
                            "dataSource": "*",
                            "queryFuncs": [],
                            "withLabels": [],
                            "groupByTime": ""
                        },
                        "datasource": "dataflux"
                    }
                ]
            },
            {
                "extend": {
                    "settings": {
                        "units": [],
                        "colors": [],
                        "levels": [],
                        "fixedTime": "",
                        "inColumns": [
                            {
                                "field": "time",
                                "headerName": "时间",
                                "showTooltip": false,
                                "filterParams": {},
                                "cellRendererFramework": "StatusCellRender"
                            }
                        ],
                        "showTitle": true,
                        "titleDesc": "",
                        "addColumns": [
                            {
                                "hide": true,
                                "field": "status"
                            },
                            {
                                "hide": true,
                                "field": "__docid"
                            },
                            {
                                "field": "source"
                            },
                            {
                                "field": "message",
                                "headerName": "内容"
                            }
                        ],
                        "valMappings": [],
                        "timeInterval": "",
                        "isTimeInterval": false,
                        "currentChartType": "log",
                        "showFieldMapping": false,
                        "valColorMappings": []
                    },
                    "fixedTime": ""
                },
                "group": {
                    "name": null
                },
                "name": "kodo 429 错误日志",
                "pos": {
                    "h": 39,
                    "i": "chrt_921a984326fe4cc5ab2bf63c1520f726",
                    "w": 12,
                    "x": 0,
                    "y": 16
                },
                "type": "log",
                "queries": [
                    {
                        "name": "",
                        "type": "log",
                        "unit": "",
                        "color": "",
                        "qtype": "dql",
                        "query": {
                            "q": "L::RE(`.*`):(`status`, `__docid`, `source`, `message`) { `status` != 'info' and `error_code` = 429 and `source` = re('.*kodo.*') }",
                            "code": "A",
                            "fill": null,
                            "type": "simple",
                            "alias": "内容",
                            "field": null,
                            "fields": [
                                {
                                    "hide": true,
                                    "field": "status"
                                },
                                {
                                    "hide": true,
                                    "field": "__docid"
                                },
                                {
                                    "field": "source"
                                },
                                {
                                    "alias": "内容",
                                    "field": "message"
                                }
                            ],
                            "filters": [
                                {
                                    "id": "1e8d8a20-c77b-11ec-941a-77c81cfde699",
                                    "op": "!=",
                                    "name": "status",
                                    "type": "keyword",
                                    "logic": "and",
                                    "value": "info"
                                },
                                {
                                    "id": "24474c80-c77b-11ec-941a-77c81cfde699",
                                    "op": "=",
                                    "name": "error_code",
                                    "type": "long",
                                    "logic": "and",
                                    "value": "429"
                                },
                                {
                                    "id": "b3a3c2e0-d014-11ec-9af0-77f52f5ff007",
                                    "op": "=~",
                                    "name": "source",
                                    "type": "keyword",
                                    "logic": "and",
                                    "value": "kodo"
                                }
                            ],
                            "groupBy": [],
                            "funcList": [],
                            "fieldFunc": "last",
                            "fieldType": "text",
                            "namespace": "logging",
                            "dataSource": "*",
                            "queryFuncs": [],
                            "groupByTime": "",
                            "disableMultipleField": false
                        },
                        "datasource": "dataflux",
                        "noTimeRange": false
                    }
                ]
            }
        ],
        "groups": [],
        "type": "template"
    }
}