{
    "title": "kodo-inner",
    "dashboardType": "CUSTOM",
    "dashboardExtend": {},
    "dashboardMapping": [],
    "dashboardOwnerType": "node",
    "iconSet": {},
    "dashboardBindSet": [],
    "thumbnail": "",
    "tags": [],
    "summary": "",
    "main": {
        "vars": [],
        "charts": [
            {
                "extend": {
                    "settings": {
                        "units": [
                            {
                                "key": "count(source)",
                                "name": "count(source)",
                                "unit": "个",
                                "units": [
                                    "custom",
                                    "个"
                                ]
                            }
                        ],
                        "colors": [],
                        "levels": [],
                        "bgColor": "",
                        "mappings": [],
                        "showLine": false,
                        "fixedTime": "",
                        "fontColor": "#156BC5",
                        "lineColor": "#3AB8FF",
                        "precision": "2",
                        "showTitle": true,
                        "titleDesc": "",
                        "downsample": "last",
                        "compareType": "",
                        "openCompare": false,
                        "compareTitle": "",
                        "showLineAxis": false,
                        "timeInterval": "default",
                        "isTimeInterval": false,
                        "currentChartType": "singlestat",
                        "showFieldMapping": false
                    },
                    "fixedTime": ""
                },
                "group": {
                    "name": "kodo-inner-gin"
                },
                "name": "当前记录数",
                "pos": {
                    "h": 13,
                    "i": "chrt_40f40ed1ca594ea28e266d709df51b24",
                    "w": 5,
                    "x": 0,
                    "y": 2.5
                },
                "type": "singlestat",
                "queries": [
                    {
                        "name": "",
                        "type": "singlestat",
                        "unit": "",
                        "color": "",
                        "qtype": "dql",
                        "query": {
                            "q": "L::`kodo-inner`:(COUNT(`create_time`)) { `log_type` = 'gin' }",
                            "code": "A",
                            "fill": null,
                            "type": "simple",
                            "alias": "",
                            "field": "create_time",
                            "fillNum": null,
                            "filters": [
                                {
                                    "id": "11c996c0-6f7a-11ec-9b58-8d9edc36619c",
                                    "op": "=",
                                    "name": "log_type",
                                    "type": "keyword",
                                    "logic": "and",
                                    "value": "gin"
                                }
                            ],
                            "groupBy": [],
                            "funcList": [
                                "last"
                            ],
                            "fieldFunc": "count",
                            "fieldType": "long",
                            "namespace": "logging",
                            "dataSource": "kodo-inner",
                            "queryFuncs": [],
                            "withLabels": [],
                            "groupByTime": ""
                        },
                        "datasource": "dataflux"
                    }
                ]
            },
            {
                "extend": {
                    "settings": {
                        "units": [],
                        "colors": [],
                        "levels": [],
                        "chartType": "pie",
                        "fixedTime": "",
                        "showTitle": true,
                        "titleDesc": "",
                        "showLegend": true,
                        "timeInterval": "default",
                        "isTimeInterval": false,
                        "currentChartType": "pie",
                        "showFieldMapping": false
                    },
                    "fixedTime": "",
                    "fixedGroupByTime": null
                },
                "group": {
                    "name": "kodo-inner-gin"
                },
                "name": "kodo-inner-gin状态分布",
                "pos": {
                    "h": 13,
                    "i": "chrt_e7f16c720c474828968a5a0ace1aaa9a",
                    "w": 9,
                    "x": 15,
                    "y": 2.5
                },
                "type": "pie",
                "queries": [
                    {
                        "name": "",
                        "type": "pie",
                        "unit": "",
                        "color": "",
                        "qtype": "dql",
                        "query": {
                            "q": "L::`kodo-inner`:(COUNT(`create_time`) AS `status`) { `log_type` = 'gin' } BY `status`",
                            "code": "A",
                            "fill": null,
                            "type": "simple",
                            "alias": "status",
                            "field": "create_time",
                            "fillNum": null,
                            "filters": [
                                {
                                    "id": "d32ec140-6f7b-11ec-9b58-8d9edc36619c",
                                    "op": "=",
                                    "name": "log_type",
                                    "type": "keyword",
                                    "logic": "and",
                                    "value": "gin"
                                }
                            ],
                            "groupBy": [
                                "status"
                            ],
                            "funcList": [
                                "last"
                            ],
                            "fieldFunc": "count",
                            "fieldType": "long",
                            "namespace": "logging",
                            "dataSource": "kodo-inner",
                            "queryFuncs": [],
                            "withLabels": [],
                            "groupByTime": ""
                        },
                        "disabled": false,
                        "datasource": "dataflux"
                    }
                ]
            },
            {
                "extend": {
                    "settings": {
                        "units": [],
                        "colors": [],
                        "levels": [],
                        "levelArr": [],
                        "fixedTime": "",
                        "showTitle": true,
                        "titleDesc": "",
                        "colorLevel": 3,
                        "rangeColor": "",
                        "showLegend": false,
                        "timeInterval": "default",
                        "rangeColorKey": "light-blue",
                        "isTimeInterval": false,
                        "currentChartType": "treemap",
                        "showFieldMapping": false,
                        "mainMeasurementSort": "top",
                        "mainMeasurementLimit": 20,
                        "mainMeasurementQueryCode": "A"
                    },
                    "fixedTime": "",
                    "fixedGroupByTime": null
                },
                "group": {
                    "name": "kodo-inner-gin"
                },
                "name": "client_ip",
                "pos": {
                    "h": 19,
                    "i": "chrt_c385db5822f647338be43dfc60e7760c",
                    "w": 12,
                    "x": 12,
                    "y": 54.5
                },
                "type": "treemap",
                "queries": [
                    {
                        "name": "",
                        "type": "treemap",
                        "unit": "",
                        "color": "",
                        "qtype": "dql",
                        "query": {
                            "q": "L::`kodo-inner`:(COUNT(`create_time`)) { `log_type` = 'gin' } BY `client_ip`",
                            "code": "A",
                            "fill": null,
                            "type": "simple",
                            "alias": "",
                            "field": "create_time",
                            "fillNum": null,
                            "filters": [
                                {
                                    "id": "1c6b3aa0-6f7c-11ec-9b58-8d9edc36619c",
                                    "op": "=",
                                    "name": "log_type",
                                    "type": "keyword",
                                    "logic": "and",
                                    "value": "gin"
                                }
                            ],
                            "groupBy": [
                                "client_ip"
                            ],
                            "funcList": [],
                            "fieldFunc": "count",
                            "fieldType": "long",
                            "namespace": "logging",
                            "dataSource": "kodo-inner",
                            "queryFuncs": [],
                            "withLabels": [],
                            "groupByTime": ""
                        },
                        "datasource": "dataflux"
                    }
                ]
            },
            {
                "extend": {
                    "settings": {
                        "units": [
                            {
                                "key": "result",
                                "name": "result",
                                "unit": "",
                                "units": [
                                    "percent",
                                    "percent"
                                ]
                            }
                        ],
                        "colors": [],
                        "levels": [],
                        "bgColor": "",
                        "mappings": [],
                        "showLine": false,
                        "fixedTime": "",
                        "fontColor": "#F02D67",
                        "lineColor": "#3AB8FF",
                        "precision": "2",
                        "showTitle": true,
                        "titleDesc": "",
                        "downsample": "last",
                        "compareType": "",
                        "openCompare": false,
                        "compareTitle": "",
                        "showLineAxis": false,
                        "timeInterval": "default",
                        "isTimeInterval": false,
                        "currentChartType": "singlestat",
                        "showFieldMapping": false
                    },
                    "fixedTime": ""
                },
                "group": {
                    "name": "kodo-inner-gin"
                },
                "name": "错误率",
                "pos": {
                    "h": 13,
                    "i": "chrt_c9272711099d414db69ad5b9b539d497",
                    "w": 5,
                    "x": 5,
                    "y": 2.5
                },
                "type": "singlestat",
                "queries": [
                    {
                        "name": "",
                        "type": "singlestat",
                        "unit": "",
                        "color": "",
                        "qtype": "dql",
                        "query": {
                            "q": "F::dataflux__dql:(EXEC_FORMULA(expr='(A / B ) * 100', A=dql(\"L::`kodo-inner`:(COUNT(`create_time`)) { `status` = 'error' and `log_type` = 'gin' }\"), B=dql(\"L::`kodo-inner`:(COUNT(`create_time`)) { `log_type` = 'gin' }\")))",
                            "code": "A",
                            "type": "expression",
                            "alias": "",
                            "children": [
                                {
                                    "q": "L::`kodo-inner`:(COUNT(`create_time`)) { `status` = 'error' and `log_type` = 'gin' }",
                                    "code": "A",
                                    "fill": null,
                                    "type": "simple",
                                    "alias": "",
                                    "field": "create_time",
                                    "fillNum": null,
                                    "filters": [
                                        {
                                            "id": "81ac8370-6f7b-11ec-9b58-8d9edc36619c",
                                            "op": "=",
                                            "name": "status",
                                            "logic": "and",
                                            "value": "error"
                                        },
                                        {
                                            "id": "85dbae30-6f7b-11ec-9b58-8d9edc36619c",
                                            "op": "=",
                                            "name": "log_type",
                                            "type": "keyword",
                                            "logic": "and",
                                            "value": "gin"
                                        }
                                    ],
                                    "groupBy": [],
                                    "fieldFunc": "count",
                                    "fieldType": "long",
                                    "namespace": "logging",
                                    "dataSource": "kodo-inner",
                                    "queryFuncs": [],
                                    "withLabels": [],
                                    "groupByTime": ""
                                },
                                {
                                    "q": "L::`kodo-inner`:(COUNT(`create_time`)) { `log_type` = 'gin' }",
                                    "code": "B",
                                    "fill": null,
                                    "type": "simple",
                                    "alias": "",
                                    "field": "create_time",
                                    "fillNum": null,
                                    "filters": [
                                        {
                                            "id": "8d236390-6f7b-11ec-9b58-8d9edc36619c",
                                            "op": "=",
                                            "name": "log_type",
                                            "type": "keyword",
                                            "logic": "and",
                                            "value": "gin"
                                        }
                                    ],
                                    "groupBy": [],
                                    "funcList": [],
                                    "fieldFunc": "count",
                                    "fieldType": "long",
                                    "namespace": "logging",
                                    "dataSource": "kodo-inner",
                                    "queryFuncs": [],
                                    "withLabels": [],
                                    "groupByTime": ""
                                }
                            ],
                            "funcList": [
                                "last"
                            ],
                            "expression": "(A / B ) * 100"
                        },
                        "datasource": "dataflux"
                    }
                ]
            },
            {
                "extend": {
                    "settings": {
                        "units": [],
                        "colors": [],
                        "levels": [],
                        "levelArr": [],
                        "fixedTime": "",
                        "showTitle": true,
                        "titleDesc": "",
                        "colorLevel": 3,
                        "rangeColor": "",
                        "showLegend": false,
                        "timeInterval": "default",
                        "rangeColorKey": "light-blue",
                        "isTimeInterval": false,
                        "currentChartType": "treemap",
                        "showFieldMapping": false,
                        "mainMeasurementSort": "top",
                        "mainMeasurementLimit": 20,
                        "mainMeasurementQueryCode": "A"
                    },
                    "fixedTime": "",
                    "fixedGroupByTime": null
                },
                "group": {
                    "name": "kodo-inner-gin"
                },
                "name": "请求占比",
                "pos": {
                    "h": 19,
                    "i": "chrt_5df7931a832b4b54884ca664ea0beec2",
                    "w": 12,
                    "x": 0,
                    "y": 54.5
                },
                "type": "treemap",
                "queries": [
                    {
                        "name": "",
                        "type": "treemap",
                        "unit": "",
                        "color": "",
                        "qtype": "dql",
                        "query": {
                            "q": "L::`kodo-inner`:(COUNT(`create_time`)) { `log_type` = 'gin' } BY `http_url`",
                            "code": "A",
                            "fill": null,
                            "type": "simple",
                            "alias": "",
                            "field": "create_time",
                            "fillNum": null,
                            "filters": [
                                {
                                    "id": "12a5db10-6f7c-11ec-9b58-8d9edc36619c",
                                    "op": "=",
                                    "name": "log_type",
                                    "type": "keyword",
                                    "logic": "and",
                                    "value": "gin"
                                }
                            ],
                            "groupBy": [
                                "http_url"
                            ],
                            "funcList": [],
                            "fieldFunc": "count",
                            "fieldType": "long",
                            "namespace": "logging",
                            "dataSource": "kodo-inner",
                            "queryFuncs": [],
                            "withLabels": [],
                            "groupByTime": ""
                        },
                        "datasource": "dataflux"
                    }
                ]
            },
            {
                "extend": {
                    "settings": {
                        "units": [],
                        "colors": [],
                        "levels": [],
                        "density": "medium",
                        "showLine": false,
                        "chartType": "line",
                        "fixedTime": "",
                        "isPercent": false,
                        "openStack": false,
                        "showTitle": true,
                        "stackType": "time",
                        "titleDesc": "",
                        "compareType": "",
                        "openCompare": false,
                        "compareTitle": "",
                        "timeInterval": "default",
                        "xAxisShowType": "time",
                        "isTimeInterval": true,
                        "currentChartType": "sequence",
                        "showFieldMapping": false
                    },
                    "fixedTime": ""
                },
                "group": {
                    "name": "kodo-inner-gin"
                },
                "name": "kodo-inner请求趋势",
                "pos": {
                    "h": 21,
                    "i": "chrt_451eaf8995d24416afaf5e3f97f85ba8",
                    "w": 12,
                    "x": 12,
                    "y": 33.5
                },
                "type": "sequence",
                "queries": [
                    {
                        "name": "",
                        "type": "sequence",
                        "unit": "",
                        "color": "",
                        "qtype": "dql",
                        "query": {
                            "q": "NON_NEGATIVE_DERIVATIVE(\"L::`kodo-inner`:(COUNT(`create_time`)) { `log_type` = 'gin' } BY `method`\")",
                            "code": "A",
                            "fill": null,
                            "type": "simple",
                            "alias": "",
                            "field": "create_time",
                            "fillNum": null,
                            "filters": [
                                {
                                    "id": "05840a10-6f7c-11ec-9b58-8d9edc36619c",
                                    "op": "=",
                                    "name": "log_type",
                                    "type": "keyword",
                                    "logic": "and",
                                    "value": "gin"
                                }
                            ],
                            "groupBy": [
                                "method"
                            ],
                            "funcList": [],
                            "fieldFunc": "count",
                            "fieldType": "long",
                            "namespace": "logging",
                            "dataSource": "kodo-inner",
                            "queryFuncs": [
                                {
                                    "args": [],
                                    "name": "non_negative_derivative"
                                }
                            ],
                            "withLabels": [],
                            "groupByTime": ""
                        },
                        "datasource": "dataflux"
                    }
                ]
            },
            {
                "extend": {
                    "settings": {
                        "bar": {
                            "direction": "horizontal",
                            "xAxisShowType": "groupBy"
                        },
                        "color": "#498BFE",
                        "table": {
                            "queryMode": "toGroupColumn"
                        },
                        "units": [
                            {
                                "key": "max(cost_time)",
                                "name": "max(cost_time)",
                                "unit": "",
                                "units": [
                                    "time",
                                    "ms"
                                ]
                            }
                        ],
                        "colors": [
                            {
                                "key": "max(cost_time){\"http_url\": \"\\\"/v1/election?token=tkn_d03507b11039446caee018ab1e1ce870&id=cloudflux-node02&namespace=\\\"\"}",
                                "name": "max(cost_time){\"http_url\": \"\\\"/v1/election?token=tkn_d03507b11039446caee018ab1e1ce870&id=cloudflux-node02&namespace=\\\"\"}",
                                "color": "#498BFE"
                            }
                        ],
                        "levels": [],
                        "topSize": 10,
                        "chartType": "bar",
                        "fixedTime": "",
                        "showTitle": true,
                        "titleDesc": "",
                        "openCompare": false,
                        "showTopSize": true,
                        "timeInterval": "default",
                        "showTableHead": true,
                        "tableSortType": "top",
                        "isTimeInterval": false,
                        "currentChartType": "toplist",
                        "showFieldMapping": false,
                        "tableSortMetricName": ""
                    },
                    "fixedTime": "",
                    "fixedGroupByTime": null
                },
                "group": {
                    "name": "kodo-inner-gin"
                },
                "name": "耗时排行榜",
                "pos": {
                    "h": 21,
                    "i": "chrt_48fcf8aab2c44cd0b0cbbe8d6e201f13",
                    "w": 12,
                    "x": 0,
                    "y": 33.5
                },
                "type": "toplist",
                "queries": [
                    {
                        "name": "",
                        "type": "toplist",
                        "unit": "",
                        "color": "",
                        "qtype": "dql",
                        "query": {
                            "q": "L::`kodo-inner`:(MAX(`cost_time`)) { `log_type` = 'gin' } BY `http_url`",
                            "code": "A",
                            "fill": null,
                            "type": "simple",
                            "alias": "",
                            "field": "cost_time",
                            "fillNum": null,
                            "filters": [
                                {
                                    "id": "f8fc0810-6f7b-11ec-9b58-8d9edc36619c",
                                    "op": "=",
                                    "name": "log_type",
                                    "type": "keyword",
                                    "logic": "and",
                                    "value": "gin"
                                }
                            ],
                            "groupBy": [
                                "http_url"
                            ],
                            "funcList": [
                                "last",
                                "top:10"
                            ],
                            "fieldFunc": "max",
                            "fieldType": "long",
                            "namespace": "logging",
                            "dataSource": "kodo-inner",
                            "queryFuncs": [],
                            "withLabels": [],
                            "groupByTime": ""
                        },
                        "datasource": "dataflux"
                    }
                ]
            },
            {
                "extend": {
                    "settings": {
                        "units": [],
                        "colors": [],
                        "levels": [],
                        "pageSize": 0,
                        "fixedTime": "",
                        "queryMode": "toGroupColumn",
                        "showTitle": true,
                        "titleDesc": "",
                        "timeInterval": "default",
                        "isTimeInterval": false,
                        "currentChartType": "table",
                        "showFieldMapping": false
                    },
                    "fixedTime": ""
                },
                "group": {
                    "name": "kodo-inner-gin"
                },
                "name": "错误统计",
                "pos": {
                    "h": 18,
                    "i": "chrt_6d5b4f8f74bd48e7beea9f1f500e2789",
                    "w": 12,
                    "x": 0,
                    "y": 15.5
                },
                "type": "table",
                "queries": [
                    {
                        "name": "",
                        "type": "table",
                        "unit": "",
                        "color": "",
                        "qtype": "dql",
                        "query": {
                            "q": "L::`kodo-inner`:(COUNT(`create_time`)) { `status` = 'error' and `log_type` = 'gin' } BY `http_url`",
                            "code": "A",
                            "fill": null,
                            "type": "simple",
                            "alias": "",
                            "field": "create_time",
                            "fillNum": null,
                            "filters": [
                                {
                                    "id": "dd613a80-6f7b-11ec-9b58-8d9edc36619c",
                                    "op": "=",
                                    "name": "status",
                                    "logic": "and",
                                    "value": "error"
                                },
                                {
                                    "id": "de608210-6f7b-11ec-9b58-8d9edc36619c",
                                    "op": "=",
                                    "name": "log_type",
                                    "type": "keyword",
                                    "logic": "and",
                                    "value": "gin"
                                }
                            ],
                            "groupBy": [
                                "http_url"
                            ],
                            "funcList": [
                                "last",
                                "top:20"
                            ],
                            "fieldFunc": "count",
                            "fieldType": "long",
                            "namespace": "logging",
                            "dataSource": "kodo-inner",
                            "queryFuncs": [],
                            "withLabels": [],
                            "groupByTime": ""
                        },
                        "datasource": "dataflux"
                    }
                ]
            },
            {
                "extend": {
                    "settings": {
                        "units": [],
                        "colors": [],
                        "levels": [],
                        "pageSize": 0,
                        "fixedTime": "",
                        "queryMode": "toGroupColumn",
                        "showTitle": true,
                        "titleDesc": "",
                        "timeInterval": "default",
                        "isTimeInterval": false,
                        "currentChartType": "table",
                        "showFieldMapping": false
                    },
                    "fixedTime": ""
                },
                "group": {
                    "name": "kodo-inner-gin"
                },
                "name": "非info 日志状态统计",
                "pos": {
                    "h": 18,
                    "i": "chrt_17810168d01c4394b696c25405255d45",
                    "w": 12,
                    "x": 12,
                    "y": 15.5
                },
                "type": "table",
                "queries": [
                    {
                        "name": "",
                        "type": "table",
                        "unit": "",
                        "color": "",
                        "qtype": "dql",
                        "query": {
                            "q": "L::`kodo-inner`:(COUNT(`create_time`)) { `status` != 'info' and `log_type` = 'gin' } BY `http_url`, `status`",
                            "code": "A",
                            "fill": null,
                            "type": "simple",
                            "alias": "",
                            "field": "create_time",
                            "fillNum": null,
                            "filters": [
                                {
                                    "id": "eaef61e0-6f7b-11ec-9b58-8d9edc36619c",
                                    "op": "!=",
                                    "name": "status",
                                    "logic": "and",
                                    "value": "info"
                                },
                                {
                                    "id": "ebe42220-6f7b-11ec-9b58-8d9edc36619c",
                                    "op": "=",
                                    "name": "log_type",
                                    "type": "keyword",
                                    "logic": "and",
                                    "value": "gin"
                                }
                            ],
                            "groupBy": [
                                "http_url",
                                "status"
                            ],
                            "funcList": [
                                "last",
                                "top:5"
                            ],
                            "fieldFunc": "count",
                            "fieldType": "long",
                            "namespace": "logging",
                            "dataSource": "kodo-inner",
                            "queryFuncs": [],
                            "withLabels": [],
                            "groupByTime": ""
                        },
                        "datasource": "dataflux"
                    }
                ]
            },
            {
                "extend": {
                    "settings": {
                        "units": [],
                        "colors": [],
                        "levels": [],
                        "bgColor": "",
                        "mappings": [],
                        "showLine": false,
                        "fixedTime": "",
                        "fontColor": "#146CC9",
                        "lineColor": "#3AB8FF",
                        "precision": "2",
                        "showTitle": true,
                        "titleDesc": "",
                        "downsample": "last",
                        "compareType": "",
                        "openCompare": false,
                        "compareTitle": "",
                        "showLineAxis": false,
                        "timeInterval": "default",
                        "isTimeInterval": false,
                        "currentChartType": "singlestat",
                        "showFieldMapping": false
                    },
                    "fixedTime": ""
                },
                "group": {
                    "name": "kodo-inner-gin"
                },
                "name": "耗时请求超过1s",
                "pos": {
                    "h": 13,
                    "i": "chrt_e4913a58720f4e78ad6f3a5e7807bdf6",
                    "w": 5,
                    "x": 10,
                    "y": 2.5
                },
                "type": "singlestat",
                "queries": [
                    {
                        "name": "",
                        "type": "singlestat",
                        "unit": "",
                        "color": "",
                        "qtype": "dql",
                        "query": {
                            "q": "L::`kodo-inner`:(COUNT(`create_time`)) { `cost_time` >= '1000' and `log_type` = 'gin' }",
                            "code": "A",
                            "fill": null,
                            "type": "simple",
                            "alias": "",
                            "field": "create_time",
                            "fillNum": null,
                            "filters": [
                                {
                                    "id": "c4de8260-6f7b-11ec-9b58-8d9edc36619c",
                                    "op": ">=",
                                    "name": "cost_time",
                                    "logic": "and",
                                    "value": 1000
                                },
                                {
                                    "id": "c5efa440-6f7b-11ec-9b58-8d9edc36619c",
                                    "op": "=",
                                    "name": "log_type",
                                    "type": "keyword",
                                    "logic": "and",
                                    "value": "gin"
                                }
                            ],
                            "groupBy": [],
                            "funcList": [
                                "last"
                            ],
                            "fieldFunc": "count",
                            "fieldType": "long",
                            "namespace": "logging",
                            "dataSource": "kodo-inner",
                            "queryFuncs": [],
                            "withLabels": [],
                            "groupByTime": ""
                        },
                        "datasource": "dataflux"
                    }
                ]
            },
            {
                "extend": {
                    "settings": {
                        "units": [
                            {
                                "key": "count(create_time)",
                                "name": "count(create_time)",
                                "unit": "个",
                                "units": [
                                    "custom",
                                    "个"
                                ]
                            }
                        ],
                        "colors": [],
                        "levels": [],
                        "bgColor": "",
                        "mappings": [],
                        "showLine": false,
                        "fixedTime": "",
                        "fontColor": "#498BFE",
                        "lineColor": "#3AB8FF",
                        "precision": "2",
                        "showTitle": true,
                        "titleDesc": "",
                        "downsample": "last",
                        "compareType": "",
                        "openCompare": false,
                        "compareTitle": "",
                        "showLineAxis": false,
                        "timeInterval": "default",
                        "isTimeInterval": false,
                        "currentChartType": "singlestat",
                        "showFieldMapping": false
                    },
                    "fixedTime": ""
                },
                "group": {
                    "name": "kodo-inner-log"
                },
                "name": "当前kodo-log 记录数",
                "pos": {
                    "h": 14,
                    "i": "chrt_bfed982a3fc64ab7856540ab95ad1cf2",
                    "w": 7,
                    "x": 0,
                    "y": 76
                },
                "type": "singlestat",
                "queries": [
                    {
                        "name": "",
                        "type": "singlestat",
                        "unit": "",
                        "color": "",
                        "qtype": "dql",
                        "query": {
                            "q": "L::`kodo-inner`:(COUNT(`create_time`)) { `log_type` = 'kodo-log' }",
                            "code": "A",
                            "fill": null,
                            "type": "simple",
                            "alias": "",
                            "field": "create_time",
                            "fillNum": null,
                            "filters": [
                                {
                                    "id": "276a79c0-6f7c-11ec-9b58-8d9edc36619c",
                                    "op": "=",
                                    "name": "log_type",
                                    "type": "keyword",
                                    "logic": "and",
                                    "value": "kodo-log"
                                }
                            ],
                            "groupBy": [],
                            "funcList": [
                                "last"
                            ],
                            "fieldFunc": "count",
                            "fieldType": "long",
                            "namespace": "logging",
                            "dataSource": "kodo-inner",
                            "queryFuncs": [],
                            "withLabels": [],
                            "groupByTime": ""
                        },
                        "datasource": "dataflux"
                    }
                ]
            },
            {
                "extend": {
                    "settings": {
                        "units": [],
                        "colors": [],
                        "levels": [],
                        "chartType": "pie",
                        "fixedTime": "",
                        "showTitle": true,
                        "titleDesc": "",
                        "showLegend": true,
                        "timeInterval": "default",
                        "isTimeInterval": false,
                        "currentChartType": "pie",
                        "showFieldMapping": false
                    },
                    "fixedTime": ""
                },
                "group": {
                    "name": "kodo-inner-log"
                },
                "name": "日志状态",
                "pos": {
                    "h": 14,
                    "i": "chrt_6a1f9735858b4519bb5e0b3b2dccf4ed",
                    "w": 10,
                    "x": 14,
                    "y": 76
                },
                "type": "pie",
                "queries": [
                    {
                        "name": "",
                        "type": "pie",
                        "unit": "",
                        "color": "",
                        "qtype": "dql",
                        "query": {
                            "q": "L::`kodo-inner`:(COUNT(`create_time`) AS `status`) { `log_type` = 'kodo-log' } BY `status`",
                            "code": "A",
                            "fill": null,
                            "type": "simple",
                            "alias": "status",
                            "field": "create_time",
                            "fillNum": null,
                            "filters": [
                                {
                                    "id": "4f127400-6f7c-11ec-9b58-8d9edc36619c",
                                    "op": "=",
                                    "name": "log_type",
                                    "type": "keyword",
                                    "logic": "and",
                                    "value": "kodo-log"
                                }
                            ],
                            "groupBy": [
                                "status"
                            ],
                            "funcList": [
                                "last"
                            ],
                            "fieldFunc": "count",
                            "fieldType": "long",
                            "namespace": "logging",
                            "dataSource": "kodo-inner",
                            "queryFuncs": [],
                            "withLabels": [],
                            "groupByTime": ""
                        },
                        "datasource": "dataflux"
                    }
                ]
            },
            {
                "extend": {
                    "settings": {
                        "units": [
                            {
                                "key": "result",
                                "name": "result",
                                "unit": "",
                                "units": [
                                    "percent",
                                    "percent"
                                ]
                            }
                        ],
                        "colors": [],
                        "levels": [],
                        "bgColor": "",
                        "mappings": [],
                        "showLine": false,
                        "fixedTime": "",
                        "fontColor": "#F02D4F",
                        "lineColor": "#3AB8FF",
                        "precision": "2",
                        "showTitle": true,
                        "titleDesc": "",
                        "downsample": "last",
                        "compareType": "",
                        "openCompare": false,
                        "compareTitle": "",
                        "showLineAxis": false,
                        "timeInterval": "default",
                        "isTimeInterval": false,
                        "currentChartType": "singlestat",
                        "showFieldMapping": false
                    },
                    "fixedTime": "",
                    "fixedGroupByTime": null
                },
                "group": {
                    "name": "kodo-inner-log"
                },
                "name": "kodo-log 错误率",
                "pos": {
                    "h": 14,
                    "i": "chrt_47479e3f37ab4710864e405cffd0dc24",
                    "w": 7,
                    "x": 7,
                    "y": 76
                },
                "type": "singlestat",
                "queries": [
                    {
                        "name": "",
                        "type": "singlestat",
                        "unit": "",
                        "color": "",
                        "qtype": "dql",
                        "query": {
                            "q": "F::dataflux__dql:(EXEC_FORMULA(expr='(A / B) * 100', A=dql(\"L::`kodo-inner`:(COUNT(`create_time`)) { `status` = 'error' and `log_type` = 'kodo-log' }\"), B=dql(\"L::`kodo-inner`:(COUNT(`create_time`)) { `log_type` = 'kodo-log' }\")))",
                            "code": "A",
                            "type": "expression",
                            "alias": "",
                            "children": [
                                {
                                    "q": "L::`kodo-inner`:(COUNT(`create_time`)) { `status` = 'error' and `log_type` = 'kodo-log' }",
                                    "code": "A",
                                    "fill": null,
                                    "type": "simple",
                                    "alias": "",
                                    "field": "create_time",
                                    "fillNum": null,
                                    "filters": [
                                        {
                                            "id": "31174840-6f7c-11ec-9b58-8d9edc36619c",
                                            "op": "=",
                                            "name": "status",
                                            "logic": "and",
                                            "value": "error"
                                        },
                                        {
                                            "id": "33136660-6f7c-11ec-9b58-8d9edc36619c",
                                            "op": "=",
                                            "name": "log_type",
                                            "type": "keyword",
                                            "logic": "and",
                                            "value": "kodo-log"
                                        }
                                    ],
                                    "groupBy": [],
                                    "fieldFunc": "count",
                                    "fieldType": "long",
                                    "namespace": "logging",
                                    "dataSource": "kodo-inner",
                                    "queryFuncs": [],
                                    "withLabels": [],
                                    "groupByTime": ""
                                },
                                {
                                    "q": "L::`kodo-inner`:(COUNT(`create_time`)) { `log_type` = 'kodo-log' }",
                                    "code": "B",
                                    "fill": null,
                                    "type": "simple",
                                    "alias": "",
                                    "field": "create_time",
                                    "fillNum": null,
                                    "filters": [
                                        {
                                            "id": "3b6efcc0-6f7c-11ec-9b58-8d9edc36619c",
                                            "op": "=",
                                            "name": "log_type",
                                            "type": "keyword",
                                            "logic": "and",
                                            "value": "kodo-log"
                                        }
                                    ],
                                    "groupBy": [],
                                    "funcList": [],
                                    "fieldFunc": "count",
                                    "fieldType": "long",
                                    "namespace": "logging",
                                    "dataSource": "kodo-inner",
                                    "queryFuncs": [],
                                    "withLabels": [],
                                    "groupByTime": ""
                                }
                            ],
                            "funcList": [
                                "last"
                            ],
                            "expression": "(A / B) * 100"
                        },
                        "datasource": "dataflux"
                    }
                ]
            },
            {
                "extend": {
                    "settings": {
                        "units": [],
                        "colors": [],
                        "levels": [],
                        "fixedTime": "",
                        "inColumns": [
                            {
                                "field": "time",
                                "headerName": "时间",
                                "filterParams": {},
                                "cellRendererFramework": "StatusCellRender"
                            }
                        ],
                        "showTitle": true,
                        "titleDesc": "",
                        "addColumns": [
                            {
                                "field": "message",
                                "headerName": "内容"
                            },
                            {
                                "hide": true,
                                "field": "status"
                            },
                            {
                                "hide": true,
                                "field": "__docid"
                            }
                        ],
                        "timeInterval": "",
                        "isTimeInterval": false,
                        "currentChartType": "log",
                        "showFieldMapping": false
                    },
                    "fixedTime": ""
                },
                "group": {
                    "name": "kodo-inner-log"
                },
                "name": "kodo-log error 日志",
                "pos": {
                    "h": 21,
                    "i": "chrt_010e3c163b9f41b0be66ea12d81da1a9",
                    "w": 24,
                    "x": 0,
                    "y": 90
                },
                "type": "log",
                "queries": [
                    {
                        "name": "",
                        "type": "log",
                        "unit": "",
                        "color": "",
                        "qtype": "dql",
                        "query": {
                            "q": "L::`kodo-inner`:(`message`, `status`, `__docid`) { `status` = 'error' or `status` = 'warning' and `log_type` = 'kodo-log' }",
                            "code": "A",
                            "fill": null,
                            "type": "simple",
                            "alias": "内容",
                            "field": null,
                            "fields": [
                                {
                                    "alias": "内容",
                                    "field": "message"
                                },
                                {
                                    "hide": true,
                                    "field": "status"
                                },
                                {
                                    "hide": true,
                                    "field": "__docid"
                                }
                            ],
                            "filters": [
                                {
                                    "id": "74e34700-462c-11ec-a19a-fbd824637c00",
                                    "op": "=",
                                    "name": "status",
                                    "type": "keyword",
                                    "logic": "and",
                                    "value": "error"
                                },
                                {
                                    "id": "ef9b8260-468a-11ec-a69a-efce1fa15c1d",
                                    "op": "=",
                                    "name": "status",
                                    "type": "keyword",
                                    "logic": "or",
                                    "value": "warning"
                                },
                                {
                                    "id": "5d331760-6f7c-11ec-9b58-8d9edc36619c",
                                    "op": "=",
                                    "name": "log_type",
                                    "type": "keyword",
                                    "logic": "and",
                                    "value": "kodo-log"
                                }
                            ],
                            "groupBy": [],
                            "funcList": [],
                            "fieldFunc": "last",
                            "fieldType": "text",
                            "namespace": "logging",
                            "dataSource": "kodo-inner",
                            "queryFuncs": [],
                            "groupByTime": "",
                            "disableMultipleField": false
                        },
                        "datasource": "dataflux",
                        "noTimeRange": false
                    }
                ]
            }
        ],
        "groups": [
            "kodo-inner-gin",
            "kodo-inner-log"
        ],
        "type": "template"
    }
}