{
    "title": "Kubernetes Overview by Pods 监控视图",
    "dashboardType": "CUSTOM",
    "dashboardExtend": {},
    "dashboardMapping": [],
    "dashboardOwnerType": "node",
    "iconSet": {
        "url": "https://static-res.guance.com/dataflux-template/dashboard/kubernetes_by_pods/kubernetes_by_pods.png",
        "icon": "https://static-res.guance.com/dataflux-template/dashboard/kubernetes_by_pods/icon.svg"
    },
    "dashboardBindSet": [],
    "thumbnail": "",
    "tags": [],
    "summary": "",
    "main": {
        "vars": [
            {
                "name": "集群名称",
                "seq": 0,
                "datasource": "dataflux",
                "code": "cluster_name_k8s",
                "type": "QUERY",
                "definition": {
                    "tag": "",
                    "field": "",
                    "value": "show_tag_value(from=['kubernetes'], keyin=['cluster_name_k8s'])[5m]",
                    "metric": "",
                    "object": "",
                    "defaultVal": {
                        "label": "*",
                        "value": "re(`.*`)"
                    }
                },
                "valueSort": "default",
                "hide": 0,
                "isHiddenAsterisk": 0
            },
            {
                "name": "命名空间",
                "seq": 1,
                "datasource": "dataflux",
                "code": "namespace",
                "type": "QUERY",
                "definition": {
                    "tag": "",
                    "field": "",
                    "value": "show_tag_value(from=['kubernetes'], keyin=['namespace']){cluster_name_k8s='#{cluster_name_k8s}'}[5m]",
                    "metric": "",
                    "object": "",
                    "defaultVal": {
                        "label": "*",
                        "value": "re(`.*`)"
                    }
                },
                "valueSort": "default",
                "hide": 0,
                "isHiddenAsterisk": 0
            }
        ],
        "charts": [
            {
                "extend": {
                    "settings": {
                        "alias": [],
                        "units": [],
                        "colors": [
                            {
                                "key": "",
                                "name": "",
                                "color": "#5F67D6"
                            }
                        ],
                        "levels": [],
                        "density": "medium",
                        "showLine": false,
                        "chartType": "areaLine",
                        "fixedTime": "",
                        "isPercent": false,
                        "openStack": false,
                        "showTitle": true,
                        "stackType": "time",
                        "titleDesc": "",
                        "compareType": "",
                        "openCompare": false,
                        "compareTitle": "",
                        "legendValues": "",
                        "timeInterval": "default",
                        "legendPostion": "none",
                        "xAxisShowType": "time",
                        "isTimeInterval": true,
                        "currentChartType": "sequence",
                        "showFieldMapping": false
                    },
                    "fixedTime": "",
                    "isRefresh": false
                },
                "group": {
                    "name": "Overview"
                },
                "name": "Pods Running",
                "pos": {
                    "h": 9,
                    "w": 8,
                    "x": 8,
                    "y": 2.5
                },
                "type": "sequence",
                "queries": [
                    {
                        "name": "",
                        "type": "sequence",
                        "unit": "",
                        "color": "",
                        "qtype": "dql",
                        "query": {
                            "q": "M::`kubernetes`:(SUM(`pod`)) { `cluster_name_k8s` = '#{cluster_name_k8s}' and `namespace` = '#{namespace}' }",
                            "code": "A",
                            "fill": null,
                            "type": "simple",
                            "alias": "",
                            "field": "pod",
                            "filters": [
                                {
                                    "id": "41d638b0-bc95-11ec-83c1-559806b3b80f",
                                    "op": "=",
                                    "name": "cluster_name_k8s",
                                    "type": "",
                                    "logic": "and",
                                    "value": "#{cluster_name_k8s}"
                                },
                                {
                                    "id": "448c30f0-bc95-11ec-83c1-559806b3b80f",
                                    "op": "=",
                                    "name": "namespace",
                                    "type": "",
                                    "logic": "and",
                                    "value": "#{namespace}"
                                }
                            ],
                            "groupBy": [],
                            "funcList": [],
                            "fieldFunc": "sum",
                            "fieldType": "integer",
                            "namespace": "metric",
                            "dataSource": "kubernetes",
                            "queryFuncs": [],
                            "groupByTime": ""
                        },
                        "datasource": "dataflux"
                    }
                ]
            },
            {
                "extend": {
                    "settings": {
                        "alias": [],
                        "units": [],
                        "colors": [],
                        "levels": [],
                        "density": "medium",
                        "showLine": false,
                        "chartType": "areaLine",
                        "fixedTime": "",
                        "isPercent": false,
                        "openStack": false,
                        "showTitle": true,
                        "stackType": "time",
                        "titleDesc": "",
                        "compareType": "",
                        "openCompare": false,
                        "compareTitle": "",
                        "legendValues": "",
                        "timeInterval": "default",
                        "legendPostion": "none",
                        "xAxisShowType": "time",
                        "isTimeInterval": true,
                        "currentChartType": "sequence",
                        "showFieldMapping": false
                    },
                    "fixedTime": "",
                    "isRefresh": true
                },
                "group": {
                    "name": "Pods"
                },
                "name": "CPU Usage by Pod",
                "pos": {
                    "h": 10,
                    "w": 8,
                    "x": 8,
                    "y": 23
                },
                "type": "sequence",
                "queries": [
                    {
                        "name": "",
                        "type": "sequence",
                        "unit": "",
                        "color": "",
                        "qtype": "dql",
                        "query": {
                            "q": "M::`kube_pod`:(AVG(`cpu_usage`)) { `cluster_name_k8s` = '#{cluster_name_k8s}' and `namespace` = '#{namespace}' } BY `pod`",
                            "code": "A",
                            "fill": null,
                            "type": "simple",
                            "alias": "",
                            "field": "cpu_usage",
                            "filters": [
                                {
                                    "id": "c4da2fc0-bca2-11ec-83c1-559806b3b80f",
                                    "op": "=",
                                    "name": "cluster_name_k8s",
                                    "type": "",
                                    "logic": "and",
                                    "value": "#{cluster_name_k8s}"
                                },
                                {
                                    "id": "c773c660-bca2-11ec-83c1-559806b3b80f",
                                    "op": "=",
                                    "name": "namespace",
                                    "type": "",
                                    "logic": "and",
                                    "value": "#{namespace}"
                                }
                            ],
                            "groupBy": [
                                "pod"
                            ],
                            "funcList": [],
                            "fieldFunc": "avg",
                            "fieldType": "float",
                            "namespace": "metric",
                            "dataSource": "kube_pod",
                            "queryFuncs": [],
                            "groupByTime": ""
                        },
                        "datasource": "dataflux"
                    }
                ]
            },
            {
                "extend": {
                    "settings": {
                        "bar": {
                            "direction": "horizontal",
                            "xAxisShowType": "groupBy"
                        },
                        "color": "",
                        "table": {
                            "queryMode": "toGroupColumn"
                        },
                        "units": [],
                        "colors": [],
                        "levels": [],
                        "topSize": 10,
                        "chartType": "bar",
                        "fixedTime": "",
                        "showTitle": true,
                        "titleDesc": "",
                        "openCompare": false,
                        "showTopSize": true,
                        "timeInterval": "default",
                        "showTableHead": true,
                        "tableSortType": "top",
                        "isTimeInterval": false,
                        "currentChartType": "toplist",
                        "showFieldMapping": false,
                        "tableSortMetricName": ""
                    },
                    "fixedTime": ""
                },
                "group": {
                    "name": "Pods"
                },
                "name": "CPU-intensive pods",
                "pos": {
                    "h": 19,
                    "w": 8,
                    "x": 0,
                    "y": 23
                },
                "type": "toplist",
                "queries": [
                    {
                        "name": "",
                        "type": "toplist",
                        "unit": "",
                        "color": "",
                        "qtype": "dql",
                        "query": {
                            "q": "M::`kube_pod`:(AVG(`cpu_usage`)) { `cluster_name_k8s` = '#{cluster_name_k8s}' and `namespace` = '#{namespace}' } BY `namespace`, `pod`",
                            "code": "A",
                            "fill": "",
                            "type": "simple",
                            "alias": "",
                            "field": "cpu_usage",
                            "filters": [
                                {
                                    "id": "e3aff650-bc9d-11ec-83c1-559806b3b80f",
                                    "op": "=",
                                    "name": "cluster_name_k8s",
                                    "type": "",
                                    "logic": "and",
                                    "value": "#{cluster_name_k8s}"
                                },
                                {
                                    "id": "28926790-bca2-11ec-83c1-559806b3b80f",
                                    "op": "=",
                                    "name": "namespace",
                                    "type": "",
                                    "logic": "and",
                                    "value": "#{namespace}"
                                }
                            ],
                            "groupBy": [
                                "namespace",
                                "pod"
                            ],
                            "funcList": [
                                "last",
                                "top:10"
                            ],
                            "fieldFunc": "avg",
                            "fieldType": "float",
                            "namespace": "metric",
                            "dataSource": "kube_pod",
                            "queryFuncs": [],
                            "groupByTime": ""
                        },
                        "datasource": "dataflux"
                    }
                ]
            },
            {
                "extend": {
                    "settings": {
                        "bar": {
                            "direction": "horizontal",
                            "xAxisShowType": "groupBy"
                        },
                        "color": "",
                        "table": {
                            "queryMode": "toGroupColumn"
                        },
                        "units": [],
                        "colors": [],
                        "levels": [],
                        "topSize": 10,
                        "chartType": "bar",
                        "fixedTime": "",
                        "showTitle": true,
                        "titleDesc": "",
                        "openCompare": false,
                        "showTopSize": true,
                        "timeInterval": "default",
                        "showTableHead": true,
                        "tableSortType": "top",
                        "isTimeInterval": false,
                        "currentChartType": "toplist",
                        "showFieldMapping": false,
                        "tableSortMetricName": ""
                    },
                    "fixedTime": ""
                },
                "group": {
                    "name": "Pods"
                },
                "name": "Memory-intensive pods",
                "pos": {
                    "h": 19,
                    "w": 8,
                    "x": 16,
                    "y": 23
                },
                "type": "toplist",
                "queries": [
                    {
                        "name": "",
                        "type": "toplist",
                        "unit": "",
                        "color": "",
                        "qtype": "dql",
                        "query": {
                            "q": "M::`kube_pod`:(AVG(`memory_usage_bytes`)) { `cluster_name_k8s` = '#{cluster_name_k8s}' and `namespace` = '#{namespace}' } BY `namespace`, `pod`",
                            "code": "A",
                            "fill": null,
                            "type": "simple",
                            "alias": "",
                            "field": "memory_usage_bytes",
                            "filters": [
                                {
                                    "id": "d47d5470-bca2-11ec-83c1-559806b3b80f",
                                    "op": "=",
                                    "name": "cluster_name_k8s",
                                    "type": "",
                                    "logic": "and",
                                    "value": "#{cluster_name_k8s}"
                                },
                                {
                                    "id": "d7c63de0-bca2-11ec-83c1-559806b3b80f",
                                    "op": "=",
                                    "name": "namespace",
                                    "type": "",
                                    "logic": "and",
                                    "value": "#{namespace}"
                                }
                            ],
                            "groupBy": [
                                "namespace",
                                "pod"
                            ],
                            "funcList": [
                                "last",
                                "top:10"
                            ],
                            "fieldFunc": "avg",
                            "fieldType": "integer",
                            "namespace": "metric",
                            "dataSource": "kube_pod",
                            "queryFuncs": [],
                            "groupByTime": ""
                        },
                        "datasource": "dataflux"
                    }
                ]
            },
            {
                "extend": {
                    "settings": {
                        "alias": [],
                        "units": [],
                        "colors": [],
                        "levels": [],
                        "density": "medium",
                        "showLine": false,
                        "chartType": "areaLine",
                        "fixedTime": "",
                        "isPercent": false,
                        "openStack": false,
                        "showTitle": true,
                        "stackType": "time",
                        "titleDesc": "",
                        "compareType": "",
                        "openCompare": false,
                        "compareTitle": "",
                        "legendValues": "",
                        "timeInterval": "default",
                        "legendPostion": "none",
                        "xAxisShowType": "time",
                        "isTimeInterval": true,
                        "currentChartType": "sequence",
                        "showFieldMapping": false
                    },
                    "fixedTime": "",
                    "isRefresh": true
                },
                "group": {
                    "name": "Pods"
                },
                "name": "Memory Usage by Pod",
                "pos": {
                    "h": 9,
                    "w": 8,
                    "x": 8,
                    "y": 33
                },
                "type": "sequence",
                "queries": [
                    {
                        "name": "",
                        "type": "sequence",
                        "unit": "",
                        "color": "",
                        "qtype": "dql",
                        "query": {
                            "q": "M::`kube_pod`:(AVG(`memory_usage_bytes`)) { `cluster_name_k8s` = '#{cluster_name_k8s}' and `namespace` = '#{namespace}' } BY `pod`",
                            "code": "A",
                            "fill": null,
                            "type": "simple",
                            "alias": "",
                            "field": "memory_usage_bytes",
                            "filters": [
                                {
                                    "id": "383fd440-e7ca-11ec-a28f-5d05bd55e058",
                                    "op": "=",
                                    "name": "cluster_name_k8s",
                                    "type": "",
                                    "logic": "and",
                                    "value": "#{cluster_name_k8s}"
                                },
                                {
                                    "id": "3c7e4140-e7ca-11ec-a28f-5d05bd55e058",
                                    "op": "=",
                                    "name": "namespace",
                                    "type": "",
                                    "logic": "and",
                                    "value": "#{namespace}"
                                }
                            ],
                            "groupBy": [
                                "pod"
                            ],
                            "funcList": [],
                            "fieldFunc": "avg",
                            "fieldType": "integer",
                            "namespace": "metric",
                            "dataSource": "kube_pod",
                            "queryFuncs": [],
                            "groupByTime": ""
                        },
                        "datasource": "dataflux"
                    }
                ]
            },
            {
                "extend": {
                    "settings": {
                        "bar": {
                            "direction": "horizontal",
                            "xAxisShowType": "groupBy"
                        },
                        "color": "",
                        "table": {
                            "queryMode": "toGroupColumn"
                        },
                        "units": [],
                        "colors": [],
                        "levels": [],
                        "topSize": 10,
                        "chartType": "bar",
                        "fixedTime": "",
                        "showTitle": true,
                        "titleDesc": "",
                        "openCompare": false,
                        "showTopSize": true,
                        "timeInterval": "default",
                        "showTableHead": true,
                        "tableSortType": "top",
                        "isTimeInterval": false,
                        "currentChartType": "toplist",
                        "showFieldMapping": false,
                        "tableSortMetricName": ""
                    },
                    "fixedTime": ""
                },
                "group": {
                    "name": "Overview"
                },
                "name": "Pods running by Namespace",
                "pos": {
                    "h": 18,
                    "w": 8,
                    "x": 0,
                    "y": 2.5
                },
                "type": "toplist",
                "queries": [
                    {
                        "name": "",
                        "type": "toplist",
                        "unit": "",
                        "color": "",
                        "qtype": "dql",
                        "query": {
                            "q": "O::`kubelet_pod`:(COUNT_DISTINCT(`pod_name`)) { `cluster_name_k8s` = '#{cluster_name_k8s}' } BY `cluster_name_k8s`, `namespace`",
                            "code": "A",
                            "fill": "",
                            "type": "simple",
                            "alias": "",
                            "field": "pod_name",
                            "filters": [
                                {
                                    "id": "351a4380-bc97-11ec-83c1-559806b3b80f",
                                    "op": "=",
                                    "name": "cluster_name_k8s",
                                    "type": "keyword",
                                    "logic": "and",
                                    "value": "#{cluster_name_k8s}"
                                }
                            ],
                            "groupBy": [
                                "cluster_name_k8s",
                                "namespace"
                            ],
                            "funcList": [
                                "last",
                                "top:10"
                            ],
                            "fieldFunc": "count_distinct",
                            "fieldType": "keyword",
                            "namespace": "object",
                            "dataSource": "kubelet_pod",
                            "queryFuncs": [],
                            "groupByTime": ""
                        },
                        "datasource": "dataflux"
                    }
                ]
            },
            {
                "extend": {
                    "settings": {
                        "alias": [],
                        "units": [],
                        "colors": [],
                        "levels": [],
                        "density": "medium",
                        "showLine": false,
                        "chartType": "areaLine",
                        "fixedTime": "",
                        "isPercent": false,
                        "openStack": false,
                        "showTitle": true,
                        "stackType": "time",
                        "titleDesc": "",
                        "compareType": "",
                        "openCompare": false,
                        "compareTitle": "",
                        "legendValues": "",
                        "timeInterval": "default",
                        "legendPostion": "none",
                        "xAxisShowType": "time",
                        "isTimeInterval": true,
                        "currentChartType": "sequence",
                        "showFieldMapping": false
                    },
                    "fixedTime": "",
                    "isRefresh": false
                },
                "group": {
                    "name": "Containers"
                },
                "name": "CPU Usage by Container",
                "pos": {
                    "h": 12,
                    "w": 12,
                    "x": 0,
                    "y": 44.5
                },
                "type": "sequence",
                "queries": [
                    {
                        "name": "",
                        "type": "sequence",
                        "unit": "",
                        "color": "",
                        "qtype": "dql",
                        "query": {
                            "q": "M::`docker_containers`:(AVG(`cpu_usage`)) { `cluster_name_k8s` = '#{cluster_name_k8s}' } BY `container_name`",
                            "code": "A",
                            "fill": null,
                            "type": "simple",
                            "alias": "",
                            "field": "cpu_usage",
                            "filters": [
                                {
                                    "id": "7529cc60-bebe-11ec-adfb-69771eaf4704",
                                    "op": "=",
                                    "name": "cluster_name_k8s",
                                    "type": "",
                                    "logic": "and",
                                    "value": "#{cluster_name_k8s}"
                                }
                            ],
                            "groupBy": [
                                "container_name"
                            ],
                            "funcList": [],
                            "fieldFunc": "avg",
                            "fieldType": "float",
                            "namespace": "metric",
                            "dataSource": "docker_containers",
                            "queryFuncs": [],
                            "groupByTime": ""
                        },
                        "datasource": "dataflux"
                    }
                ]
            },
            {
                "extend": {
                    "settings": {
                        "alias": [],
                        "units": [],
                        "colors": [],
                        "levels": [],
                        "density": "medium",
                        "showLine": false,
                        "chartType": "areaLine",
                        "fixedTime": "",
                        "isPercent": false,
                        "openStack": false,
                        "showTitle": true,
                        "stackType": "time",
                        "titleDesc": "",
                        "compareType": "",
                        "openCompare": false,
                        "compareTitle": "",
                        "legendValues": "",
                        "timeInterval": "default",
                        "legendPostion": "none",
                        "xAxisShowType": "time",
                        "isTimeInterval": true,
                        "currentChartType": "sequence",
                        "showFieldMapping": false
                    },
                    "fixedTime": "",
                    "isRefresh": true
                },
                "group": {
                    "name": "Containers"
                },
                "name": "Memory Usage by Container",
                "pos": {
                    "h": 12,
                    "w": 12,
                    "x": 0,
                    "y": 56.5
                },
                "type": "sequence",
                "queries": [
                    {
                        "name": "",
                        "type": "sequence",
                        "unit": "",
                        "color": "",
                        "qtype": "dql",
                        "query": {
                            "q": "M::`docker_containers`:(AVG(`mem_usage`)) { `cluster_name_k8s` = '#{cluster_name_k8s}' } BY `container_name`",
                            "code": "A",
                            "fill": null,
                            "type": "simple",
                            "alias": "",
                            "field": "mem_usage",
                            "filters": [
                                {
                                    "id": "c31500c0-bebe-11ec-adfb-69771eaf4704",
                                    "op": "=",
                                    "name": "cluster_name_k8s",
                                    "type": "",
                                    "logic": "and",
                                    "value": "#{cluster_name_k8s}"
                                }
                            ],
                            "groupBy": [
                                "container_name"
                            ],
                            "funcList": [],
                            "fieldFunc": "avg",
                            "fieldType": "integer",
                            "namespace": "metric",
                            "dataSource": "docker_containers",
                            "queryFuncs": [],
                            "groupByTime": ""
                        },
                        "datasource": "dataflux"
                    }
                ]
            },
            {
                "extend": {
                    "settings": {
                        "alias": [],
                        "units": [],
                        "colors": [],
                        "levels": [],
                        "density": "medium",
                        "showLine": false,
                        "chartType": "areaLine",
                        "fixedTime": "",
                        "isPercent": false,
                        "openStack": false,
                        "showTitle": true,
                        "stackType": "time",
                        "titleDesc": "",
                        "compareType": "",
                        "openCompare": false,
                        "compareTitle": "",
                        "legendValues": "",
                        "timeInterval": "default",
                        "legendPostion": "none",
                        "xAxisShowType": "time",
                        "isTimeInterval": true,
                        "currentChartType": "sequence",
                        "showFieldMapping": false
                    },
                    "fixedTime": "",
                    "isRefresh": false
                },
                "group": {
                    "name": "Network"
                },
                "name": "Network received",
                "pos": {
                    "h": 11,
                    "w": 12,
                    "x": 0,
                    "y": 83
                },
                "type": "sequence",
                "queries": [
                    {
                        "name": "",
                        "type": "sequence",
                        "unit": "",
                        "color": "",
                        "qtype": "dql",
                        "query": {
                            "q": "M::`docker_containers`:(fill(AVG(`network_bytes_rcvd`), previous)) { `cluster_name_k8s` = '#{cluster_name_k8s}' }",
                            "code": "A",
                            "fill": "previous",
                            "type": "simple",
                            "alias": "",
                            "field": "network_bytes_rcvd",
                            "fillNum": null,
                            "filters": [
                                {
                                    "id": "75739a10-bed3-11ec-adfb-69771eaf4704",
                                    "op": "=",
                                    "name": "cluster_name_k8s",
                                    "type": "",
                                    "logic": "and",
                                    "value": "#{cluster_name_k8s}"
                                }
                            ],
                            "groupBy": [],
                            "funcList": [],
                            "fieldFunc": "avg",
                            "fieldType": "integer",
                            "namespace": "metric",
                            "dataSource": "docker_containers",
                            "queryFuncs": [],
                            "withLabels": [],
                            "groupByTime": ""
                        },
                        "datasource": "dataflux"
                    }
                ]
            },
            {
                "extend": {
                    "settings": {
                        "units": [],
                        "colors": [],
                        "levels": [],
                        "density": "medium",
                        "showLine": false,
                        "chartType": "areaLine",
                        "fixedTime": "",
                        "isPercent": false,
                        "openStack": false,
                        "showTitle": true,
                        "stackType": "time",
                        "titleDesc": "",
                        "compareType": "",
                        "openCompare": false,
                        "compareTitle": "",
                        "timeInterval": "default",
                        "xAxisShowType": "time",
                        "isTimeInterval": true,
                        "currentChartType": "sequence",
                        "showFieldMapping": false
                    },
                    "fixedTime": ""
                },
                "group": {
                    "name": "Network"
                },
                "name": "Network Sent",
                "pos": {
                    "h": 11,
                    "w": 12,
                    "x": 0,
                    "y": 94
                },
                "type": "sequence",
                "queries": [
                    {
                        "name": "",
                        "type": "sequence",
                        "unit": "",
                        "color": "",
                        "qtype": "dql",
                        "query": {
                            "q": "M::`docker_containers`:(AVG(`network_bytes_sent`)) { `cluster_name_k8s` = '#{cluster_name_k8s}' }",
                            "code": "A",
                            "fill": null,
                            "type": "simple",
                            "alias": "",
                            "field": "network_bytes_sent",
                            "fillNum": null,
                            "filters": [
                                {
                                    "id": "1bd492b0-beca-11ec-adfb-69771eaf4704",
                                    "op": "=",
                                    "name": "cluster_name_k8s",
                                    "type": "",
                                    "logic": "and",
                                    "value": "#{cluster_name_k8s}"
                                }
                            ],
                            "groupBy": [],
                            "funcList": [],
                            "fieldFunc": "avg",
                            "fieldType": "integer",
                            "namespace": "metric",
                            "dataSource": "docker_containers",
                            "queryFuncs": [],
                            "withLabels": [],
                            "groupByTime": ""
                        },
                        "datasource": "dataflux"
                    }
                ]
            },
            {
                "extend": {
                    "settings": {
                        "bar": {
                            "direction": "horizontal",
                            "xAxisShowType": "groupBy"
                        },
                        "color": "",
                        "table": {
                            "queryMode": "toGroupColumn"
                        },
                        "units": [],
                        "colors": [],
                        "levels": [],
                        "topSize": 10,
                        "chartType": "bar",
                        "fixedTime": "",
                        "showTitle": true,
                        "titleDesc": "",
                        "openCompare": false,
                        "showTopSize": true,
                        "timeInterval": "default",
                        "showTableHead": true,
                        "tableSortType": "top",
                        "isTimeInterval": false,
                        "currentChartType": "toplist",
                        "showFieldMapping": false,
                        "tableSortMetricName": ""
                    },
                    "fixedTime": ""
                },
                "group": {
                    "name": "Containers"
                },
                "name": "CPU Usage",
                "pos": {
                    "h": 24,
                    "w": 6,
                    "x": 12,
                    "y": 56.5
                },
                "type": "toplist",
                "queries": [
                    {
                        "name": "",
                        "type": "toplist",
                        "unit": "",
                        "color": "",
                        "qtype": "dql",
                        "query": {
                            "q": "M::`docker_containers`:(AVG(`cpu_usage`)) { `cluster_name_k8s` = '#{cluster_name_k8s}' } BY `container_name`",
                            "code": "A",
                            "fill": null,
                            "type": "simple",
                            "alias": "",
                            "field": "cpu_usage",
                            "fillNum": null,
                            "filters": [
                                {
                                    "id": "e672e8b0-bed3-11ec-adfb-69771eaf4704",
                                    "op": "=",
                                    "name": "cluster_name_k8s",
                                    "type": "",
                                    "logic": "and",
                                    "value": "#{cluster_name_k8s}"
                                }
                            ],
                            "groupBy": [
                                "container_name"
                            ],
                            "funcList": [
                                "last",
                                "top:10"
                            ],
                            "fieldFunc": "avg",
                            "fieldType": "float",
                            "namespace": "metric",
                            "dataSource": "docker_containers",
                            "queryFuncs": [],
                            "withLabels": [],
                            "groupByTime": ""
                        },
                        "datasource": "dataflux"
                    }
                ]
            },
            {
                "extend": {
                    "settings": {
                        "bar": {
                            "direction": "horizontal",
                            "xAxisShowType": "groupBy"
                        },
                        "color": "",
                        "table": {
                            "queryMode": "toGroupColumn"
                        },
                        "units": [],
                        "colors": [],
                        "levels": [],
                        "topSize": 10,
                        "chartType": "bar",
                        "fixedTime": "",
                        "showTitle": true,
                        "titleDesc": "",
                        "openCompare": false,
                        "showTopSize": true,
                        "timeInterval": "default",
                        "showTableHead": true,
                        "tableSortType": "top",
                        "isTimeInterval": false,
                        "currentChartType": "toplist",
                        "showFieldMapping": false,
                        "tableSortMetricName": ""
                    },
                    "fixedTime": ""
                },
                "group": {
                    "name": "Containers"
                },
                "name": "Memory Usage",
                "pos": {
                    "h": 24,
                    "w": 6,
                    "x": 18,
                    "y": 56.5
                },
                "type": "toplist",
                "queries": [
                    {
                        "name": "",
                        "type": "toplist",
                        "unit": "",
                        "color": "",
                        "qtype": "dql",
                        "query": {
                            "q": "M::`docker_containers`:(AVG(`mem_usage`)) { `cluster_name_k8s` = '#{cluster_name_k8s}' } BY `container_name`",
                            "code": "A",
                            "fill": null,
                            "type": "dql",
                            "field": "mem_usage",
                            "fillNum": null,
                            "filters": [
                                {
                                    "op": "=",
                                    "name": "cluster_name_k8s",
                                    "logic": "and",
                                    "value": "#{cluster_name_k8s}"
                                }
                            ],
                            "groupBy": [
                                "container_name"
                            ],
                            "funcList": [
                                "last",
                                "top:10"
                            ],
                            "fieldFunc": "avg",
                            "namespace": "metric",
                            "dataSource": "docker_containers",
                            "queryFuncs": [],
                            "withLabels": [],
                            "groupByTime": ""
                        },
                        "datasource": "dataflux"
                    }
                ]
            },
            {
                "extend": {
                    "settings": {
                        "bar": {
                            "direction": "horizontal",
                            "xAxisShowType": "groupBy"
                        },
                        "color": "#498BFE",
                        "table": {
                            "queryMode": "toGroupColumn"
                        },
                        "units": [],
                        "colors": [
                            {
                                "key": "last(network_bytes_rcvd)",
                                "name": "last(network_bytes_rcvd)",
                                "color": "#498BFE"
                            }
                        ],
                        "levels": [],
                        "topSize": 10,
                        "chartType": "bar",
                        "fixedTime": "",
                        "showTitle": true,
                        "titleDesc": "",
                        "openCompare": false,
                        "showTopSize": true,
                        "timeInterval": "default",
                        "showTableHead": true,
                        "tableSortType": "top",
                        "isTimeInterval": true,
                        "currentChartType": "toplist",
                        "showFieldMapping": false,
                        "tableSortMetricName": ""
                    },
                    "fixedTime": ""
                },
                "group": {
                    "name": "Network"
                },
                "name": "Network Received By Container",
                "pos": {
                    "h": 22,
                    "w": 6,
                    "x": 12,
                    "y": 83
                },
                "type": "toplist",
                "queries": [
                    {
                        "name": "",
                        "type": "toplist",
                        "unit": "",
                        "color": "",
                        "qtype": "dql",
                        "query": {
                            "q": "M::`docker_containers`:(AVG(`network_bytes_rcvd`)) { `cluster_name_k8s` = '#{cluster_name_k8s}' } BY `container_name`",
                            "code": "A",
                            "fill": null,
                            "type": "simple",
                            "alias": "",
                            "field": "network_bytes_rcvd",
                            "fillNum": null,
                            "filters": [
                                {
                                    "id": "6f568000-bee9-11ec-adfb-69771eaf4704",
                                    "op": "=",
                                    "name": "cluster_name_k8s",
                                    "type": "",
                                    "logic": "and",
                                    "value": "#{cluster_name_k8s}"
                                }
                            ],
                            "groupBy": [
                                "container_name"
                            ],
                            "funcList": [
                                "last",
                                "top:10"
                            ],
                            "fieldFunc": "avg",
                            "fieldType": "integer",
                            "namespace": "metric",
                            "dataSource": "docker_containers",
                            "queryFuncs": [],
                            "withLabels": [],
                            "groupByTime": ""
                        },
                        "datasource": "dataflux"
                    }
                ]
            },
            {
                "extend": {
                    "settings": {
                        "bar": {
                            "direction": "horizontal",
                            "xAxisShowType": "groupBy"
                        },
                        "color": "#498BFE",
                        "table": {
                            "queryMode": "toGroupColumn"
                        },
                        "units": [],
                        "colors": [
                            {
                                "key": "last(network_bytes_rcvd)",
                                "name": "last(network_bytes_rcvd)",
                                "color": "#498BFE"
                            }
                        ],
                        "levels": [],
                        "topSize": 10,
                        "chartType": "bar",
                        "fixedTime": "",
                        "showTitle": true,
                        "titleDesc": "",
                        "openCompare": false,
                        "showTopSize": true,
                        "timeInterval": "default",
                        "showTableHead": true,
                        "tableSortType": "top",
                        "isTimeInterval": true,
                        "currentChartType": "toplist",
                        "showFieldMapping": false,
                        "tableSortMetricName": ""
                    },
                    "fixedTime": ""
                },
                "group": {
                    "name": "Network"
                },
                "name": "Network Sent By Container",
                "pos": {
                    "h": 22,
                    "w": 6,
                    "x": 18,
                    "y": 83
                },
                "type": "toplist",
                "queries": [
                    {
                        "name": "",
                        "type": "toplist",
                        "unit": "",
                        "color": "",
                        "qtype": "dql",
                        "query": {
                            "q": "M::`docker_containers`:(AVG(`network_bytes_sent`)) { `cluster_name_k8s` = '#{cluster_name_k8s}' } BY `container_name`",
                            "code": "A",
                            "fill": null,
                            "type": "simple",
                            "alias": "",
                            "field": "network_bytes_sent",
                            "fillNum": null,
                            "filters": [
                                {
                                    "id": "6f568000-bee9-11ec-adfb-69771eaf4704",
                                    "op": "=",
                                    "name": "cluster_name_k8s",
                                    "type": "",
                                    "logic": "and",
                                    "value": "#{cluster_name_k8s}"
                                }
                            ],
                            "groupBy": [
                                "container_name"
                            ],
                            "funcList": [
                                "last",
                                "top:10"
                            ],
                            "fieldFunc": "avg",
                            "fieldType": "integer",
                            "namespace": "metric",
                            "dataSource": "docker_containers",
                            "queryFuncs": [],
                            "withLabels": [],
                            "groupByTime": ""
                        },
                        "datasource": "dataflux"
                    }
                ]
            },
            {
                "extend": {
                    "settings": {
                        "bar": {
                            "direction": "horizontal",
                            "xAxisShowType": "groupBy"
                        },
                        "alias": [],
                        "color": "#498BFE",
                        "table": {
                            "queryMode": "toGroupColumn"
                        },
                        "units": [],
                        "colors": [
                            {
                                "key": "avg(restarts){\"namespace\": \"kube-system\", \"pod_name\": \"calico-node-8lzt5\"}",
                                "name": "avg(restarts){\"namespace\": \"kube-system\", \"pod_name\": \"calico-node-8lzt5\"}",
                                "color": "#498BFE"
                            }
                        ],
                        "levels": [],
                        "topSize": 10,
                        "chartType": "bar",
                        "fixedTime": "",
                        "showTitle": true,
                        "titleDesc": "",
                        "openCompare": false,
                        "showTopSize": true,
                        "timeInterval": "default",
                        "showTableHead": true,
                        "tableSortType": "top",
                        "isTimeInterval": false,
                        "currentChartType": "toplist",
                        "showFieldMapping": false,
                        "tableSortMetricName": ""
                    },
                    "fixedTime": "",
                    "isRefresh": false
                },
                "group": {
                    "name": "Overview"
                },
                "name": "Pods restart",
                "pos": {
                    "h": 18,
                    "w": 8,
                    "x": 16,
                    "y": 2.5
                },
                "type": "toplist",
                "queries": [
                    {
                        "name": "",
                        "type": "toplist",
                        "unit": "",
                        "color": "",
                        "qtype": "dql",
                        "query": {
                            "q": "O::`kubelet_pod`:(AVG(`restarts`)) { `cluster_name_k8s` = '#{cluster_name_k8s}' and `namespace` = '#{namespace}' } BY `namespace`, `pod_name`",
                            "code": "A",
                            "fill": null,
                            "type": "dql",
                            "field": "restarts",
                            "fillNum": null,
                            "filters": [
                                {
                                    "op": "=",
                                    "name": "cluster_name_k8s",
                                    "logic": "and",
                                    "value": "#{cluster_name_k8s}"
                                },
                                {
                                    "op": "=",
                                    "name": "namespace",
                                    "logic": "and",
                                    "value": "#{namespace}"
                                }
                            ],
                            "groupBy": [
                                "namespace",
                                "pod_name"
                            ],
                            "funcList": [
                                "last",
                                "top:10"
                            ],
                            "fieldFunc": "avg",
                            "namespace": "object",
                            "dataSource": "kubelet_pod",
                            "queryFuncs": [],
                            "withLabels": [],
                            "groupByTime": ""
                        },
                        "datasource": "dataflux"
                    }
                ]
            },
            {
                "extend": {
                    "settings": {
                        "alias": [],
                        "units": [],
                        "colors": [
                            {
                                "key": "",
                                "name": "",
                                "color": "#5F67D6"
                            }
                        ],
                        "levels": [],
                        "density": "medium",
                        "showLine": false,
                        "chartType": "areaLine",
                        "fixedTime": "",
                        "isPercent": false,
                        "openStack": false,
                        "showTitle": true,
                        "stackType": "time",
                        "titleDesc": "",
                        "compareType": "",
                        "openCompare": false,
                        "compareTitle": "",
                        "legendValues": "",
                        "timeInterval": "default",
                        "legendPostion": "none",
                        "xAxisShowType": "time",
                        "isTimeInterval": true,
                        "currentChartType": "sequence",
                        "showFieldMapping": false
                    },
                    "fixedTime": "",
                    "isRefresh": false
                },
                "group": {
                    "name": "Overview"
                },
                "name": "Pods ready",
                "pos": {
                    "h": 9,
                    "w": 8,
                    "x": 8,
                    "y": 11.5
                },
                "type": "sequence",
                "queries": [
                    {
                        "name": "",
                        "type": "sequence",
                        "unit": "",
                        "color": "",
                        "qtype": "dql",
                        "query": {
                            "q": "M::`kube_pod`:(SUM(`ready`)) { `cluster_name_k8s` = '#{cluster_name_k8s}' and `namespace` = '#{namespace}' }",
                            "code": "A",
                            "fill": "",
                            "type": "dql",
                            "alias": "",
                            "field": "ready",
                            "search": "",
                            "fillNum": null,
                            "filters": [
                                {
                                    "id": "14c7c3c0-59a7-11ed-be8c-4d110d3055eb",
                                    "op": "=",
                                    "name": "cluster_name_k8s",
                                    "type": "",
                                    "logic": "and",
                                    "value": "#{cluster_name_k8s}"
                                },
                                {
                                    "id": "179e3c50-59a7-11ed-be8c-4d110d3055eb",
                                    "op": "=",
                                    "name": "namespace",
                                    "type": "",
                                    "logic": "and",
                                    "value": "#{namespace}"
                                }
                            ],
                            "groupBy": [],
                            "funcList": [],
                            "fieldFunc": "sum",
                            "fieldType": "integer",
                            "namespace": "metric",
                            "dataSource": "kube_pod",
                            "queryFuncs": [],
                            "withLabels": [],
                            "groupByTime": "",
                            "indexFilter": ""
                        },
                        "disabled": false,
                        "datasource": "dataflux"
                    },
                    {
                        "name": "",
                        "type": "sequence",
                        "unit": "",
                        "color": "",
                        "qtype": "dql",
                        "query": {
                            "q": "O::`kubelet_pod`:(COUNT(`qos_class`)) { `cluster_name_k8s` = '#{cluster_name_k8s}' and `namespace` = '#{namespace}' }",
                            "code": "B",
                            "fill": "",
                            "type": "simple",
                            "alias": "",
                            "field": "qos_class",
                            "search": "",
                            "fillNum": null,
                            "filters": [
                                {
                                    "id": "de699580-59a9-11ed-be8c-4d110d3055eb",
                                    "op": "=",
                                    "name": "cluster_name_k8s",
                                    "type": "keyword",
                                    "logic": "and",
                                    "value": "#{cluster_name_k8s}"
                                },
                                {
                                    "id": "e8ebb560-59a9-11ed-be8c-4d110d3055eb",
                                    "op": "=",
                                    "name": "namespace",
                                    "type": "keyword",
                                    "logic": "and",
                                    "value": "#{namespace}"
                                },
                                {
                                    "id": "8167a880-59aa-11ed-be8c-4d110d3055eb",
                                    "op": "=",
                                    "name": "",
                                    "logic": "and",
                                    "value": ""
                                }
                            ],
                            "groupBy": [],
                            "funcList": [],
                            "fieldFunc": "count",
                            "fieldType": "keyword",
                            "namespace": "object",
                            "dataSource": "kubelet_pod",
                            "queryFuncs": [],
                            "withLabels": [],
                            "groupByTime": "",
                            "indexFilter": ""
                        },
                        "disabled": true,
                        "datasource": "dataflux"
                    }
                ]
            }
        ],
        "groups": [
            "Overview",
            "Pods",
            "Containers",
            "Network"
        ],
        "type": "template"
    }
}