{
    "title": "日志统计",
    "dashboardType": "CUSTOM",
    "dashboardExtend": {},
    "dashboardMapping": [],
    "dashboardOwnerType": "node",
    "iconSet": {},
    "dashboardBindSet": [],
    "thumbnail": "",
    "tags": [],
    "summary": "",
    "main": {
        "vars": [],
        "charts": [
            {
                "extend": {
                    "settings": {
                        "units": [],
                        "colors": [],
                        "levels": [],
                        "bgColor": "#FDF29D",
                        "mappings": [],
                        "showLine": true,
                        "fixedTime": "",
                        "fontColor": "",
                        "lineColor": "#3AB8FF",
                        "precision": "2",
                        "showTitle": true,
                        "titleDesc": "",
                        "downsample": "last",
                        "compareType": "",
                        "openCompare": false,
                        "compareTitle": "",
                        "showLineAxis": true,
                        "timeInterval": "default",
                        "isTimeInterval": false,
                        "currentChartType": "singlestat",
                        "showFieldMapping": false
                    },
                    "fixedTime": ""
                },
                "group": {
                    "name": null
                },
                "name": "日志总数",
                "pos": {
                    "h": 13,
                    "w": 5,
                    "x": 0,
                    "y": 0
                },
                "type": "singlestat",
                "queries": [
                    {
                        "name": "",
                        "type": "singlestat",
                        "unit": "",
                        "color": "",
                        "qtype": "dql",
                        "query": {
                            "q": "L::RE(`.*`):(COUNT(`*`))",
                            "code": "A",
                            "fill": null,
                            "type": "simple",
                            "alias": "",
                            "field": "*",
                            "fillNum": null,
                            "filters": [],
                            "groupBy": [],
                            "funcList": [],
                            "fieldFunc": "count",
                            "fieldType": "",
                            "namespace": "logging",
                            "dataSource": "*",
                            "queryFuncs": [],
                            "withLabels": [],
                            "groupByTime": ""
                        },
                        "datasource": "dataflux"
                    }
                ]
            },
            {
                "extend": {
                    "settings": {
                        "units": [],
                        "colors": [],
                        "levels": [],
                        "bgColor": "#FF040B",
                        "mappings": [],
                        "showLine": true,
                        "fixedTime": "",
                        "fontColor": "",
                        "lineColor": "#3AB8FF",
                        "precision": "2",
                        "showTitle": true,
                        "titleDesc": "",
                        "downsample": "last",
                        "compareType": "",
                        "openCompare": false,
                        "compareTitle": "",
                        "showLineAxis": false,
                        "timeInterval": "default",
                        "isTimeInterval": false,
                        "currentChartType": "singlestat",
                        "showFieldMapping": false
                    },
                    "fixedTime": ""
                },
                "group": {
                    "name": null
                },
                "name": "错误总数",
                "pos": {
                    "h": 13,
                    "w": 5,
                    "x": 5,
                    "y": 0
                },
                "type": "singlestat",
                "queries": [
                    {
                        "name": "",
                        "type": "singlestat",
                        "unit": "",
                        "color": "",
                        "qtype": "dql",
                        "query": {
                            "q": "L::RE(`.*`):(COUNT(`*`)) { `status` = 'error' }",
                            "code": "A",
                            "fill": null,
                            "type": "simple",
                            "alias": "",
                            "field": "*",
                            "fillNum": null,
                            "filters": [
                                {
                                    "id": "8316d4b0-fb5b-11ec-aed0-17a69a8a8838",
                                    "op": "=",
                                    "name": "status",
                                    "type": "keyword",
                                    "logic": "and",
                                    "value": "error"
                                }
                            ],
                            "groupBy": [],
                            "funcList": [],
                            "fieldFunc": "count",
                            "fieldType": "",
                            "namespace": "logging",
                            "dataSource": "*",
                            "queryFuncs": [],
                            "withLabels": [],
                            "groupByTime": ""
                        },
                        "datasource": "dataflux"
                    }
                ]
            },
            {
                "extend": {
                    "settings": {
                        "bar": {
                            "direction": "horizontal",
                            "xAxisShowType": "groupBy"
                        },
                        "color": "",
                        "table": {
                            "queryMode": "toGroupColumn"
                        },
                        "units": [],
                        "colors": [],
                        "levels": [],
                        "topSize": 10,
                        "chartType": "bar",
                        "fixedTime": "",
                        "showTitle": true,
                        "titleDesc": "",
                        "openCompare": false,
                        "showTopSize": true,
                        "timeInterval": "default",
                        "showTableHead": true,
                        "tableSortType": "top",
                        "isTimeInterval": false,
                        "showFieldMapping": false,
                        "tableSortMetricName": ""
                    },
                    "fixedTime": ""
                },
                "group": {
                    "name": null
                },
                "name": "日志总数排行榜",
                "pos": {
                    "h": 34,
                    "w": 10,
                    "x": 0,
                    "y": 13
                },
                "type": "toplist",
                "queries": [
                    {
                        "name": "",
                        "type": "toplist",
                        "unit": "",
                        "color": "",
                        "qtype": "dql",
                        "query": {
                            "q": "L::RE(`.*`):(COUNT(`*`)) BY `source`",
                            "code": "A",
                            "fill": null,
                            "type": "simple",
                            "alias": "",
                            "field": "*",
                            "fillNum": null,
                            "filters": [],
                            "groupBy": [
                                "source"
                            ],
                            "funcList": [
                                "last",
                                "top:10"
                            ],
                            "fieldFunc": "count",
                            "fieldType": "",
                            "namespace": "logging",
                            "dataSource": "*",
                            "queryFuncs": [],
                            "withLabels": [],
                            "groupByTime": ""
                        },
                        "datasource": "dataflux"
                    }
                ]
            },
            {
                "extend": {
                    "settings": {
                        "units": [],
                        "colors": [],
                        "levels": [],
                        "chartType": "pie",
                        "fixedTime": "",
                        "showTitle": true,
                        "titleDesc": "",
                        "showLegend": true,
                        "timeInterval": "default",
                        "isTimeInterval": false,
                        "showFieldMapping": false
                    },
                    "fixedTime": ""
                },
                "group": {
                    "name": null
                },
                "name": "全局状态分布",
                "pos": {
                    "h": 13,
                    "w": 6,
                    "x": 10,
                    "y": 0
                },
                "type": "pie",
                "queries": [
                    {
                        "name": "",
                        "type": "pie",
                        "unit": "",
                        "color": "",
                        "qtype": "dql",
                        "query": {
                            "q": "L::RE(`.*`):(COUNT(`*`)) BY `status`",
                            "code": "A",
                            "fill": "",
                            "type": "simple",
                            "alias": "",
                            "field": "*",
                            "search": "",
                            "filters": [],
                            "groupBy": [
                                "status"
                            ],
                            "funcList": [
                                "last"
                            ],
                            "fieldFunc": "count",
                            "fieldType": "",
                            "namespace": "logging",
                            "dataSource": "*",
                            "queryFuncs": [],
                            "groupByTime": ""
                        },
                        "datasource": "dataflux"
                    }
                ]
            },
            {
                "extend": {
                    "settings": {
                        "units": [],
                        "colors": [],
                        "levels": [],
                        "density": "medium",
                        "showLine": false,
                        "chartType": "line",
                        "fixedTime": "",
                        "isPercent": false,
                        "openStack": false,
                        "showTitle": true,
                        "stackType": "time",
                        "titleDesc": "",
                        "compareType": "",
                        "openCompare": false,
                        "compareTitle": "",
                        "timeInterval": "auto",
                        "xAxisShowType": "time",
                        "isTimeInterval": true,
                        "showFieldMapping": false
                    },
                    "fixedTime": ""
                },
                "group": {
                    "name": null
                },
                "name": "主机日志趋势",
                "pos": {
                    "h": 13,
                    "w": 8,
                    "x": 16,
                    "y": 0
                },
                "type": "sequence",
                "queries": [
                    {
                        "name": "",
                        "type": "sequence",
                        "unit": "",
                        "color": "",
                        "qtype": "dql",
                        "query": {
                            "q": "L::RE(`.*`):(COUNT(`*`)) BY `host`",
                            "code": "A",
                            "fill": "",
                            "type": "simple",
                            "alias": "",
                            "field": "*",
                            "search": "",
                            "filters": [],
                            "groupBy": [
                                "host"
                            ],
                            "funcList": [],
                            "fieldFunc": "count",
                            "fieldType": "",
                            "namespace": "logging",
                            "dataSource": "*",
                            "queryFuncs": [],
                            "groupByTime": ""
                        },
                        "datasource": "dataflux"
                    }
                ]
            },
            {
                "extend": {
                    "settings": {
                        "units": [],
                        "colors": [],
                        "levels": [],
                        "pageSize": 0,
                        "fixedTime": "",
                        "queryMode": "toGroupColumn",
                        "showTitle": true,
                        "titleDesc": "",
                        "valMappings": [],
                        "timeInterval": "default",
                        "isTimeInterval": false,
                        "showFieldMapping": false,
                        "valColorMappings": []
                    },
                    "fixedTime": ""
                },
                "group": {
                    "name": null
                },
                "name": "日志表格",
                "pos": {
                    "h": 34,
                    "w": 14,
                    "x": 10,
                    "y": 13
                },
                "type": "table",
                "queries": [
                    {
                        "name": "",
                        "type": "table",
                        "unit": "",
                        "color": "",
                        "qtype": "dql",
                        "query": {
                            "q": "L::RE(`.*`):(COUNT(`*`)) BY `source`",
                            "code": "A",
                            "fill": "",
                            "type": "simple",
                            "alias": "",
                            "field": "*",
                            "search": "",
                            "filters": [],
                            "groupBy": [
                                "source"
                            ],
                            "funcList": [
                                "last",
                                ":"
                            ],
                            "fieldFunc": "count",
                            "fieldType": "",
                            "namespace": "logging",
                            "dataSource": "*",
                            "queryFuncs": [],
                            "groupByTime": ""
                        },
                        "datasource": "dataflux"
                    }
                ]
            }
        ],
        "groups": [],
        "type": "template"
    }
}