{
    "title": "云账单费用监控视图",
    "dashboardType": "CUSTOM",
    "dashboardExtend": {},
    "dashboardMapping": [],
    "dashboardOwnerType": "node",
    "iconSet": {
        "url": "https://static-res.guance.com/dataflux-template/dashboard/cloud_asset/cloud_asset.png",
        "icon": "https://static-res.guance.com/dataflux-template/dashboard/cloud_asset/icon.svg"
    },
    "dashboardBindSet": [],
    "thumbnail": "",
    "tags": [],
    "summary": "",
    "main": {
        "vars": [
            {
                "name": "云厂商",
                "seq": 0,
                "datasource": "dataflux",
                "code": "cloud_provider",
                "type": "QUERY",
                "definition": {
                    "tag": "",
                    "field": "",
                    "value": "show_tag_value(from=['cloud_bill'], keyin=['cloud_provider'])",
                    "metric": "",
                    "object": "",
                    "defaultVal": {
                        "label": "*",
                        "value": "re(`.*`)"
                    }
                },
                "valueSort": "default",
                "hide": 0,
                "isHiddenAsterisk": 0
            },
            {
                "name": "云账户",
                "seq": 1,
                "datasource": "dataflux",
                "code": "account_name",
                "type": "QUERY",
                "definition": {
                    "tag": "",
                    "field": "",
                    "value": "show_tag_value(from=['cloud_bill'], keyin=['account_name']){cloud_provider='#{cloud_provider}'}",
                    "metric": "",
                    "object": "",
                    "defaultVal": {
                        "label": "*",
                        "value": "re(`.*`)"
                    }
                },
                "valueSort": "default",
                "hide": 0,
                "isHiddenAsterisk": 0
            }
        ],
        "charts": [
            {
                "extend": {
                    "settings": {
                        "alias": [],
                        "units": [
                            {
                                "key": "sum(amount)",
                                "name": "sum(amount)",
                                "unit": "",
                                "units": [
                                    "rmb",
                                    "yuan"
                                ]
                            }
                        ],
                        "colors": [],
                        "levels": [],
                        "bgColor": "",
                        "mappings": [],
                        "showLine": false,
                        "fixedTime": "",
                        "fontColor": "",
                        "lineColor": "#3AB8FF",
                        "precision": "2",
                        "showTitle": true,
                        "titleDesc": "",
                        "downsample": "last",
                        "compareType": "",
                        "openCompare": false,
                        "compareTitle": "",
                        "showLineAxis": false,
                        "timeInterval": "default",
                        "isTimeInterval": false,
                        "currentChartType": "singlestat",
                        "showFieldMapping": false
                    },
                    "fixedTime": "",
                    "isRefresh": true
                },
                "group": {
                    "name": "费用趋势"
                },
                "name": "总费用",
                "pos": {
                    "h": 10,
                    "w": 6,
                    "x": 0,
                    "y": 9.5
                },
                "type": "singlestat",
                "queries": [
                    {
                        "name": "",
                        "type": "singlestat",
                        "unit": "",
                        "color": "",
                        "qtype": "dql",
                        "query": {
                            "q": "M::`cloud_bill`:(SUM(`amount`))",
                            "code": "A",
                            "fill": null,
                            "type": "simple",
                            "alias": "",
                            "field": "amount",
                            "filters": [],
                            "groupBy": [],
                            "funcList": [],
                            "fieldFunc": "sum",
                            "fieldType": "float",
                            "namespace": "metric",
                            "dataSource": "cloud_bill",
                            "queryFuncs": [],
                            "groupByTime": "",
                            "indexFilter": ""
                        },
                        "datasource": "dataflux"
                    }
                ]
            },
            {
                "extend": {
                    "settings": {
                        "alias": [],
                        "units": [
                            {
                                "key": "sum(offical_amount)",
                                "name": "sum(offical_amount)",
                                "unit": "",
                                "units": [
                                    "rmb",
                                    "yuan"
                                ]
                            }
                        ],
                        "colors": [],
                        "levels": [],
                        "bgColor": "",
                        "mappings": [],
                        "showLine": false,
                        "fixedTime": "",
                        "fontColor": "",
                        "lineColor": "#3AB8FF",
                        "precision": "2",
                        "showTitle": true,
                        "titleDesc": "",
                        "downsample": "last",
                        "compareType": "",
                        "openCompare": false,
                        "compareTitle": "",
                        "showLineAxis": false,
                        "timeInterval": "default",
                        "isTimeInterval": false,
                        "currentChartType": "singlestat",
                        "showFieldMapping": false
                    },
                    "fixedTime": "",
                    "isRefresh": false
                },
                "group": {
                    "name": "费用趋势"
                },
                "name": "总优惠金额",
                "pos": {
                    "h": 10,
                    "w": 6,
                    "x": 6,
                    "y": 9.5
                },
                "type": "singlestat",
                "queries": [
                    {
                        "name": "",
                        "type": "singlestat",
                        "unit": "",
                        "color": "",
                        "qtype": "dql",
                        "query": {
                            "q": "eval(A-B, A=\"M::`cloud_bill`:(SUM(`offical_amount`))\", B=\"M::`cloud_bill`:(SUM(`amount`))\")",
                            "code": "A",
                            "type": "expression",
                            "alias": "",
                            "children": [
                                {
                                    "q": "M::`cloud_bill`:(SUM(`offical_amount`))",
                                    "code": "A",
                                    "fill": null,
                                    "type": "simple",
                                    "alias": "",
                                    "field": "offical_amount",
                                    "fillNum": null,
                                    "filters": [],
                                    "groupBy": [],
                                    "fieldFunc": "sum",
                                    "fieldType": "float",
                                    "namespace": "metric",
                                    "dataSource": "cloud_bill",
                                    "queryFuncs": [],
                                    "withLabels": [],
                                    "groupByTime": ""
                                },
                                {
                                    "q": "M::`cloud_bill`:(SUM(`amount`))",
                                    "code": "B",
                                    "fill": null,
                                    "type": "simple",
                                    "alias": "",
                                    "field": "amount",
                                    "filters": [],
                                    "groupBy": [],
                                    "funcList": [],
                                    "fieldFunc": "sum",
                                    "fieldType": "float",
                                    "namespace": "metric",
                                    "dataSource": "cloud_bill",
                                    "queryFuncs": [],
                                    "groupByTime": "",
                                    "indexFilter": ""
                                }
                            ],
                            "funcList": [],
                            "expression": "A-B"
                        },
                        "datasource": "dataflux"
                    }
                ]
            },
            {
                "extend": {
                    "settings": {
                        "alias": [],
                        "units": [
                            {
                                "key": "sum(amount)",
                                "name": "sum(amount)",
                                "unit": "",
                                "units": [
                                    "rmb",
                                    "yuan"
                                ]
                            }
                        ],
                        "colors": [],
                        "levels": [],
                        "density": "lower",
                        "showLine": false,
                        "chartType": "bar",
                        "fixedTime": "",
                        "isPercent": false,
                        "openStack": true,
                        "showTitle": true,
                        "stackType": "time",
                        "titleDesc": "",
                        "compareType": "",
                        "openCompare": false,
                        "compareTitle": "",
                        "legendValues": "",
                        "timeInterval": "default",
                        "legendPostion": "none",
                        "xAxisShowType": "time",
                        "isTimeInterval": true,
                        "currentChartType": "sequence",
                        "showFieldMapping": false
                    },
                    "fixedTime": "",
                    "isRefresh": true
                },
                "group": {
                    "name": "账单分析"
                },
                "name": "产品维度汇总",
                "pos": {
                    "h": 16,
                    "w": 7,
                    "x": 0,
                    "y": 32
                },
                "type": "sequence",
                "queries": [
                    {
                        "name": "",
                        "type": "sequence",
                        "unit": "",
                        "color": "",
                        "qtype": "dql",
                        "query": {
                            "q": "M::`cloud_bill`:(SUM(`amount`)) { `cloud_provider` = '#{cloud_provider}' and `account_name` = '#{account_name}' } BY `product_name`",
                            "code": "A",
                            "fill": null,
                            "type": "simple",
                            "alias": "",
                            "field": "amount",
                            "filters": [
                                {
                                    "id": "ff3d0b90-59ca-11ed-be8a-1d0199860d07",
                                    "op": "=",
                                    "name": "cloud_provider",
                                    "type": "",
                                    "logic": "and",
                                    "value": "#{cloud_provider}"
                                },
                                {
                                    "id": "02d59ba0-59cb-11ed-be8a-1d0199860d07",
                                    "op": "=",
                                    "name": "account_name",
                                    "type": "",
                                    "logic": "and",
                                    "value": "#{account_name}"
                                }
                            ],
                            "groupBy": [
                                "product_name"
                            ],
                            "funcList": [],
                            "fieldFunc": "sum",
                            "fieldType": "float",
                            "namespace": "metric",
                            "dataSource": "cloud_bill",
                            "queryFuncs": [],
                            "groupByTime": "",
                            "indexFilter": ""
                        },
                        "datasource": "dataflux"
                    }
                ]
            },
            {
                "extend": {
                    "settings": {
                        "bar": {
                            "direction": "horizontal",
                            "xAxisShowType": "groupBy"
                        },
                        "alias": [],
                        "color": "#3AB8FF",
                        "table": {
                            "queryMode": "toGroupColumn"
                        },
                        "units": [
                            {
                                "key": "avg(amount)",
                                "name": "avg(amount)",
                                "unit": "",
                                "units": [
                                    "rmb",
                                    "yuan"
                                ]
                            }
                        ],
                        "colors": [],
                        "levels": [],
                        "topSize": 10,
                        "chartType": "bar",
                        "fixedTime": "",
                        "showTitle": true,
                        "titleDesc": "",
                        "openCompare": false,
                        "showTopSize": true,
                        "timeInterval": "default",
                        "showTableHead": true,
                        "tableSortType": "top",
                        "isTimeInterval": false,
                        "currentChartType": "toplist",
                        "showFieldMapping": false,
                        "tableSortMetricName": ""
                    },
                    "fixedTime": "",
                    "isRefresh": true
                },
                "group": {
                    "name": "账单分析"
                },
                "name": "产品费用排名",
                "pos": {
                    "h": 31,
                    "w": 7,
                    "x": 0,
                    "y": 48
                },
                "type": "toplist",
                "queries": [
                    {
                        "name": "",
                        "type": "toplist",
                        "unit": "",
                        "color": "",
                        "qtype": "dql",
                        "query": {
                            "q": "M::`cloud_bill`:(AVG(`amount`)) { `cloud_provider` = '#{cloud_provider}' and `account_name` = '#{account_name}' } BY `product_name`",
                            "code": "A",
                            "fill": null,
                            "type": "simple",
                            "alias": "",
                            "field": "amount",
                            "filters": [
                                {
                                    "id": "925438b0-5a50-11ed-b5ba-e953dbf9591b",
                                    "op": "=",
                                    "name": "cloud_provider",
                                    "type": "",
                                    "logic": "and",
                                    "value": "#{cloud_provider}"
                                },
                                {
                                    "id": "95e575c0-5a50-11ed-b5ba-e953dbf9591b",
                                    "op": "=",
                                    "name": "account_name",
                                    "type": "",
                                    "logic": "and",
                                    "value": "#{account_name}"
                                }
                            ],
                            "groupBy": [
                                "product_name"
                            ],
                            "funcList": [
                                null,
                                "top:10"
                            ],
                            "fieldFunc": "avg",
                            "fieldType": "float",
                            "namespace": "metric",
                            "dataSource": "cloud_bill",
                            "queryFuncs": [],
                            "groupByTime": "",
                            "indexFilter": ""
                        },
                        "datasource": "dataflux"
                    }
                ]
            },
            {
                "extend": {
                    "settings": {
                        "alias": [],
                        "units": [
                            {
                                "key": "sum(amount)",
                                "name": "sum(amount)",
                                "unit": "",
                                "units": [
                                    "rmb",
                                    "yuan"
                                ]
                            }
                        ],
                        "colors": [],
                        "levels": [],
                        "density": "medium",
                        "showLine": false,
                        "chartType": "areaLine",
                        "fixedTime": "",
                        "isPercent": false,
                        "openStack": false,
                        "showTitle": true,
                        "stackType": "time",
                        "titleDesc": "",
                        "compareType": "",
                        "openCompare": false,
                        "yAxixMaxVal": null,
                        "yAxixMinVal": null,
                        "compareTitle": "",
                        "legendValues": "",
                        "timeInterval": "auto",
                        "compareColors": {
                            "dayCompare": "rgba(11,11,12,0.5)",
                            "hourCompare": "#0B0B0C",
                            "weekCompare": "rgba(11,11,12,0.3)",
                            "monthCompare": "rgba(11,11,12,0.12)"
                        },
                        "legendPostion": "none",
                        "xAxisShowType": "time",
                        "isTimeInterval": true,
                        "currentChartType": "sequence",
                        "showFieldMapping": false,
                        "compareColorsDark": {
                            "dayCompare": "rgba(213,217,226,0.5)",
                            "hourCompare": "#D5D9E2",
                            "weekCompare": "rgba(213,217,226,0.25)",
                            "monthCompare": "rgba(213,217,226,0.12)"
                        },
                        "onlyShowGroupName": false,
                        "compareColorsLight": {
                            "dayCompare": "rgba(11,11,12,0.5)",
                            "hourCompare": "#0B0B0C",
                            "weekCompare": "rgba(11,11,12,0.3)",
                            "monthCompare": "rgba(11,11,12,0.12)"
                        }
                    },
                    "fixedTime": "",
                    "isRefresh": false
                },
                "group": {
                    "name": "费用趋势"
                },
                "name": "消费趋势",
                "pos": {
                    "h": 10,
                    "w": 8,
                    "x": 0,
                    "y": 19.5
                },
                "type": "sequence",
                "queries": [
                    {
                        "name": "",
                        "type": "sequence",
                        "unit": "",
                        "color": "",
                        "qtype": "dql",
                        "query": {
                            "q": "M::`cloud_bill`:(SUM(`amount`)) { `cloud_provider` = '#{cloud_provider}' and `account_name` = '#{account_name}' }",
                            "code": "A",
                            "fill": null,
                            "type": "simple",
                            "alias": "",
                            "field": "amount",
                            "filters": [
                                {
                                    "id": "ebb26020-5a51-11ed-b5ba-e953dbf9591b",
                                    "op": "=",
                                    "name": "cloud_provider",
                                    "type": "",
                                    "logic": "and",
                                    "value": "#{cloud_provider}"
                                },
                                {
                                    "id": "ef000480-5a51-11ed-b5ba-e953dbf9591b",
                                    "op": "=",
                                    "name": "account_name",
                                    "type": "",
                                    "logic": "and",
                                    "value": "#{account_name}"
                                }
                            ],
                            "groupBy": [],
                            "funcList": [],
                            "fieldFunc": "sum",
                            "fieldType": "float",
                            "namespace": "metric",
                            "dataSource": "cloud_bill",
                            "queryFuncs": [],
                            "groupByTime": "",
                            "indexFilter": ""
                        },
                        "datasource": "dataflux"
                    }
                ]
            },
            {
                "extend": {
                    "settings": {
                        "alias": [],
                        "units": [
                            {
                                "key": "sum(amount)",
                                "name": "sum(amount)",
                                "unit": "",
                                "units": [
                                    "rmb",
                                    "yuan"
                                ]
                            }
                        ],
                        "colors": [],
                        "levels": [],
                        "bgColor": "",
                        "mappings": [],
                        "showLine": false,
                        "fixedTime": "",
                        "fontColor": "",
                        "lineColor": "#3AB8FF",
                        "precision": "2",
                        "showTitle": true,
                        "titleDesc": "",
                        "downsample": "last",
                        "compareType": "",
                        "openCompare": false,
                        "compareTitle": "",
                        "showLineAxis": false,
                        "timeInterval": "default",
                        "isTimeInterval": false,
                        "currentChartType": "singlestat",
                        "showFieldMapping": false
                    },
                    "fixedTime": "",
                    "isRefresh": false
                },
                "group": {
                    "name": "费用趋势"
                },
                "name": "账号费用",
                "pos": {
                    "h": 10,
                    "w": 6,
                    "x": 12,
                    "y": 9.5
                },
                "type": "singlestat",
                "queries": [
                    {
                        "name": "",
                        "type": "singlestat",
                        "unit": "",
                        "color": "",
                        "qtype": "dql",
                        "query": {
                            "q": "M::`cloud_bill`:(SUM(`amount`)) { `cloud_provider` = '#{cloud_provider}' and `account_name` = '#{account_name}' }",
                            "code": "A",
                            "fill": null,
                            "type": "simple",
                            "alias": "",
                            "field": "amount",
                            "filters": [
                                {
                                    "id": "1f7e6a70-5a52-11ed-a046-5d91ddb5ed9c",
                                    "op": "=",
                                    "name": "cloud_provider",
                                    "type": "",
                                    "logic": "and",
                                    "value": "#{cloud_provider}"
                                },
                                {
                                    "id": "23d652e0-5a52-11ed-a046-5d91ddb5ed9c",
                                    "op": "=",
                                    "name": "account_name",
                                    "type": "",
                                    "logic": "and",
                                    "value": "#{account_name}"
                                }
                            ],
                            "groupBy": [],
                            "funcList": [],
                            "fieldFunc": "sum",
                            "fieldType": "float",
                            "namespace": "metric",
                            "dataSource": "cloud_bill",
                            "queryFuncs": [],
                            "groupByTime": "",
                            "indexFilter": ""
                        },
                        "datasource": "dataflux"
                    }
                ]
            },
            {
                "extend": {
                    "settings": {
                        "alias": [],
                        "units": [
                            {
                                "key": "sum(offical_amount)",
                                "name": "sum(offical_amount)",
                                "unit": "",
                                "units": [
                                    "rmb",
                                    "yuan"
                                ]
                            }
                        ],
                        "colors": [],
                        "levels": [],
                        "bgColor": "",
                        "mappings": [],
                        "showLine": false,
                        "fixedTime": "",
                        "fontColor": "",
                        "lineColor": "#3AB8FF",
                        "precision": "2",
                        "showTitle": true,
                        "titleDesc": "",
                        "downsample": "last",
                        "compareType": "",
                        "openCompare": false,
                        "compareTitle": "",
                        "showLineAxis": false,
                        "timeInterval": "default",
                        "isTimeInterval": false,
                        "currentChartType": "singlestat",
                        "showFieldMapping": false
                    },
                    "fixedTime": "",
                    "isRefresh": true
                },
                "group": {
                    "name": "费用趋势"
                },
                "name": "账号优惠金额",
                "pos": {
                    "h": 10,
                    "w": 6,
                    "x": 18,
                    "y": 9.5
                },
                "type": "singlestat",
                "queries": [
                    {
                        "name": "",
                        "type": "singlestat",
                        "unit": "",
                        "color": "",
                        "qtype": "dql",
                        "query": {
                            "q": "eval(A-B, A=\"M::`cloud_bill`:(SUM(`offical_amount`)) { `cloud_provider` = '#{cloud_provider}' and `account_name` = '#{account_name}' }\", B=\"M::`cloud_bill`:(SUM(`amount`)) { `cloud_provider` = '#{cloud_provider}' and `account_name` = '#{account_name}' }\")",
                            "code": "A",
                            "type": "expression",
                            "alias": "",
                            "children": [
                                {
                                    "q": "M::`cloud_bill`:(SUM(`offical_amount`)) { `cloud_provider` = '#{cloud_provider}' and `account_name` = '#{account_name}' }",
                                    "code": "A",
                                    "fill": null,
                                    "type": "simple",
                                    "alias": "",
                                    "field": "offical_amount",
                                    "filters": [
                                        {
                                            "id": "6a7a6e20-5a52-11ed-a046-5d91ddb5ed9c",
                                            "op": "=",
                                            "name": "cloud_provider",
                                            "type": "",
                                            "logic": "and",
                                            "value": "#{cloud_provider}"
                                        },
                                        {
                                            "id": "6e110260-5a52-11ed-a046-5d91ddb5ed9c",
                                            "op": "=",
                                            "name": "account_name",
                                            "type": "",
                                            "logic": "and",
                                            "value": "#{account_name}"
                                        }
                                    ],
                                    "groupBy": [],
                                    "fieldFunc": "sum",
                                    "fieldType": "float",
                                    "namespace": "metric",
                                    "dataSource": "cloud_bill",
                                    "queryFuncs": [],
                                    "groupByTime": "",
                                    "indexFilter": ""
                                },
                                {
                                    "q": "M::`cloud_bill`:(SUM(`amount`)) { `cloud_provider` = '#{cloud_provider}' and `account_name` = '#{account_name}' }",
                                    "code": "B",
                                    "fill": null,
                                    "type": "simple",
                                    "alias": "",
                                    "field": "amount",
                                    "filters": [
                                        {
                                            "id": "7da002d0-5a52-11ed-a046-5d91ddb5ed9c",
                                            "op": "=",
                                            "name": "cloud_provider",
                                            "type": "",
                                            "logic": "and",
                                            "value": "#{cloud_provider}"
                                        },
                                        {
                                            "id": "8108d050-5a52-11ed-a046-5d91ddb5ed9c",
                                            "op": "=",
                                            "name": "account_name",
                                            "type": "",
                                            "logic": "and",
                                            "value": "#{account_name}"
                                        }
                                    ],
                                    "groupBy": [],
                                    "funcList": [],
                                    "fieldFunc": "sum",
                                    "fieldType": "float",
                                    "namespace": "metric",
                                    "dataSource": "cloud_bill",
                                    "queryFuncs": [],
                                    "groupByTime": "",
                                    "indexFilter": ""
                                }
                            ],
                            "funcList": [],
                            "expression": "A-B"
                        },
                        "datasource": "dataflux"
                    }
                ]
            },
            {
                "extend": {
                    "settings": {
                        "alias": [],
                        "units": [
                            {
                                "key": "消费金额",
                                "name": "消费金额",
                                "unit": "",
                                "units": [
                                    "rmb",
                                    "yuan"
                                ]
                            }
                        ],
                        "colors": [],
                        "levels": [],
                        "chartType": "doughnut",
                        "fixedTime": "",
                        "showTitle": true,
                        "titleDesc": "",
                        "timeInterval": "default",
                        "legendPostion": "right",
                        "isTimeInterval": false,
                        "currentChartType": "pie",
                        "showFieldMapping": false
                    },
                    "fixedTime": "",
                    "isRefresh": true
                },
                "group": {
                    "name": "账单分析"
                },
                "name": "产品费用分析",
                "pos": {
                    "h": 16,
                    "w": 9,
                    "x": 7,
                    "y": 32
                },
                "type": "pie",
                "queries": [
                    {
                        "name": "",
                        "type": "pie",
                        "unit": "",
                        "color": "",
                        "qtype": "dql",
                        "query": {
                            "q": "M::`cloud_bill`:(SUM(`amount`) AS `消费金额`) { `cloud_provider` = '#{cloud_provider}' and `account_name` = '#{account_name}' } BY `product_name`",
                            "code": "A",
                            "fill": null,
                            "type": "simple",
                            "alias": "消费金额",
                            "field": "amount",
                            "filters": [
                                {
                                    "id": "2d8f39e0-5a53-11ed-a046-5d91ddb5ed9c",
                                    "op": "=",
                                    "name": "cloud_provider",
                                    "type": "",
                                    "logic": "and",
                                    "value": "#{cloud_provider}"
                                },
                                {
                                    "id": "317574c0-5a53-11ed-a046-5d91ddb5ed9c",
                                    "op": "=",
                                    "name": "account_name",
                                    "type": "",
                                    "logic": "and",
                                    "value": "#{account_name}"
                                }
                            ],
                            "groupBy": [
                                "product_name"
                            ],
                            "funcList": [],
                            "fieldFunc": "sum",
                            "fieldType": "float",
                            "namespace": "metric",
                            "dataSource": "cloud_bill",
                            "queryFuncs": [],
                            "groupByTime": "",
                            "indexFilter": ""
                        },
                        "datasource": "dataflux"
                    }
                ]
            },
            {
                "extend": {
                    "settings": {
                        "alias": [],
                        "units": [
                            {
                                "key": "sum(amount)",
                                "name": "sum(amount)",
                                "unit": "",
                                "units": [
                                    "rmb",
                                    "yuan"
                                ]
                            }
                        ],
                        "colors": [],
                        "levels": [],
                        "levelArr": [],
                        "fixedTime": "",
                        "showTitle": true,
                        "titleDesc": "",
                        "colorLevel": 3,
                        "rangeColor": "",
                        "showLegend": false,
                        "timeInterval": "default",
                        "rangeColorKey": "light-blue",
                        "isTimeInterval": false,
                        "currentChartType": "treemap",
                        "showFieldMapping": false,
                        "mainMeasurementSort": "top",
                        "mainMeasurementLimit": 10,
                        "mainMeasurementQueryCode": "A"
                    },
                    "fixedTime": ""
                },
                "group": {
                    "name": "账单分析"
                },
                "name": "产品消费占比分析",
                "pos": {
                    "h": 16,
                    "w": 8,
                    "x": 16,
                    "y": 32
                },
                "type": "treemap",
                "queries": [
                    {
                        "name": "",
                        "type": "treemap",
                        "unit": "",
                        "color": "",
                        "qtype": "dql",
                        "query": {
                            "q": "M::`cloud_bill`:(SUM(`amount`)) { `cloud_provider` = '#{cloud_provider}' and `account_name` = '#{account_name}' } BY `product_name`",
                            "code": "A",
                            "fill": null,
                            "type": "simple",
                            "alias": "",
                            "field": "amount",
                            "filters": [
                                {
                                    "id": "57139540-5a53-11ed-a046-5d91ddb5ed9c",
                                    "op": "=",
                                    "name": "cloud_provider",
                                    "type": "",
                                    "logic": "and",
                                    "value": "#{cloud_provider}"
                                },
                                {
                                    "id": "5ae75990-5a53-11ed-a046-5d91ddb5ed9c",
                                    "op": "=",
                                    "name": "account_name",
                                    "type": "",
                                    "logic": "and",
                                    "value": "#{account_name}"
                                }
                            ],
                            "groupBy": [
                                "product_name"
                            ],
                            "funcList": [],
                            "fieldFunc": "sum",
                            "fieldType": "float",
                            "namespace": "metric",
                            "dataSource": "cloud_bill",
                            "queryFuncs": [],
                            "groupByTime": "",
                            "indexFilter": ""
                        },
                        "datasource": "dataflux"
                    }
                ]
            },
            {
                "extend": {
                    "settings": {
                        "alias": [],
                        "units": [
                            {
                                "key": "avg(amount)",
                                "name": "avg(amount)",
                                "unit": "",
                                "units": [
                                    "rmb",
                                    "yuan"
                                ]
                            },
                            {
                                "key": "avg(offical_amount)",
                                "name": "avg(offical_amount)",
                                "unit": "",
                                "units": [
                                    "rmb",
                                    "yuan"
                                ]
                            }
                        ],
                        "colors": [],
                        "levels": [],
                        "pageSize": 0,
                        "fixedTime": "",
                        "queryMode": "toGroupColumn",
                        "showTitle": true,
                        "titleDesc": "",
                        "valMappings": [],
                        "timeInterval": "default",
                        "isTimeInterval": false,
                        "currentChartType": "table",
                        "showFieldMapping": false,
                        "valColorMappings": [],
                        "mainMeasurementSort": "top",
                        "mainMeasurementLimit": 20,
                        "mainMeasurementQueryCode": "A"
                    },
                    "fixedTime": ""
                },
                "group": {
                    "name": "账单分析"
                },
                "name": "费用详情",
                "pos": {
                    "h": 31,
                    "w": 17,
                    "x": 7,
                    "y": 48
                },
                "type": "table",
                "queries": [
                    {
                        "name": "",
                        "type": "table",
                        "unit": "",
                        "color": "",
                        "qtype": "dql",
                        "query": {
                            "q": "M::`cloud_bill`:(SUM(`amount`) AS `消费金额`) { `cloud_provider` = '#{cloud_provider}' and `account_name` = '#{account_name}' } BY `cloud_provider`, `account_name`, `product_name`",
                            "code": "A",
                            "fill": null,
                            "type": "simple",
                            "alias": "消费金额",
                            "field": "amount",
                            "filters": [
                                {
                                    "id": "9f7517f0-5a53-11ed-a046-5d91ddb5ed9c",
                                    "op": "=",
                                    "name": "cloud_provider",
                                    "type": "",
                                    "logic": "and",
                                    "value": "#{cloud_provider}"
                                },
                                {
                                    "id": "aa4753a0-5a53-11ed-a046-5d91ddb5ed9c",
                                    "op": "=",
                                    "name": "account_name",
                                    "type": "",
                                    "logic": "and",
                                    "value": "#{account_name}"
                                }
                            ],
                            "groupBy": [
                                "cloud_provider",
                                "account_name",
                                "product_name"
                            ],
                            "funcList": [],
                            "fieldFunc": "sum",
                            "fieldType": "float",
                            "namespace": "metric",
                            "dataSource": "cloud_bill",
                            "queryFuncs": [],
                            "groupByTime": "",
                            "indexFilter": ""
                        },
                        "datasource": "dataflux"
                    },
                    {
                        "name": "",
                        "type": "table",
                        "unit": "",
                        "color": "",
                        "qtype": "dql",
                        "query": {
                            "q": "M::`cloud_bill`:(SUM(`offical_amount`) AS `优惠金额`) { `cloud_provider` = '#{cloud_provider}' and `account_name` = '#{account_name}' } BY `cloud_provider`, `account_name`, `product_name`",
                            "code": "B",
                            "fill": null,
                            "type": "simple",
                            "alias": "优惠金额",
                            "field": "offical_amount",
                            "filters": [
                                {
                                    "id": "adc0ea00-5a53-11ed-a046-5d91ddb5ed9c",
                                    "op": "=",
                                    "name": "cloud_provider",
                                    "type": "",
                                    "logic": "and",
                                    "value": "#{cloud_provider}"
                                },
                                {
                                    "id": "ae8f5d90-5a53-11ed-a046-5d91ddb5ed9c",
                                    "op": "=",
                                    "name": "account_name",
                                    "type": "",
                                    "logic": "and",
                                    "value": "#{account_name}"
                                }
                            ],
                            "groupBy": [
                                "cloud_provider",
                                "account_name",
                                "product_name"
                            ],
                            "funcList": [],
                            "fieldFunc": "sum",
                            "fieldType": "float",
                            "namespace": "metric",
                            "dataSource": "cloud_bill",
                            "queryFuncs": [],
                            "groupByTime": "",
                            "indexFilter": ""
                        },
                        "datasource": "dataflux"
                    }
                ]
            },
            {
                "extend": {
                    "settings": {
                        "alias": [],
                        "units": [
                            {
                                "key": "消费金额",
                                "name": "消费金额",
                                "unit": "",
                                "units": [
                                    "rmb",
                                    "yuan"
                                ]
                            }
                        ],
                        "colors": [],
                        "levels": [],
                        "density": "medium",
                        "showLine": false,
                        "chartType": "areaLine",
                        "fixedTime": "",
                        "isPercent": false,
                        "openStack": false,
                        "showTitle": true,
                        "stackType": "time",
                        "titleDesc": "",
                        "compareType": "",
                        "openCompare": false,
                        "yAxixMaxVal": null,
                        "yAxixMinVal": null,
                        "compareTitle": "",
                        "legendValues": "",
                        "timeInterval": "auto",
                        "compareColors": {
                            "dayCompare": "rgba(11,11,12,0.5)",
                            "hourCompare": "#0B0B0C",
                            "weekCompare": "rgba(11,11,12,0.3)",
                            "monthCompare": "rgba(11,11,12,0.12)"
                        },
                        "legendPostion": "none",
                        "xAxisShowType": "time",
                        "isTimeInterval": true,
                        "currentChartType": "sequence",
                        "showFieldMapping": false,
                        "compareColorsDark": {
                            "dayCompare": "rgba(213,217,226,0.5)",
                            "hourCompare": "#D5D9E2",
                            "weekCompare": "rgba(213,217,226,0.25)",
                            "monthCompare": "rgba(213,217,226,0.12)"
                        },
                        "onlyShowGroupName": false,
                        "compareColorsLight": {
                            "dayCompare": "rgba(11,11,12,0.5)",
                            "hourCompare": "#0B0B0C",
                            "weekCompare": "rgba(11,11,12,0.3)",
                            "monthCompare": "rgba(11,11,12,0.12)"
                        }
                    },
                    "fixedTime": "",
                    "isRefresh": false
                },
                "group": {
                    "name": "费用趋势"
                },
                "name": "产品消费趋势",
                "pos": {
                    "h": 10,
                    "w": 8,
                    "x": 8,
                    "y": 19.5
                },
                "type": "sequence",
                "queries": [
                    {
                        "name": "",
                        "type": "sequence",
                        "unit": "",
                        "color": "",
                        "qtype": "dql",
                        "query": {
                            "q": "M::`cloud_bill`:(SUM(`amount`) AS `消费金额`) { `cloud_provider` = '#{cloud_provider}' and `account_name` = '#{account_name}' } BY `cloud_provider`, `account_name`, `product_name`",
                            "code": "A",
                            "fill": null,
                            "type": "simple",
                            "alias": "消费金额",
                            "field": "amount",
                            "filters": [
                                {
                                    "id": "8394e780-5a54-11ed-a046-5d91ddb5ed9c",
                                    "op": "=",
                                    "name": "cloud_provider",
                                    "type": "",
                                    "logic": "and",
                                    "value": "#{cloud_provider}"
                                },
                                {
                                    "id": "86ba6a70-5a54-11ed-a046-5d91ddb5ed9c",
                                    "op": "=",
                                    "name": "account_name",
                                    "type": "",
                                    "logic": "and",
                                    "value": "#{account_name}"
                                }
                            ],
                            "groupBy": [
                                "cloud_provider",
                                "account_name",
                                "product_name"
                            ],
                            "funcList": [],
                            "fieldFunc": "sum",
                            "fieldType": "float",
                            "namespace": "metric",
                            "dataSource": "cloud_bill",
                            "queryFuncs": [],
                            "groupByTime": "",
                            "indexFilter": ""
                        },
                        "datasource": "dataflux"
                    }
                ]
            },
            {
                "extend": {
                    "settings": {
                        "alias": [],
                        "units": [
                            {
                                "key": "优惠金额",
                                "name": "优惠金额",
                                "unit": "",
                                "units": [
                                    "rmb",
                                    "yuan"
                                ]
                            }
                        ],
                        "colors": [],
                        "levels": [],
                        "density": "medium",
                        "showLine": false,
                        "chartType": "areaLine",
                        "fixedTime": "",
                        "isPercent": false,
                        "openStack": false,
                        "showTitle": true,
                        "stackType": "time",
                        "titleDesc": "",
                        "compareType": "",
                        "openCompare": false,
                        "yAxixMaxVal": null,
                        "yAxixMinVal": null,
                        "compareTitle": "",
                        "legendValues": "",
                        "timeInterval": "auto",
                        "compareColors": {
                            "dayCompare": "rgba(11,11,12,0.5)",
                            "hourCompare": "#0B0B0C",
                            "weekCompare": "rgba(11,11,12,0.3)",
                            "monthCompare": "rgba(11,11,12,0.12)"
                        },
                        "legendPostion": "none",
                        "xAxisShowType": "time",
                        "isTimeInterval": true,
                        "currentChartType": "sequence",
                        "showFieldMapping": false,
                        "compareColorsDark": {
                            "dayCompare": "rgba(213,217,226,0.5)",
                            "hourCompare": "#D5D9E2",
                            "weekCompare": "rgba(213,217,226,0.25)",
                            "monthCompare": "rgba(213,217,226,0.12)"
                        },
                        "onlyShowGroupName": false,
                        "compareColorsLight": {
                            "dayCompare": "rgba(11,11,12,0.5)",
                            "hourCompare": "#0B0B0C",
                            "weekCompare": "rgba(11,11,12,0.3)",
                            "monthCompare": "rgba(11,11,12,0.12)"
                        }
                    },
                    "fixedTime": "",
                    "isRefresh": false
                },
                "group": {
                    "name": "费用趋势"
                },
                "name": "产品优惠趋势",
                "pos": {
                    "h": 10,
                    "w": 8,
                    "x": 16,
                    "y": 19.5
                },
                "type": "sequence",
                "queries": [
                    {
                        "name": "",
                        "type": "sequence",
                        "unit": "",
                        "color": "",
                        "qtype": "dql",
                        "query": {
                            "q": "eval(A-B, alias='优惠金额', A=\"M::`cloud_bill`:(SUM(`offical_amount`)) { `cloud_provider` = '#{cloud_provider}' and `account_name` = '#{account_name}' } BY `cloud_provider`, `account_name`, `product_name`\", B=\"M::`cloud_bill`:(SUM(`amount`)) { `cloud_provider` = '#{cloud_provider}' and `account_name` = '#{account_name}' } BY `cloud_provider`, `account_name`, `product_name`\")",
                            "code": "B",
                            "type": "expression",
                            "alias": "优惠金额",
                            "children": [
                                {
                                    "q": "M::`cloud_bill`:(SUM(`offical_amount`)) { `cloud_provider` = '#{cloud_provider}' and `account_name` = '#{account_name}' } BY `cloud_provider`, `account_name`, `product_name`",
                                    "code": "A",
                                    "fill": null,
                                    "type": "simple",
                                    "alias": "",
                                    "field": "offical_amount",
                                    "fillNum": null,
                                    "filters": [
                                        {
                                            "id": "49597480-5a56-11ed-a046-5d91ddb5ed9c",
                                            "op": "=",
                                            "name": "cloud_provider",
                                            "logic": "and",
                                            "value": "#{cloud_provider}"
                                        },
                                        {
                                            "id": "49597481-5a56-11ed-a046-5d91ddb5ed9c",
                                            "op": "=",
                                            "name": "account_name",
                                            "logic": "and",
                                            "value": "#{account_name}"
                                        }
                                    ],
                                    "groupBy": [
                                        "cloud_provider",
                                        "account_name",
                                        "product_name"
                                    ],
                                    "funcList": [],
                                    "fieldFunc": "sum",
                                    "fieldType": "float",
                                    "namespace": "metric",
                                    "dataSource": "cloud_bill",
                                    "queryFuncs": [],
                                    "withLabels": [],
                                    "groupByTime": ""
                                },
                                {
                                    "q": "M::`cloud_bill`:(SUM(`amount`)) { `cloud_provider` = '#{cloud_provider}' and `account_name` = '#{account_name}' } BY `cloud_provider`, `account_name`, `product_name`",
                                    "code": "B",
                                    "fill": null,
                                    "type": "simple",
                                    "alias": "",
                                    "field": "amount",
                                    "filters": [
                                        {
                                            "id": "3fcc8a10-5a56-11ed-a046-5d91ddb5ed9c",
                                            "op": "=",
                                            "name": "cloud_provider",
                                            "type": "",
                                            "logic": "and",
                                            "value": "#{cloud_provider}"
                                        },
                                        {
                                            "id": "450ed280-5a56-11ed-a046-5d91ddb5ed9c",
                                            "op": "=",
                                            "name": "account_name",
                                            "type": "",
                                            "logic": "and",
                                            "value": "#{account_name}"
                                        }
                                    ],
                                    "groupBy": [
                                        "cloud_provider",
                                        "account_name",
                                        "product_name"
                                    ],
                                    "funcList": [],
                                    "fieldFunc": "sum",
                                    "fieldType": "float",
                                    "namespace": "metric",
                                    "dataSource": "cloud_bill",
                                    "queryFuncs": [],
                                    "groupByTime": "",
                                    "indexFilter": ""
                                }
                            ],
                            "funcList": [],
                            "expression": "A-B"
                        },
                        "datasource": "dataflux"
                    }
                ]
            },
            {
                "extend": {
                    "settings": {
                        "alias": [],
                        "units": [],
                        "colors": [],
                        "levels": [],
                        "fixedTime": "",
                        "showTitle": false,
                        "titleDesc": "",
                        "timeInterval": "default",
                        "isTimeInterval": false,
                        "showFieldMapping": false
                    }
                },
                "group": {
                    "name": null
                },
                "name": "新建图表",
                "pos": {
                    "h": 7,
                    "w": 24,
                    "x": 0,
                    "y": 0
                },
                "type": "text",
                "queries": [
                    {
                        "name": "",
                        "query": {
                            "content": " # <span style=\"color:red;\"> 账单数据时间为 T - 2，请至少选择最近 3 天，查看 2 天前的数据 </span>"
                        }
                    }
                ]
            }
        ],
        "groups": [
            "费用趋势",
            "账单分析"
        ],
        "type": "template"
    }
}