{
    "title": "异常问题总览看板",
    "dashboardType": "CUSTOM",
    "dashboardExtend": {},
    "dashboardMapping": [],
    "dashboardOwnerType": "node",
    "iconSet": {},
    "dashboardBindSet": [],
    "thumbnail": "",
    "tags": [],
    "summary": "",
    "main": {
        "vars": [],
        "charts": [
            {
                "extend": {
                    "links": [
                        {
                            "url": "/logIndi/log/all?time=#{TR}&tags=#{T}",
                            "show": true,
                            "type": "logging"
                        },
                        {
                            "url": "/objectadmin/docker_containers?routerTabActive=ObjectadminDocker&time=#{TR}&tags=#{T}",
                            "show": true,
                            "type": "container"
                        },
                        {
                            "url": "/objectadmin/host_processes?routerTabActive=ObjectadminProcesses&time=#{TR}&tags=#{T}",
                            "show": true,
                            "type": "processes"
                        },
                        {
                            "url": "/tracing/link/all?time=#{TR}&tags=#{T}",
                            "show": true,
                            "type": "tracing"
                        }
                    ],
                    "settings": {
                        "units": [],
                        "colors": [],
                        "levels": [],
                        "pageSize": 0,
                        "fixedTime": "12h",
                        "queryMode": "toGroupColumn",
                        "showTitle": true,
                        "titleDesc": "",
                        "compareType": "",
                        "openCompare": false,
                        "valMappings": [],
                        "compareTitle": "",
                        "timeInterval": "default",
                        "isTimeInterval": false,
                        "currentChartType": "table",
                        "showFieldMapping": false,
                        "valColorMappings": []
                    },
                    "fixedTime": {
                        "key": "12h",
                        "text": "最近12小时"
                    }
                },
                "group": {
                    "name": "异常数据明细"
                },
                "name": "链路 5xx 错误（近12小时）",
                "pos": {
                    "h": 16,
                    "i": "chrt_31e9714cfae6478ebe56e1104fd26c72",
                    "w": 10,
                    "x": 6,
                    "y": 28.5
                },
                "type": "table",
                "queries": [
                    {
                        "name": "",
                        "type": "table",
                        "unit": "",
                        "color": "",
                        "qtype": "dql",
                        "query": {
                            "q": "T::RE(`.*`):(LAST(`resource`) as Resource) { `http_status_code` >= '500' } BY `trace_id`, `service`",
                            "code": "A",
                            "fill": null,
                            "type": "dql",
                            "alias": "Resource",
                            "field": "resource",
                            "fillNum": null,
                            "filters": [
                                {
                                    "op": ">=",
                                    "name": "http_status_code",
                                    "logic": "and",
                                    "value": "500"
                                }
                            ],
                            "groupBy": [
                                "trace_id",
                                "service"
                            ],
                            "funcList": [
                                "last",
                                "top:100"
                            ],
                            "fieldFunc": "last",
                            "namespace": "tracing",
                            "dataSource": ".*",
                            "queryFuncs": [],
                            "withLabels": [],
                            "groupByTime": "",
                            "dataSourceFunc": "re"
                        },
                        "datasource": "dataflux"
                    },
                    {
                        "name": "",
                        "type": "table",
                        "unit": "",
                        "color": "",
                        "qtype": "dql",
                        "query": {
                            "q": "T::RE(`.*`):(LAST(`http_status_code`) as `HTTP 状态码`) { `http_status_code` >= '500' } BY `trace_id`, `service`",
                            "code": "B",
                            "fill": null,
                            "type": "dql",
                            "alias": "HTTP 状态码",
                            "field": "http_status_code",
                            "fillNum": null,
                            "filters": [
                                {
                                    "op": ">=",
                                    "name": "http_status_code",
                                    "logic": "and",
                                    "value": "500"
                                }
                            ],
                            "groupBy": [
                                "trace_id",
                                "service"
                            ],
                            "funcList": [
                                "last"
                            ],
                            "fieldFunc": "last",
                            "namespace": "tracing",
                            "dataSource": ".*",
                            "queryFuncs": [],
                            "withLabels": [],
                            "groupByTime": "",
                            "dataSourceFunc": "re"
                        },
                        "datasource": "dataflux"
                    }
                ]
            },
            {
                "extend": {
                    "links": [],
                    "settings": {
                        "units": [],
                        "colors": [],
                        "levels": [],
                        "pageSize": 0,
                        "fixedTime": "12h",
                        "queryMode": "toGroupColumn",
                        "showTitle": true,
                        "titleDesc": "",
                        "compareType": "",
                        "openCompare": false,
                        "compareTitle": "",
                        "timeInterval": "default",
                        "isTimeInterval": false,
                        "currentChartType": "table",
                        "showFieldMapping": false
                    },
                    "fixedTime": {
                        "key": "12h",
                        "text": "最近12小时"
                    }
                },
                "group": {
                    "name": "异常数据明细"
                },
                "name": "日志错误数量（近12小时）",
                "pos": {
                    "h": 21,
                    "i": "chrt_49f0a68c867f433aa08032969abc46ab",
                    "w": 6,
                    "x": 0,
                    "y": 49.5
                },
                "type": "table",
                "queries": [
                    {
                        "name": "",
                        "type": "table",
                        "unit": "",
                        "color": "",
                        "qtype": "dql",
                        "query": {
                            "q": "L::RE(`.*`):(COUNT(`create_time`) AS `ERROR 日志数量`) { `status` = 'error', source != 'aliyun-es-INSTANCELOG' } BY `source`, `status`",
                            "code": "A",
                            "fill": null,
                            "type": "dql",
                            "alias": "ERROR 日志数量",
                            "field": "create_time",
                            "fillNum": null,
                            "filters": [
                                {
                                    "op": "=",
                                    "name": "status",
                                    "logic": "and",
                                    "value": "error"
                                }
                            ],
                            "groupBy": [
                                "source",
                                "status"
                            ],
                            "funcList": [
                                "last",
                                "top:100"
                            ],
                            "fieldFunc": "count",
                            "namespace": "logging",
                            "dataSource": ".*",
                            "queryFuncs": [],
                            "withLabels": [],
                            "groupByTime": "",
                            "dataSourceFunc": "re"
                        },
                        "datasource": "dataflux"
                    }
                ]
            },
            {
                "extend": {
                    "settings": {
                        "units": [
                            {
                                "key": "P90 响应时间",
                                "name": "P90 响应时间",
                                "unit": "",
                                "units": [
                                    "time",
                                    "μs"
                                ]
                            }
                        ],
                        "colors": [],
                        "levels": [],
                        "pageSize": 0,
                        "fixedTime": "12h",
                        "queryMode": "toGroupColumn",
                        "showTitle": true,
                        "titleDesc": "",
                        "compareType": "",
                        "openCompare": false,
                        "compareTitle": "",
                        "timeInterval": "default",
                        "isTimeInterval": false,
                        "currentChartType": "table",
                        "showFieldMapping": false
                    },
                    "fixedTime": {
                        "key": "12h",
                        "text": "最近12小时"
                    },
                    "fixedGroupByTime": null
                },
                "group": {
                    "name": "异常数据明细"
                },
                "name": "链路服务 P90 响应时间（近12小时）",
                "pos": {
                    "h": 21,
                    "i": "chrt_c946f742b8594e14b9c1840cd6361657",
                    "w": 6,
                    "x": 0,
                    "y": 28.5
                },
                "type": "table",
                "queries": [
                    {
                        "name": "",
                        "type": "table",
                        "unit": "",
                        "color": "",
                        "qtype": "dql",
                        "query": {
                            "q": "T::RE(`.*`):(PERCENTILE(`duration`, 90) AS `P90 响应时间`)  BY `service`",
                            "code": "A",
                            "fill": null,
                            "type": "dql",
                            "alias": "P90 响应时间",
                            "field": "duration",
                            "fillNum": null,
                            "filters": [],
                            "groupBy": [
                                "service"
                            ],
                            "funcList": [
                                "last",
                                "top:100"
                            ],
                            "fieldFunc": "p90",
                            "namespace": "tracing",
                            "dataSource": ".*",
                            "queryFuncs": [],
                            "withLabels": [],
                            "groupByTime": "",
                            "dataSourceFunc": "re"
                        },
                        "datasource": "dataflux"
                    }
                ]
            },
            {
                "extend": {
                    "settings": {
                        "units": [],
                        "colors": [],
                        "levels": [
                            {
                                "value": [
                                    "10"
                                ],
                                "bgColor": "",
                                "fontColor": "#05E727",
                                "lineColor": "#05E727",
                                "operation": "<="
                            },
                            {
                                "value": [
                                    "10"
                                ],
                                "bgColor": "",
                                "fontColor": "#FB0909",
                                "lineColor": "#FB0909",
                                "operation": ">"
                            }
                        ],
                        "bgColor": "",
                        "mappings": [],
                        "showLine": true,
                        "fixedTime": "12h",
                        "fontColor": "",
                        "lineColor": "#3AB8FF",
                        "precision": "2",
                        "showTitle": true,
                        "titleDesc": "",
                        "downsample": "last",
                        "compareType": "",
                        "openCompare": false,
                        "compareTitle": "",
                        "showLineAxis": false,
                        "timeInterval": "default",
                        "isTimeInterval": false,
                        "currentChartType": "singlestat",
                        "showFieldMapping": false
                    },
                    "fixedTime": {
                        "key": "12h",
                        "text": "最近12小时"
                    }
                },
                "group": {
                    "name": "概览"
                },
                "name": "5xx 错误链路数",
                "pos": {
                    "h": 12,
                    "i": "chrt_b4436e5b61f8409c867de4531f09b8de",
                    "w": 4,
                    "x": 4,
                    "y": 2
                },
                "type": "singlestat",
                "queries": [
                    {
                        "name": "",
                        "type": "singlestat",
                        "unit": "",
                        "color": "",
                        "qtype": "dql",
                        "query": {
                            "q": "T::RE(`.*`):(COUNT_DISTINCT(`trace_id`)) { `http_status_code` >= '500' }",
                            "code": "A",
                            "fill": null,
                            "type": "simple",
                            "alias": "",
                            "field": "trace_id",
                            "fillNum": null,
                            "filters": [
                                {
                                    "id": "ebacefa0-aa8e-11ec-9672-bb7d4a312711",
                                    "op": ">=",
                                    "name": "http_status_code",
                                    "logic": "and",
                                    "value": "500"
                                }
                            ],
                            "groupBy": [],
                            "funcList": [
                                "last"
                            ],
                            "fieldFunc": "count_distinct",
                            "fieldType": "keyword",
                            "namespace": "tracing",
                            "dataSource": "*",
                            "queryFuncs": [],
                            "withLabels": [],
                            "groupByTime": ""
                        },
                        "datasource": "dataflux"
                    }
                ]
            },
            {
                "extend": {
                    "settings": {
                        "units": [],
                        "colors": [],
                        "levels": [
                            {
                                "value": [
                                    "10"
                                ],
                                "bgColor": "",
                                "fontColor": "#02FF02",
                                "lineColor": "",
                                "operation": "<="
                            },
                            {
                                "value": [
                                    "10"
                                ],
                                "bgColor": "",
                                "fontColor": "#FE0303",
                                "lineColor": "#FE0303",
                                "operation": ">"
                            }
                        ],
                        "bgColor": "",
                        "mappings": [],
                        "showLine": true,
                        "fixedTime": "12h",
                        "fontColor": "",
                        "lineColor": "#3AB8FF",
                        "precision": "2",
                        "showTitle": true,
                        "titleDesc": "日志",
                        "downsample": "last",
                        "compareType": "",
                        "openCompare": false,
                        "compareTitle": "",
                        "showLineAxis": false,
                        "timeInterval": "default",
                        "isTimeInterval": false,
                        "currentChartType": "singlestat",
                        "showFieldMapping": false
                    },
                    "fixedTime": {
                        "key": "12h",
                        "text": "最近12小时"
                    }
                },
                "group": {
                    "name": "概览"
                },
                "name": "错误日志数",
                "pos": {
                    "h": 12,
                    "i": "chrt_bcd6bcf22beb4c7c9ffd9a57ab1d6743",
                    "w": 4,
                    "x": 8,
                    "y": 2
                },
                "type": "singlestat",
                "queries": [
                    {
                        "name": "",
                        "type": "singlestat",
                        "unit": "",
                        "color": "",
                        "qtype": "dql",
                        "query": {
                            "q": "L::RE(`.*`):(COUNT(`__docid`)) { `status` = 'error', `source` != 'http_dial_testing', `source` != 'aliyun-es-INSTANCELOG' }",
                            "code": "A",
                            "fill": null,
                            "type": "dql",
                            "field": "__docid",
                            "fillNum": null,
                            "filters": [
                                {
                                    "op": "=",
                                    "name": "status",
                                    "logic": "and",
                                    "value": "error"
                                }
                            ],
                            "groupBy": [],
                            "funcList": [
                                "last"
                            ],
                            "fieldFunc": "count",
                            "namespace": "logging",
                            "dataSource": ".*",
                            "queryFuncs": [],
                            "withLabels": [],
                            "groupByTime": "",
                            "dataSourceFunc": "re"
                        },
                        "datasource": "dataflux"
                    }
                ]
            },
            {
                "extend": {
                    "settings": {
                        "units": [],
                        "colors": [],
                        "levels": [
                            {
                                "value": [
                                    "0"
                                ],
                                "bgColor": "",
                                "fontColor": "#02FF02",
                                "lineColor": "",
                                "operation": "="
                            },
                            {
                                "value": [
                                    "0"
                                ],
                                "bgColor": "",
                                "fontColor": "#FE0303",
                                "lineColor": "#FE0303",
                                "operation": "!="
                            }
                        ],
                        "bgColor": "",
                        "mappings": [],
                        "showLine": true,
                        "fixedTime": "12h",
                        "fontColor": "",
                        "lineColor": "#3AB8FF",
                        "precision": "2",
                        "showTitle": true,
                        "titleDesc": "日志",
                        "downsample": "last",
                        "compareType": "",
                        "openCompare": false,
                        "compareTitle": "",
                        "showLineAxis": false,
                        "timeInterval": "default",
                        "isTimeInterval": false,
                        "currentChartType": "singlestat",
                        "showFieldMapping": false
                    },
                    "fixedTime": {
                        "key": "12h",
                        "text": "最近12小时"
                    }
                },
                "group": {
                    "name": "概览"
                },
                "name": "可用性监测异常域名数量",
                "pos": {
                    "h": 12,
                    "i": "chrt_453eb001a3294da3aac16eb2388c0235",
                    "w": 4,
                    "x": 12,
                    "y": 2
                },
                "type": "singlestat",
                "queries": [
                    {
                        "name": "",
                        "type": "singlestat",
                        "unit": "",
                        "color": "",
                        "qtype": "dql",
                        "query": {
                            "q": "L::`http_dial_testing`:(COUNT_DISTINCT(`url`)) { `status` = 'FAIL' }",
                            "code": "A",
                            "fill": null,
                            "type": "simple",
                            "alias": "",
                            "field": "url",
                            "fillNum": null,
                            "filters": [
                                {
                                    "id": "f6dc2610-696c-11ec-b8ed-d51db29b03b8",
                                    "op": "=",
                                    "name": "status",
                                    "logic": "and",
                                    "value": "FAIL"
                                }
                            ],
                            "groupBy": [],
                            "funcList": [
                                "last"
                            ],
                            "fieldFunc": "count_distinct",
                            "fieldType": "keyword",
                            "namespace": "logging",
                            "dataSource": "http_dial_testing",
                            "queryFuncs": [],
                            "withLabels": [],
                            "groupByTime": ""
                        },
                        "datasource": "dataflux"
                    }
                ]
            },
            {
                "extend": {
                    "links": [
                        {
                            "url": "/logIndi/log/all?time=#{TR}&tags={\"status\":[\"#{T.status}\"]}",
                            "type": "logging"
                        }
                    ],
                    "settings": {
                        "units": [],
                        "colors": [],
                        "levels": [],
                        "pageSize": 0,
                        "fixedTime": "12h",
                        "queryMode": "toGroupColumn",
                        "showTitle": true,
                        "titleDesc": "",
                        "compareType": "",
                        "openCompare": false,
                        "compareTitle": "",
                        "timeInterval": "default",
                        "isTimeInterval": false,
                        "currentChartType": "table",
                        "showFieldMapping": false
                    },
                    "fixedTime": {
                        "key": "12h",
                        "text": "最近12小时"
                    }
                },
                "group": {
                    "name": "异常数据明细"
                },
                "name": "可用性监测异常（近12小时）",
                "pos": {
                    "h": 13,
                    "i": "chrt_88bc72dca9e1495281b624412ca9616b",
                    "w": 10,
                    "x": 6,
                    "y": 44.5
                },
                "type": "table",
                "queries": [
                    {
                        "name": "",
                        "type": "table",
                        "unit": "",
                        "color": "",
                        "qtype": "dql",
                        "query": {
                            "q": "L::`http_dial_testing`:(COUNT(`url`) AS `拨测错误次数`) { `status` = 'FAIL' } BY `url`",
                            "code": "A",
                            "fill": null,
                            "type": "simple",
                            "alias": "拨测错误次数",
                            "field": "url",
                            "fillNum": null,
                            "filters": [
                                {
                                    "id": "323182a0-696d-11ec-b8ed-d51db29b03b8",
                                    "op": "=",
                                    "name": "status",
                                    "logic": "and",
                                    "value": "FAIL"
                                }
                            ],
                            "groupBy": [
                                "url"
                            ],
                            "funcList": [
                                "last",
                                "top:20"
                            ],
                            "fieldFunc": "count",
                            "fieldType": "keyword",
                            "namespace": "logging",
                            "dataSource": "http_dial_testing",
                            "queryFuncs": [],
                            "withLabels": [],
                            "groupByTime": ""
                        },
                        "datasource": "dataflux"
                    }
                ]
            },
            {
                "extend": {
                    "settings": {
                        "units": [],
                        "colors": [],
                        "levels": [
                            {
                                "value": [
                                    "0"
                                ],
                                "bgColor": "",
                                "fontColor": "#02FF02",
                                "lineColor": "",
                                "operation": "="
                            },
                            {
                                "value": [
                                    "0"
                                ],
                                "bgColor": "",
                                "fontColor": "#FE0303",
                                "lineColor": "#FE0303",
                                "operation": "!="
                            }
                        ],
                        "bgColor": "",
                        "mappings": [],
                        "showLine": true,
                        "fixedTime": "12h",
                        "fontColor": "",
                        "lineColor": "#3AB8FF",
                        "precision": "2",
                        "showTitle": true,
                        "titleDesc": "日志",
                        "downsample": "last",
                        "compareType": "",
                        "openCompare": false,
                        "compareTitle": "",
                        "showLineAxis": false,
                        "timeInterval": "default",
                        "isTimeInterval": false,
                        "currentChartType": "singlestat",
                        "showFieldMapping": false
                    },
                    "fixedTime": {
                        "key": "12h",
                        "text": "最近12小时"
                    }
                },
                "group": {
                    "name": "概览"
                },
                "name": "严重的安全巡检事件数量",
                "pos": {
                    "h": 12,
                    "i": "chrt_afd462ab8f1543bca20d5da534b45238",
                    "w": 4,
                    "x": 16,
                    "y": 2
                },
                "type": "singlestat",
                "queries": [
                    {
                        "name": "",
                        "type": "singlestat",
                        "unit": "",
                        "color": "",
                        "qtype": "dql",
                        "query": {
                            "q": "S::RE(`.*`):(COUNT(`__docid`)) { `level` = 'critical' }",
                            "code": "A",
                            "fill": null,
                            "type": "dql",
                            "field": "__docid",
                            "fillNum": null,
                            "filters": [
                                {
                                    "op": "=",
                                    "name": "level",
                                    "logic": "and",
                                    "value": "critical"
                                }
                            ],
                            "groupBy": [],
                            "funcList": [
                                "last"
                            ],
                            "fieldFunc": "count",
                            "namespace": "security",
                            "dataSource": ".*",
                            "queryFuncs": [],
                            "withLabels": [],
                            "groupByTime": "",
                            "dataSourceFunc": "re"
                        },
                        "datasource": "dataflux"
                    }
                ]
            },
            {
                "extend": {
                    "settings": {
                        "alias": [],
                        "units": [
                            {
                                "key": "错误率",
                                "name": "错误率",
                                "unit": "",
                                "units": [
                                    "percent",
                                    "percent_decimal"
                                ]
                            }
                        ],
                        "colors": [],
                        "levels": [
                            {
                                "value": [
                                    "0.05"
                                ],
                                "bgColor": "",
                                "fontColor": "#02FF02",
                                "lineColor": "",
                                "operation": "<="
                            },
                            {
                                "value": [
                                    "0.05"
                                ],
                                "bgColor": "",
                                "fontColor": "#FE0303",
                                "lineColor": "#FE0303",
                                "operation": ">"
                            }
                        ],
                        "bgColor": "",
                        "mappings": [],
                        "showLine": true,
                        "fixedTime": "12h",
                        "fontColor": "",
                        "lineColor": "#3AB8FF",
                        "precision": "2",
                        "showTitle": true,
                        "titleDesc": "日志",
                        "downsample": "last",
                        "compareType": "",
                        "openCompare": false,
                        "compareTitle": "",
                        "showLineAxis": false,
                        "timeInterval": "default",
                        "isTimeInterval": false,
                        "currentChartType": "singlestat",
                        "showFieldMapping": false
                    },
                    "fixedTime": {
                        "key": "12h",
                        "text": "最近 12 小时"
                    },
                    "isRefresh": false
                },
                "group": {
                    "name": "概览"
                },
                "name": "前端页面错误率",
                "pos": {
                    "h": 12,
                    "i": "chrt_81db49c9447e49b2b8f75b77c67ab4c5",
                    "w": 4,
                    "x": 20,
                    "y": 2
                },
                "type": "singlestat",
                "queries": [
                    {
                        "name": "",
                        "type": "singlestat",
                        "unit": "",
                        "color": "",
                        "qtype": "dql",
                        "query": {
                            "q": "F::dataflux__dql:(EXEC_FORMULA(expr='A/B', alias='错误率', A=dql(\"R::`view`:(fill(count(`view_id`), 0) as count1) {`app_id` = 'cn4_guance_prod' and `view_error_count` > 0}\"), B=dql(\"R::view:(fill(count(`view_id`), 0) as count2) {`app_id` = 'cn4_guance_prod'}\")))",
                            "code": "A",
                            "type": "dql",
                            "funcList": [
                                "last"
                            ]
                        },
                        "datasource": "dataflux"
                    }
                ]
            },
            {
                "extend": {
                    "links": [
                        {
                            "url": "/logIndi/log/all?time=#{TR}&tags={\"status\":[\"#{T.status}\"]}",
                            "type": "logging"
                        }
                    ],
                    "settings": {
                        "units": [],
                        "colors": [],
                        "levels": [],
                        "pageSize": 0,
                        "fixedTime": "12h",
                        "queryMode": "toGroupColumn",
                        "showTitle": true,
                        "titleDesc": "",
                        "compareType": "",
                        "openCompare": false,
                        "compareTitle": "",
                        "timeInterval": "default",
                        "isTimeInterval": false,
                        "currentChartType": "table",
                        "showFieldMapping": false
                    },
                    "fixedTime": {
                        "key": "12h",
                        "text": "最近12小时"
                    }
                },
                "group": {
                    "name": "异常数据明细"
                },
                "name": "严重的安全巡检事件（近12小时）",
                "pos": {
                    "h": 13,
                    "i": "chrt_79d97bb3a9de450eb7a4f711fc6d9a05",
                    "w": 10,
                    "x": 6,
                    "y": 57.5
                },
                "type": "table",
                "queries": [
                    {
                        "name": "",
                        "type": "table",
                        "unit": "",
                        "color": "",
                        "qtype": "dql",
                        "query": {
                            "q": "S::re(`.*`):(`message`){ `level` IN ['critical'] } by `__docid`",
                            "code": "A",
                            "fill": null,
                            "type": "dql",
                            "field": "message",
                            "fillNum": null,
                            "filters": [
                                {
                                    "op": "in",
                                    "name": "level",
                                    "logic": "and",
                                    "value": [
                                        "critical"
                                    ]
                                }
                            ],
                            "groupBy": [
                                "__docid"
                            ],
                            "funcList": [
                                "last",
                                "top:100"
                            ],
                            "namespace": "security",
                            "dataSource": ".*",
                            "queryFuncs": [],
                            "withLabels": [],
                            "groupByTime": "",
                            "dataSourceFunc": "re"
                        },
                        "datasource": "dataflux"
                    }
                ]
            },
            {
                "extend": {
                    "links": [
                        {
                            "url": "/logIndi/log/all?time=#{TR}&tags={\"status\":[\"#{T.status}\"]}",
                            "show": true,
                            "type": "logging"
                        },
                        {
                            "url": "/objectadmin/docker_containers?routerTabActive=ObjectadminDocker&time=#{TR}&tags=#{T}",
                            "show": true,
                            "type": "container"
                        },
                        {
                            "url": "/objectadmin/host_processes?routerTabActive=ObjectadminProcesses&time=#{TR}&tags=#{T}",
                            "show": true,
                            "type": "processes"
                        },
                        {
                            "url": "/tracing/link/all?time=#{TR}&tags=#{T}",
                            "show": true,
                            "type": "tracing"
                        }
                    ],
                    "settings": {
                        "units": [],
                        "colors": [],
                        "levels": [],
                        "pageSize": 0,
                        "fixedTime": "12h",
                        "queryMode": "toGroupColumn",
                        "showTitle": true,
                        "titleDesc": "",
                        "compareType": "",
                        "openCompare": false,
                        "valMappings": [],
                        "compareTitle": "",
                        "timeInterval": "default",
                        "isTimeInterval": false,
                        "currentChartType": "table",
                        "showFieldMapping": false,
                        "valColorMappings": []
                    },
                    "fixedTime": {
                        "key": "12h",
                        "text": "最近12小时"
                    }
                },
                "group": {
                    "name": "异常数据明细"
                },
                "name": "前端网络资源错误（近12小时）",
                "pos": {
                    "h": 16,
                    "i": "chrt_7288e72595d94994b9e217dd32670d81",
                    "w": 8,
                    "x": 16,
                    "y": 28.5
                },
                "type": "table",
                "queries": [
                    {
                        "name": "",
                        "type": "table",
                        "unit": "",
                        "color": "",
                        "qtype": "dql",
                        "query": {
                            "q": "R::`error`:(COUNT_DISTINCT(`session_id`) AS `错误会话数`) { `app_id` = 'appid_b63402ad0e6e41d4a9119b26e572e463' and `error_source` = 'network' } BY `resource_url_path_group`",
                            "code": "A",
                            "fill": null,
                            "type": "simple",
                            "alias": "错误会话数",
                            "field": "session_id",
                            "fillNum": null,
                            "filters": [
                                {
                                    "id": "a2525680-7873-11ec-a8b3-4b2fab4483ac",
                                    "op": "=",
                                    "name": "app_id",
                                    "logic": "and",
                                    "value": "appid_b63402ad0e6e41d4a9119b26e572e463"
                                },
                                {
                                    "id": "a2525681-7873-11ec-a8b3-4b2fab4483ac",
                                    "op": "=",
                                    "name": "error_source",
                                    "logic": "and",
                                    "value": "network"
                                }
                            ],
                            "groupBy": [
                                "resource_url_path_group"
                            ],
                            "funcList": [
                                "last",
                                "top:20"
                            ],
                            "fieldFunc": "count_distinct",
                            "fieldType": "keyword",
                            "namespace": "rum",
                            "dataSource": "error",
                            "queryFuncs": [],
                            "withLabels": [],
                            "groupByTime": ""
                        },
                        "datasource": "dataflux"
                    },
                    {
                        "name": "",
                        "type": "table",
                        "unit": "",
                        "color": "",
                        "qtype": "dql",
                        "query": {
                            "q": "R::`error`:(COUNT(`resource_status`) AS `错误数`) { `app_id` = 'appid_b63402ad0e6e41d4a9119b26e572e463' and `error_source` = 'network' } BY `resource_url_path_group`",
                            "code": "B",
                            "fill": null,
                            "type": "simple",
                            "alias": "错误数",
                            "field": "resource_status",
                            "fillNum": null,
                            "filters": [
                                {
                                    "id": "a37f16b0-7873-11ec-a8b3-4b2fab4483ac",
                                    "op": "=",
                                    "name": "app_id",
                                    "logic": "and",
                                    "value": "appid_b63402ad0e6e41d4a9119b26e572e463"
                                },
                                {
                                    "id": "a37f16b1-7873-11ec-a8b3-4b2fab4483ac",
                                    "op": "=",
                                    "name": "error_source",
                                    "logic": "and",
                                    "value": "network"
                                }
                            ],
                            "groupBy": [
                                "resource_url_path_group"
                            ],
                            "funcList": [
                                "last"
                            ],
                            "fieldFunc": "count",
                            "fieldType": "keyword",
                            "namespace": "rum",
                            "dataSource": "error",
                            "queryFuncs": [],
                            "withLabels": [],
                            "groupByTime": ""
                        },
                        "datasource": "dataflux"
                    }
                ]
            },
            {
                "extend": {
                    "settings": {
                        "alias": [],
                        "units": [
                            {
                                "key": "avg(write_response_avg_time)",
                                "name": "avg(write_response_avg_time)",
                                "unit": "",
                                "units": [
                                    "time",
                                    "ms"
                                ]
                            }
                        ],
                        "colors": [],
                        "levels": [
                            {
                                "value": [
                                    "1000"
                                ],
                                "bgColor": "",
                                "fontColor": "#1FF906",
                                "lineColor": "",
                                "operation": "<="
                            },
                            {
                                "value": [
                                    "3000"
                                ],
                                "bgColor": "",
                                "fontColor": "#FFBD5F",
                                "lineColor": "",
                                "operation": "<="
                            },
                            {
                                "value": [
                                    "3000"
                                ],
                                "bgColor": "",
                                "fontColor": "#FE0303",
                                "lineColor": "",
                                "operation": ">"
                            }
                        ],
                        "bgColor": "",
                        "mappings": [],
                        "showLine": false,
                        "fixedTime": "12h",
                        "fontColor": "",
                        "lineColor": "#3AB8FF",
                        "precision": "2",
                        "showTitle": true,
                        "titleDesc": "",
                        "downsample": "last",
                        "compareType": "",
                        "openCompare": false,
                        "compareTitle": "",
                        "showLineAxis": false,
                        "timeInterval": "default",
                        "isTimeInterval": false,
                        "currentChartType": "singlestat",
                        "showFieldMapping": false
                    },
                    "fixedTime": {
                        "key": "12h",
                        "text": "最近 12 小时"
                    },
                    "isRefresh": true
                },
                "group": {
                    "name": "概览"
                },
                "name": "指标平均写入延时",
                "pos": {
                    "h": 12,
                    "i": "chrt_9eba286b828d462296941a2733c14442",
                    "w": 4,
                    "x": 0,
                    "y": 14
                },
                "type": "singlestat",
                "queries": [
                    {
                        "name": "",
                        "type": "singlestat",
                        "unit": "",
                        "color": "",
                        "qtype": "dql",
                        "query": {
                            "q": "M::`kodo_workers`:(AVG(`write_response_avg_time`)) { `worker` = 'metric_tdengine_worker' }",
                            "code": "A",
                            "fill": null,
                            "type": "simple",
                            "alias": "",
                            "field": "write_response_avg_time",
                            "filters": [
                                {
                                    "id": "32193290-6df5-11ec-ba71-c1efc00ac97d",
                                    "op": "=",
                                    "name": "worker",
                                    "type": "",
                                    "logic": "and",
                                    "value": "metric_tdengine_worker"
                                }
                            ],
                            "groupBy": [],
                            "funcList": [
                                "last"
                            ],
                            "fieldFunc": "avg",
                            "fieldType": "float",
                            "namespace": "metric",
                            "dataSource": "kodo_workers",
                            "queryFuncs": [],
                            "groupByTime": ""
                        },
                        "datasource": "dataflux"
                    }
                ]
            },
            {
                "extend": {
                    "settings": {
                        "units": [
                            {
                                "key": "max(write_response_avg_time)",
                                "name": "max(write_response_avg_time)",
                                "unit": "",
                                "units": [
                                    "time",
                                    "ms"
                                ]
                            }
                        ],
                        "colors": [],
                        "levels": [
                            {
                                "value": [
                                    "1500"
                                ],
                                "bgColor": "",
                                "fontColor": "#1FF906",
                                "lineColor": "",
                                "operation": "<="
                            },
                            {
                                "value": [
                                    "3000"
                                ],
                                "bgColor": "",
                                "fontColor": "#FFBD5F",
                                "lineColor": "",
                                "operation": "<="
                            },
                            {
                                "value": [
                                    "3000"
                                ],
                                "bgColor": "",
                                "fontColor": "#FE0303",
                                "lineColor": "",
                                "operation": ">"
                            }
                        ],
                        "bgColor": "",
                        "mappings": [],
                        "showLine": false,
                        "fixedTime": "12h",
                        "fontColor": "",
                        "lineColor": "#3AB8FF",
                        "precision": "2",
                        "showTitle": true,
                        "titleDesc": "",
                        "downsample": "last",
                        "compareType": "",
                        "openCompare": false,
                        "compareTitle": "",
                        "showLineAxis": false,
                        "timeInterval": "default",
                        "isTimeInterval": false,
                        "currentChartType": "singlestat",
                        "showFieldMapping": false
                    },
                    "fixedTime": {
                        "key": "12h",
                        "text": "最近12小时"
                    }
                },
                "group": {
                    "name": "概览"
                },
                "name": "ES 平均写入延时",
                "pos": {
                    "h": 12,
                    "i": "chrt_0299726a96d94a2c89f3aed2bf83a5f6",
                    "w": 4,
                    "x": 4,
                    "y": 14
                },
                "type": "singlestat",
                "queries": [
                    {
                        "name": "",
                        "type": "singlestat",
                        "unit": "",
                        "color": "",
                        "qtype": "dql",
                        "query": {
                            "q": "M::`kodo_workers`:(MAX(`write_response_avg_time`)) { `worker` != 'metric_worker' and `worker` != 'backup_worker' and `worker` != 'object_worker' }",
                            "code": "A",
                            "fill": null,
                            "type": "simple",
                            "alias": "",
                            "field": "write_response_avg_time",
                            "filters": [
                                {
                                    "id": "32193290-6df5-11ec-ba71-c1efc00ac97d",
                                    "op": "!=",
                                    "name": "worker",
                                    "type": "",
                                    "logic": "and",
                                    "value": "metric_worker"
                                },
                                {
                                    "id": "fc306d50-6df5-11ec-ba71-c1efc00ac97d",
                                    "op": "!=",
                                    "name": "worker",
                                    "type": "",
                                    "logic": "and",
                                    "value": "backup_worker"
                                },
                                {
                                    "id": "01a69700-6df6-11ec-ba71-c1efc00ac97d",
                                    "op": "!=",
                                    "name": "worker",
                                    "type": "",
                                    "logic": "and",
                                    "value": "object_worker"
                                }
                            ],
                            "groupBy": [],
                            "funcList": [
                                "last"
                            ],
                            "fieldFunc": "max",
                            "fieldType": "float",
                            "namespace": "metric",
                            "dataSource": "kodo_workers",
                            "queryFuncs": [],
                            "groupByTime": ""
                        },
                        "datasource": "dataflux"
                    }
                ]
            },
            {
                "extend": {
                    "links": [
                        {
                            "url": "/logIndi/log/all?time=#{TR}&tags={\"status\":[\"#{T.status}\"]}",
                            "type": "logging"
                        }
                    ],
                    "settings": {
                        "units": [],
                        "colors": [],
                        "levels": [],
                        "pageSize": 0,
                        "fixedTime": "12h",
                        "queryMode": "toGroupColumn",
                        "showTitle": true,
                        "titleDesc": "",
                        "compareType": "",
                        "openCompare": false,
                        "compareTitle": "",
                        "timeInterval": "default",
                        "isTimeInterval": false,
                        "currentChartType": "table",
                        "showFieldMapping": false
                    },
                    "fixedTime": {
                        "key": "12h",
                        "text": "最近12小时"
                    }
                },
                "group": {
                    "name": "异常数据明细"
                },
                "name": "前端控制台错误日志（近12小时）",
                "pos": {
                    "h": 13,
                    "i": "chrt_ed107687858e4785aa2107d799f858a8",
                    "w": 8,
                    "x": 16,
                    "y": 44.5
                },
                "type": "table",
                "queries": [
                    {
                        "name": "",
                        "type": "table",
                        "unit": "",
                        "color": "",
                        "qtype": "dql",
                        "query": {
                            "q": "R::`error`:(COUNT(`view_id`) AS `错误数`) { `app_id` = 'appid_b63402ad0e6e41d4a9119b26e572e463' and `error_source` = 'console' } BY `view_path_group`",
                            "code": "B",
                            "fill": null,
                            "type": "simple",
                            "alias": "错误数",
                            "field": "view_id",
                            "fillNum": null,
                            "filters": [
                                {
                                    "id": "9abfdc80-7873-11ec-a8b3-4b2fab4483ac",
                                    "op": "=",
                                    "name": "app_id",
                                    "logic": "and",
                                    "value": "appid_b63402ad0e6e41d4a9119b26e572e463"
                                },
                                {
                                    "id": "9abfdc81-7873-11ec-a8b3-4b2fab4483ac",
                                    "op": "=",
                                    "name": "error_source",
                                    "logic": "and",
                                    "value": "console"
                                }
                            ],
                            "groupBy": [
                                "view_path_group"
                            ],
                            "funcList": [
                                "last",
                                "top:20"
                            ],
                            "fieldFunc": "count",
                            "fieldType": "keyword",
                            "namespace": "rum",
                            "dataSource": "error",
                            "queryFuncs": [],
                            "withLabels": [],
                            "groupByTime": ""
                        },
                        "datasource": "dataflux"
                    }
                ]
            },
            {
                "extend": {
                    "links": [
                        {
                            "url": "/logIndi/log/all?time=#{TR}&tags={\"status\":[\"#{T.status}\"]}",
                            "type": "logging"
                        }
                    ],
                    "settings": {
                        "units": [],
                        "colors": [],
                        "levels": [],
                        "pageSize": 0,
                        "fixedTime": "12h",
                        "queryMode": "toGroupColumn",
                        "showTitle": true,
                        "titleDesc": "",
                        "compareType": "",
                        "openCompare": false,
                        "compareTitle": "",
                        "timeInterval": "default",
                        "isTimeInterval": false,
                        "currentChartType": "table",
                        "showFieldMapping": false
                    },
                    "fixedTime": {
                        "key": "12h",
                        "text": "最近12小时"
                    }
                },
                "group": {
                    "name": "异常数据明细"
                },
                "name": "前端代码错误（近12小时）",
                "pos": {
                    "h": 13,
                    "i": "chrt_81cb7297f37f45988a17a03d2ddbaea4",
                    "w": 8,
                    "x": 16,
                    "y": 57.5
                },
                "type": "table",
                "queries": [
                    {
                        "name": "",
                        "type": "table",
                        "unit": "",
                        "color": "",
                        "qtype": "dql",
                        "query": {
                            "q": "R::`error`:(COUNT(`view_id`) AS `错误数`) { `app_id` = 'appid_b63402ad0e6e41d4a9119b26e572e463' and `error_source` = 'source' } BY `view_path_group`, `error_type`",
                            "code": "B",
                            "fill": null,
                            "type": "simple",
                            "alias": "错误数",
                            "field": "view_id",
                            "fillNum": null,
                            "filters": [
                                {
                                    "id": "fc9d60e0-7872-11ec-a8b3-4b2fab4483ac",
                                    "op": "=",
                                    "name": "app_id",
                                    "logic": "and",
                                    "value": "appid_b63402ad0e6e41d4a9119b26e572e463"
                                },
                                {
                                    "id": "fc9d60e1-7872-11ec-a8b3-4b2fab4483ac",
                                    "op": "=",
                                    "name": "error_source",
                                    "logic": "and",
                                    "value": "source"
                                }
                            ],
                            "groupBy": [
                                "view_path_group",
                                "error_type"
                            ],
                            "funcList": [
                                "last",
                                "top:100"
                            ],
                            "fieldFunc": "count",
                            "fieldType": "keyword",
                            "namespace": "rum",
                            "dataSource": "error",
                            "queryFuncs": [],
                            "withLabels": [],
                            "groupByTime": ""
                        },
                        "datasource": "dataflux"
                    }
                ]
            },
            {
                "extend": {
                    "settings": {
                        "units": [],
                        "colors": [],
                        "levels": [],
                        "fixedTime": "7d",
                        "showTitle": true,
                        "titleDesc": "",
                        "compareType": "",
                        "openCompare": false,
                        "compareTitle": "",
                        "timeInterval": "default",
                        "showYearlySLA": true,
                        "isTimeInterval": false,
                        "currentChartType": "slo",
                        "showFieldMapping": false,
                        "showRemainingTime": true
                    },
                    "fixedTime": {
                        "key": "7d",
                        "text": "最近7天"
                    }
                },
                "group": {
                    "name": "概览"
                },
                "name": "SLO",
                "pos": {
                    "h": 12,
                    "i": "chrt_549c3d11d363464d90464d0f3f9fce5a",
                    "w": 4,
                    "x": 0,
                    "y": 2
                },
                "type": "slo",
                "queries": [
                    {
                        "name": "",
                        "type": "slo",
                        "unit": "",
                        "color": "",
                        "qtype": "dql",
                        "query": {
                            "q": "M::slo:(SUM(`slo_cost`)) { `slo_id` = 'monitor_19dfee75de8d4c648b000594f6cf8653' }",
                            "slo": {
                                "id": "monitor_19dfee75de8d4c648b000594f6cf8653",
                                "goal": 99.95,
                                "name": "Studio SLO",
                                "minGoal": 99.9
                            },
                            "funcList": []
                        },
                        "datasource": "dataflux"
                    }
                ]
            }
        ],
        "groups": [
            "概览",
            "异常数据明细"
        ],
        "type": "template"
    }
}