{
    "checkers": [
        {
            "jsonScript": {
                "type": "simpleCheck",
                "every": "1m",
                "title": "主机 {{ host }} 文件系统剩余 inode 过低",
                "groupBy": [
                    "host"
                ],
                "message": "{% if  df_status != 'ok' %}\n\n>等级：{{df_status}}\n\n>主机：{{host}}\n\n>内容：文件系统剩余 inode 为 {{ Result |  to_fixed(2) }}%\n\n>建议：文件系统 inode 耗尽将无法写入数据，请查看是否有大量小文件占用 inode\n\n[跳转链接](https://console.guance.com/scene/dashboard/dashboardDetail?dashboard_id=dsbd_0778bb3c76d049039624480e73851b21&name=Linux%E4%B8%BB%E6%9C%BA%E7%9B%91%E6%8E%A7%E8%A7%86%E5%9B%BE&time={{ date * 1000 - 900000}},{{date *  1000}}&is_refresh=false&variable=%7B%22host%22%3A%22re%28%60.%2a%60%29%22%7D&w=wksp_2672fb03d62843adb3bdf20a33cd0067)\n\n{% else %}\n\n>等级：{{df_status}}\n\n>主机：{{host}}\n\n>内容：文件系统剩余 inode 为 {{ Result |  to_fixed(2) }}%\n\n{% endif %}",
                "targets": [
                    {
                        "dql": "eval(A/B*100, A=\"M::`disk`:(LAST(`inodes_free`)) BY `host`\", B=\"M::`disk`:(LAST(`inodes_total`)) BY `host`\")",
                        "alias": "Result"
                    }
                ],
                "interval": 900,
                "checkerOpt": {
                    "rules": [
                        {
                            "status": "critical",
                            "conditions": [
                                {
                                    "alias": "Result",
                                    "operands": [
                                        "5"
                                    ],
                                    "operator": "<="
                                }
                            ],
                            "conditionLogic": "and"
                        }
                    ],
                    "infoEvent": false
                },
                "recoverNeedPeriodCount": 2
            },
            "extend": {
                "rules": [
                    {
                        "status": "critical",
                        "conditions": [
                            {
                                "alias": "Result",
                                "operands": [
                                    "5"
                                ],
                                "operator": "<="
                            }
                        ],
                        "conditionLogic": "and"
                    }
                ],
                "funcName": "",
                "querylist": [
                    {
                        "uuid": "b3cfb628-67c5-45c5-b502-41ffcef605c0",
                        "qtype": "dql",
                        "query": {
                            "q": "eval(A/B*100, A=\"M::`disk`:(LAST(`inodes_free`)) BY `host`\", B=\"M::`disk`:(LAST(`inodes_total`)) BY `host`\")",
                            "code": "Result",
                            "type": "expression",
                            "alias": "",
                            "children": [
                                {
                                    "q": "M::`disk`:(LAST(`inodes_free`)) BY `host`",
                                    "code": "A",
                                    "type": "simple",
                                    "alias": "",
                                    "field": "inodes_free",
                                    "groupBy": [
                                        "host"
                                    ],
                                    "fieldFunc": "last",
                                    "fieldType": "integer",
                                    "namespace": "metric",
                                    "dataSource": "disk",
                                    "queryFuncs": [],
                                    "groupByTime": ""
                                },
                                {
                                    "q": "M::`disk`:(LAST(`inodes_total`)) BY `host`",
                                    "code": "B",
                                    "type": "simple",
                                    "alias": "",
                                    "field": "inodes_total",
                                    "groupBy": [
                                        "host"
                                    ],
                                    "fieldFunc": "last",
                                    "fieldType": "integer",
                                    "namespace": "metric",
                                    "dataSource": "disk",
                                    "groupByTime": ""
                                }
                            ],
                            "funcList": [],
                            "expression": "A/B*100"
                        },
                        "datasource": "dataflux"
                    }
                ]
            },
            "is_disable": false,
            "monitorName": "Host 监控"
        }
    ]
}