{
    "checkers": [
        {
            "jsonScript": {
                "type": "simpleCheck",
                "every": "1m",
                "title": "主机 {{ host }} CPU 平均负载过高",
                "groupBy": [
                    "host"
                ],
                "message": "{% if  df_status != 'ok' %}\n\n>等级：{{df_status}}  \n\n>主机：{{host}}  \n\n>内容：系统 CPU 平均负载为 {{ Result |  to_fixed(2) }}  \n\n>建议：平均负载过高，可能是 CPU 密集型应用进程导致；如果同时 CPU 使用率不高，可能是 I/O 密集型应用进程导致\n\n[跳转链接](https://console.guance.com/scene/dashboard/dashboardDetail?dashboard_id=dsbd_0778bb3c76d049039624480e73851b21&name=Linux%E4%B8%BB%E6%9C%BA%E7%9B%91%E6%8E%A7%E8%A7%86%E5%9B%BE&time={{ date * 1000 - 900000}},{{date *  1000}}&is_refresh=false&variable=%7B%22host%22%3A%22re%28%60.%2a%60%29%22%7D&w=wksp_2672fb03d62843adb3bdf20a33cd0067)\n\n{% else %}\n\n>等级：{{df_status}}  \n\n>主机：{{host}}  \n\n>内容：系统 CPU 平均负载为 {{ Result |  to_fixed(2) }}  \n\n{% endif %}",
                "targets": [
                    {
                        "dql": "M::`system`:(AVG(`load5_per_core`)) BY `host`",
                        "alias": "Result"
                    }
                ],
                "interval": 900,
                "checkerOpt": {
                    "rules": [
                        {
                            "status": "critical",
                            "conditions": [
                                {
                                    "alias": "Result",
                                    "operands": [
                                        "7"
                                    ],
                                    "operator": ">"
                                }
                            ],
                            "conditionLogic": "and"
                        },
                        {
                            "status": "error",
                            "conditions": [
                                {
                                    "alias": "Result",
                                    "operands": [
                                        "5",
                                        "7"
                                    ],
                                    "operator": "between"
                                }
                            ],
                            "conditionLogic": "and"
                        }
                    ],
                    "infoEvent": false
                },
                "recoverNeedPeriodCount": 2
            },
            "extend": {
                "rules": [
                    {
                        "status": "critical",
                        "conditions": [
                            {
                                "alias": "Result",
                                "operands": [
                                    "7"
                                ],
                                "operator": ">"
                            }
                        ],
                        "conditionLogic": "and"
                    },
                    {
                        "status": "error",
                        "conditions": [
                            {
                                "alias": "Result",
                                "operands": [
                                    "5",
                                    "7"
                                ],
                                "operator": "between"
                            }
                        ],
                        "conditionLogic": "and"
                    }
                ],
                "funcName": "",
                "querylist": [
                    {
                        "uuid": "f691f977-6b4c-401f-bb73-d8913faa47e1",
                        "qtype": "dql",
                        "query": {
                            "q": "M::`system`:(AVG(`load5_per_core`)) BY `host`",
                            "code": "Result",
                            "fill": null,
                            "type": "simple",
                            "alias": "",
                            "field": "load5_per_core",
                            "filters": [],
                            "groupBy": [
                                "host"
                            ],
                            "funcList": [],
                            "fieldFunc": "avg",
                            "fieldType": "float",
                            "namespace": "metric",
                            "dataSource": "system",
                            "queryFuncs": [],
                            "groupByTime": ""
                        },
                        "datasource": "dataflux"
                    }
                ]
            },
            "is_disable": false,
            "monitorName": "Host 监控"
        }
    ]
}