{
    "checkers": [
        {
            "jsonScript": {
                "type": "simpleCheck",
                "every": "5m",
                "title": "主机 {{ host}} 可用内存小于10%",
                "groupBy": [
                    "host"
                ],
                "message": "{% if  df_status != 'ok' %}\n\n>等级：{{df_status}}  \n\n>主机：{{host}}  \n\n>内容：内存可用率为{{ Result |  to_fixed(2) }} %\n\n>建议：基础设施-进程-选择主机-内存使用率 (排序) 查看是否为异常导致\n\n[跳转链接](https://console.guance.com/scene/dashboard/dashboardDetail?dashboard_id=dsbd_0778bb3c76d049039624480e73851b21&name=Linux%E4%B8%BB%E6%9C%BA%E7%9B%91%E6%8E%A7%E8%A7%86%E5%9B%BE&time={{ date * 1000 - 900000}},{{date *  1000}}&is_refresh=false&variable=%7B%22host%22%3A%22re%28%60.%2a%60%29%22%7D&w=wksp_2672fb03d62843adb3bdf20a33cd0067)\n\n{% else %}\n\n>等级：{{df_status}}  \n\n>主机：{{host}}  \n\n>内容：内存可用率为{{ Result |  to_fixed(2) }} %\n\n{% endif %}",
                "targets": [
                    {
                        "dql": "eval((A/B) * 100, A=\"M::`mem`:(AVG(`available`)) BY `host`\", B=\"M::`mem`:(AVG(`total`)) BY `host`\")",
                        "alias": "Result"
                    }
                ],
                "interval": 900,
                "checkerOpt": {
                    "rules": [
                        {
                            "status": "critical",
                            "conditions": [
                                {
                                    "alias": "Result",
                                    "operands": [
                                        "10"
                                    ],
                                    "operator": "<="
                                }
                            ],
                            "conditionLogic": "and"
                        }
                    ],
                    "infoEvent": false
                },
                "recoverNeedPeriodCount": 2
            },
            "extend": {
                "rules": [
                    {
                        "status": "critical",
                        "conditions": [
                            {
                                "alias": "Result",
                                "operands": [
                                    "10"
                                ],
                                "operator": "<="
                            }
                        ],
                        "conditionLogic": "and"
                    }
                ],
                "funcName": "",
                "querylist": [
                    {
                        "uuid": "65abbb09-1301-4ef7-b154-c81352c90373",
                        "qtype": "dql",
                        "query": {
                            "q": "eval((A/B) * 100, A=\"M::`mem`:(AVG(`available`)) BY `host`\", B=\"M::`mem`:(AVG(`total`)) BY `host`\")",
                            "code": "Result",
                            "type": "expression",
                            "alias": "",
                            "children": [
                                {
                                    "q": "M::`mem`:(AVG(`available`)) BY `host`",
                                    "code": "A",
                                    "type": "simple",
                                    "alias": "",
                                    "field": "available",
                                    "groupBy": [
                                        "host"
                                    ],
                                    "fieldFunc": "avg",
                                    "fieldType": "integer",
                                    "namespace": "metric",
                                    "dataSource": "mem",
                                    "queryFuncs": [],
                                    "groupByTime": ""
                                },
                                {
                                    "q": "M::`mem`:(AVG(`total`)) BY `host`",
                                    "code": "B",
                                    "type": "simple",
                                    "alias": "",
                                    "field": "total",
                                    "groupBy": [
                                        "host"
                                    ],
                                    "fieldFunc": "avg",
                                    "fieldType": "integer",
                                    "namespace": "metric",
                                    "dataSource": "mem",
                                    "groupByTime": ""
                                }
                            ],
                            "funcList": [],
                            "expression": "(A/B) * 100"
                        },
                        "datasource": "dataflux"
                    }
                ]
            },
            "is_disable": false,
            "monitorName": "Host 监控"
        }
    ]
}