{
    "checkers": [
        {
            "jsonScript": {
                "type": "simpleCheck",
                "every": "1m",
                "title": "主机 {{ host }} 内存Swap 使用率过高",
                "groupBy": [
                    "host"
                ],
                "message": "{% if  df_status != 'ok' %}\n\n>等级：{{df_status}} \n\n>主机：{{host}}  \n\n>内容：内存 Swap 使用率为 {{ Result |  to_fixed(2) }}%  \n\n>建议：内存 Swap 耗尽可能导致宕机风险，请查看内存使用率高的进程/应用是否为异常导致\n\n[跳转链接](https://console.guance.com/scene/dashboard/dashboardDetail?dashboard_id=dsbd_0778bb3c76d049039624480e73851b21&name=Linux%E4%B8%BB%E6%9C%BA%E7%9B%91%E6%8E%A7%E8%A7%86%E5%9B%BE&time={{ date * 1000 - 900000}},{{date *  1000}}&is_refresh=false&variable=%7B%22host%22%3A%22re%28%60.%2a%60%29%22%7D&w=wksp_2672fb03d62843adb3bdf20a33cd0067)\n\n{% else %}\n\n>等级：{{df_status}} \n\n>主机：{{host}}  \n\n>内容：内存 Swap 使用率为 {{ Result |  to_fixed(2) }}%  \n\n{% endif %}",
                "targets": [
                    {
                        "dql": "M::`swap`:(LAST(`used_percent`)) BY `host`",
                        "alias": "Result"
                    }
                ],
                "interval": 900,
                "checkerOpt": {
                    "rules": [
                        {
                            "status": "critical",
                            "conditions": [
                                {
                                    "alias": "Result",
                                    "operands": [
                                        "90"
                                    ],
                                    "operator": ">"
                                }
                            ],
                            "conditionLogic": "and"
                        },
                        {
                            "status": "warning",
                            "conditions": [
                                {
                                    "alias": "Result",
                                    "operands": [
                                        "80",
                                        "90"
                                    ],
                                    "operator": "between"
                                }
                            ],
                            "conditionLogic": "and"
                        }
                    ],
                    "infoEvent": false
                },
                "recoverNeedPeriodCount": 2
            },
            "extend": {
                "rules": [
                    {
                        "status": "critical",
                        "conditions": [
                            {
                                "alias": "Result",
                                "operands": [
                                    "90"
                                ],
                                "operator": ">"
                            }
                        ],
                        "conditionLogic": "and"
                    },
                    {
                        "status": "warning",
                        "conditions": [
                            {
                                "alias": "Result",
                                "operands": [
                                    "80",
                                    "90"
                                ],
                                "operator": "between"
                            }
                        ],
                        "conditionLogic": "and"
                    }
                ],
                "funcName": "",
                "querylist": [
                    {
                        "uuid": "889b6426-b112-47ed-bf80-17ab7347c7f5",
                        "qtype": "dql",
                        "query": {
                            "q": "M::`swap`:(LAST(`used_percent`)) BY `host`",
                            "code": "Result",
                            "type": "simple",
                            "alias": "",
                            "field": "used_percent",
                            "groupBy": [
                                "host"
                            ],
                            "funcList": [],
                            "fieldFunc": "last",
                            "fieldType": "float",
                            "namespace": "metric",
                            "dataSource": "swap",
                            "groupByTime": ""
                        },
                        "datasource": "dataflux"
                    }
                ]
            },
            "is_disable": false,
            "monitorName": "Host 监控"
        }
    ]
}