{
    "checkers": [
        {
            "jsonScript": {
                "type": "simpleCheck",
                "every": "1m",
                "title": "app {{ app }} Redis 等待阻塞命令的客户端连接数异常增加",
                "groupBy": [
                    "app"
                ],
                "message": ">等级：{{status}}  \n>主机：{{app}}  \n>内容：等待阻塞命令的客户端连接数为 {{ Result }}\n>建议：延迟或其他问题可能会阻止源列表被填充。虽然被阻止的客户端本身不会引起警报，但如果您看到此指标的值始终为非零值，则应该引起注意。",
                "targets": [
                    {
                        "dql": "M::`redis_info`:(LAST(`blocked_clients`))  BY `app`",
                        "alias": "Result"
                    }
                ],
                "interval": 900,
                "checkerOpt": {
                    "rules": [
                        {
                            "status": "critical",
                            "conditions": [
                                {
                                    "alias": "Result",
                                    "operands": [
                                        "0"
                                    ],
                                    "operator": ">"
                                }
                            ],
                            "conditionLogic": "and"
                        }
                    ]
                },
                "noDataInterval": 0,
                "recoverNeedPeriodCount": 0
            },
            "extend": {
                "rules": [
                    {
                        "status": "critical",
                        "conditions": [
                            {
                                "alias": "Result",
                                "operands": [
                                    "0"
                                ],
                                "operator": ">"
                            }
                        ],
                        "conditionLogic": "and"
                    }
                ],
                "funcName": "",
                "querylist": [
                    {
                        "uuid": "166892fb-25c4-4244-9ba6-efa8b307da10",
                        "qtype": "dql",
                        "query": {
                            "q": "M::`redis_info`:(LAST(`blocked_clients`))  BY `app`",
                            "code": "Result",
                            "type": "simple",
                            "alias": "",
                            "field": "blocked_clients",
                            "groupBy": [
                                "app"
                            ],
                            "funcList": [],
                            "fieldFunc": "last",
                            "fieldType": "integer",
                            "namespace": "metric",
                            "dataSource": "redis_info",
                            "groupByTime": ""
                        },
                        "datasource": "dataflux"
                    }
                ],
                "noDataPeriodCount": null,
                "recoverNeedPeriodCount": null
            },
            "is_disable": true,
            "monitorName": "Redis 检测库"
        }
    ]
}