{
    "checkers": [
        {
            "jsonScript": {
                "type": "simpleCheck",
                "every": "1m",
                "title": "Elasticsearch 集群 {{cluster_name}} 节点 {{ node_name }} CPU 使用率 过高",
                "groupBy": [
                    "cluster_name",
                    "node_name"
                ],
                "message": "{% if  df_status != 'ok' %}\n>等级：{{df_status}}  \n\n>集群：{{ cluster_name }} \n\n>节点：{{ node_name }}\n\n>内容：Elasticsearch 平均 CPU 使用率 过高为 {{ Result | to_round(2) }}%  \n\n>建议：平均 CPU 使用率表示集群各节点 CPU 使用率的平均值。该值过高会导致集群节点处理能力下降，甚至宕机。发现 CPU 过高时，应根据集群当前节点配置情况和业务情况，提高节点规格或降低业务请求量。\n\n[跳转链接](https://console.guance.com/scene/dashboard/dashboardDetail?dashboard_id=dsbd_ea88e878165747c48a3ef763e10b10bf&name=Elasticsearch&time={{ date * 1000 - 900000}},{{date *  1000}}&is_refresh=false&variable=%7B%22cluster_name%22%3A%22re%28%60.%2a%60%29%22%7D&w=wksp_2672fb03d62843adb3bdf20a33cd0067)\n\n{% else %}\n\n>等级：{{df_status}}  \n\n>集群：{{ cluster_name }} \n\n>节点：{{ node_name }}\n\n>内容：Elasticsearch 节点 平均 CPU 使用率恢复正常\n\n{% endif %}",
                "targets": [
                    {
                        "dql": "M::`elasticsearch_node_stats`:(AVG(`os_cpu_percent`)) { `node_roles` != re('master') } BY `cluster_name`, `node_name`",
                        "alias": "Result"
                    }
                ],
                "interval": 900,
                "checkerOpt": {
                    "rules": [
                        {
                            "status": "critical",
                            "conditions": [
                                {
                                    "alias": "Result",
                                    "operands": [
                                        "90"
                                    ],
                                    "operator": ">="
                                }
                            ],
                            "conditionLogic": "and"
                        }
                    ],
                    "infoEvent": false
                },
                "recoverNeedPeriodCount": 1
            },
            "extend": {
                "rules": [
                    {
                        "status": "critical",
                        "conditions": [
                            {
                                "alias": "Result",
                                "operands": [
                                    "90"
                                ],
                                "operator": ">="
                            }
                        ],
                        "conditionLogic": "and"
                    }
                ],
                "funcName": "",
                "querylist": [
                    {
                        "uuid": "d5d8ba6b-1193-404d-b920-ff22a04f3dfd",
                        "qtype": "dql",
                        "query": {
                            "q": "M::`elasticsearch_node_stats`:(AVG(`os_cpu_percent`)) { `node_roles` != re('master') } BY `cluster_name`, `node_name`",
                            "code": "Result",
                            "type": "simple",
                            "alias": "",
                            "field": "os_cpu_percent",
                            "filters": [
                                {
                                    "id": "da6cad90-4213-11ec-9094-bb154201a34c",
                                    "op": "!=~",
                                    "name": "node_roles",
                                    "type": "",
                                    "logic": "and",
                                    "value": "master"
                                }
                            ],
                            "groupBy": [
                                "cluster_name",
                                "node_name"
                            ],
                            "funcList": [],
                            "fieldFunc": "avg",
                            "fieldType": "float",
                            "namespace": "metric",
                            "dataSource": "elasticsearch_node_stats",
                            "groupByTime": ""
                        },
                        "datasource": "dataflux"
                    }
                ]
            },
            "is_disable": false,
            "monitorName": "Elasticsearch 检测库"
        }
    ]
}