{
    "checkers": [
        {
            "jsonScript": {
                "type": "simpleCheck",
                "every": "5m",
                "title": "Elasticsearch  集群 {{ name }} 状态为 {{ Result }}",
                "groupBy": [
                    "name"
                ],
                "message": "{% if  df_status != 'ok' %}\n\n>等级：{{df_status}}  \n\n>集群：{{name}}  \n\n>内容：Elasticsearch 集群状态异常， 集群状态为 {{ Result }}\n\n>建议：Elasticsearch 集群状态异常，请及时查看集群各节点状态, 保证 Elasticsearch 集群的可用性。\n\n[跳转链接](https://console.guance.com/scene/dashboard/dashboardDetail?dashboard_id=dsbd_8fad4da4b147427a98958b47b5dbf66c&name=Elasticsearch&time={{ date * 1000 - 900000}},{{date *  1000}}&is_refresh=false&W=wksp_2672fb03d62843adb3bdf20a33cd0067)\n\n{% else %}\n\n>等级：{{df_status}}  \n\n>集群：{{name}}  \n\n>内容：Elasticsearch 集群状态恢复正常，  集群状态为 {{ Result }}\n\n{% endif %}",
                "targets": [
                    {
                        "dql": "M::`elasticsearch_cluster_health`:(AVG(`status`)) BY `name`",
                        "alias": "Result"
                    }
                ],
                "interval": 900,
                "checkerOpt": {
                    "rules": [
                        {
                            "status": "critical",
                            "conditions": [
                                {
                                    "alias": "Result",
                                    "operands": [
                                        "red"
                                    ],
                                    "operator": "="
                                }
                            ],
                            "conditionLogic": "and"
                        }
                    ],
                    "infoEvent": false
                },
                "noDataAction": "noData",
                "noDataInterval": 900,
                "recoverNeedPeriodCount": 3
            },
            "extend": {
                "rules": [
                    {
                        "status": "critical",
                        "conditions": [
                            {
                                "alias": "Result",
                                "operands": [
                                    "red"
                                ],
                                "operator": "="
                            }
                        ],
                        "conditionLogic": "and"
                    }
                ],
                "funcName": "",
                "querylist": [
                    {
                        "uuid": "42835ca6-b59c-4462-be01-eb20534fb344",
                        "qtype": "dql",
                        "query": {
                            "q": "M::`elasticsearch_cluster_health`:(AVG(`status`)) BY `name`",
                            "code": "Result",
                            "type": "simple",
                            "alias": "",
                            "field": "status",
                            "filters": [],
                            "groupBy": [
                                "name"
                            ],
                            "funcList": [],
                            "fieldFunc": "avg",
                            "fieldType": "",
                            "namespace": "metric",
                            "dataSource": "elasticsearch_cluster_health",
                            "groupByTime": ""
                        },
                        "datasource": "dataflux"
                    }
                ]
            },
            "is_disable": true,
            "monitorName": "基础监控"
        }
    ]
}