{
    "checkers": [
        {
            "jsonScript": {
                "type": "simpleCheck",
                "every": "1m",
                "title": "Elasticsearch 集群 {{ cluster_name }} 查询拒绝率过高",
                "groupBy": [
                    "host",
                    "cluster_name"
                ],
                "message": "{% if  df_status != 'ok' %}\n>等级：{{df_status}}  \n>集群：{{ cluster_name }} \n>内容：Elasticsearch 查询拒绝率过高 {{ Result }}%  \n>建议：询拒绝率表示单周期内集群执行查询操作被拒绝次数占查询总操作数的百分比。当查询拒绝率大于5%，即出现查询拒绝时，说明集群已经达到了查询操作处理能力的上限，或集群出现异常，应及时排查出现查询拒绝的原因并及时解决，否则会影响业务的查询操作。\n{% else %}\n>等级：{{df_status}}  \n>集群：{{ cluster_name }} \n>内容：Elasticsearch 查询拒绝率恢复正常\n{% endif %}",
                "targets": [
                    {
                        "dql": "F::dataflux__dql:(EXEC_FORMULA(expr='A / B * 100', A=dql(\"M::`elasticsearch_node_stats`:(AVG(`thread_pool_search_rejected`))  BY `host`, `cluster_name`\"), B=dql(\"M::`elasticsearch_indices_stats`:(AVG(`total_search_query_total`))  BY `host`, `cluster_name`\")))",
                        "alias": "Result"
                    }
                ],
                "interval": 900,
                "checkerOpt": {
                    "rules": [
                        {
                            "status": "critical",
                            "conditions": [
                                {
                                    "alias": "Result",
                                    "operands": [
                                        "5"
                                    ],
                                    "operator": ">"
                                }
                            ],
                            "conditionLogic": "and"
                        }
                    ]
                },
                "noDataInterval": 0,
                "recoverNeedPeriodCount": 1
            },
            "extend": {
                "rules": [
                    {
                        "status": "critical",
                        "conditions": [
                            {
                                "alias": "Result",
                                "operands": [
                                    "5"
                                ],
                                "operator": ">"
                            }
                        ],
                        "conditionLogic": "and"
                    },
                    {
                        "status": "error",
                        "conditions": [
                            {
                                "alias": "Result",
                                "operands": [],
                                "operator": ">="
                            }
                        ],
                        "conditionLogic": "and"
                    },
                    {
                        "status": "warning",
                        "conditions": [
                            {
                                "alias": "Result",
                                "operands": [],
                                "operator": ">="
                            }
                        ],
                        "conditionLogic": "and"
                    }
                ],
                "funcName": "",
                "querylist": [
                    {
                        "uuid": "b37ca09c-600e-4657-8ce1-7c0e2b9bcb0e",
                        "qtype": "dql",
                        "query": {
                            "q": "F::dataflux__dql:(EXEC_FORMULA(expr='A / B * 100', A=dql(\"M::`elasticsearch_node_stats`:(AVG(`thread_pool_search_rejected`))  BY `host`, `cluster_name`\"), B=dql(\"M::`elasticsearch_indices_stats`:(AVG(`total_search_query_total`))  BY `host`, `cluster_name`\")))",
                            "code": "Result",
                            "type": "expression",
                            "alias": "",
                            "children": [
                                {
                                    "q": "M::`elasticsearch_node_stats`:(AVG(`thread_pool_search_rejected`))  BY `host`, `cluster_name`",
                                    "code": "A",
                                    "type": "simple",
                                    "alias": "",
                                    "field": "thread_pool_search_rejected",
                                    "groupBy": [
                                        "host",
                                        "cluster_name"
                                    ],
                                    "fieldFunc": "avg",
                                    "fieldType": "float",
                                    "namespace": "metric",
                                    "dataSource": "elasticsearch_node_stats",
                                    "groupByTime": ""
                                },
                                {
                                    "q": "M::`elasticsearch_indices_stats`:(AVG(`total_search_query_total`))  BY `host`, `cluster_name`",
                                    "code": "B",
                                    "type": "simple",
                                    "alias": "",
                                    "field": "total_search_query_total",
                                    "groupBy": [
                                        "host",
                                        "cluster_name"
                                    ],
                                    "fieldFunc": "avg",
                                    "fieldType": "float",
                                    "namespace": "metric",
                                    "dataSource": "elasticsearch_indices_stats",
                                    "groupByTime": ""
                                }
                            ],
                            "funcList": [],
                            "expression": "A / B * 100"
                        },
                        "datasource": "dataflux"
                    }
                ],
                "noDataPeriodCount": null,
                "recoverNeedPeriodCount": 1
            },
            "is_disable": true,
            "monitorName": "Elasticsearch 检测库"
        }
    ]
}