{
    "checkers": [
        {
            "jsonScript": {
                "type": "mutationsCheck",
                "every": "1m",
                "title": "Elasticsearch 集群 {{cluster_name}} 节点 {{ node_host }} 合并线程池中被拒绝的线程数异常增加",
                "groupBy": [
                    "cluster_name",
                    "node_name"
                ],
                "message": "{% if  df_status != 'ok' %}\n>等级：{{df_status}}  \n>集群：{{ cluster_name }} \n>节点：{{ node_host }}\n>内容：Elasticsearch 合并线程池中被拒绝的线程数异常增加\n>建议：Elasticsearch 合并线程池中被拒绝的线程数异常增加，请及时降低减慢请求速率(如果可能)，或者增加节点上的处理器数量或增加群集中的节点数量, 保证Elasticsearch集群的可用性。\n{% else %}\n>等级：{{df_status}}  \n>集群：{{ cluster_name }} \n>节点：{{ node_host }}\n>内容：Elasticsearch 合并线程池中被拒绝的线程数异常增加恢复正常\n{% endif %}",
                "targets": [
                    {
                        "dql": "M::`elasticsearch_node_stats`:(LAST(`thread_pool_force_merge_rejected`)) { `node_roles` != re('master') } [::1800s] BY `cluster_name`, `node_name`",
                        "alias": "Result"
                    }
                ],
                "interval": 1800,
                "checkerOpt": {
                    "rules": [
                        {
                            "status": "critical",
                            "strength": 3,
                            "direction": "up",
                            "periodNum": 3,
                            "checkCount": 1,
                            "conditionLogic": "and"
                        }
                    ]
                },
                "noDataInterval": 0,
                "recoverNeedPeriodCount": 1
            },
            "extend": {
                "rules": [
                    {
                        "status": "critical",
                        "strength": 3,
                        "direction": "up",
                        "periodNum": 3,
                        "checkCount": 1,
                        "conditionLogic": "and"
                    }
                ],
                "funcName": "",
                "querylist": [
                    {
                        "uuid": "dd5f5682-f83d-4e09-adb7-53c723be1cb1",
                        "qtype": "dql",
                        "query": {
                            "q": "M::`elasticsearch_node_stats`:(LAST(`thread_pool_force_merge_rejected`)) { `node_roles` != re('master') } [::1800s] BY `cluster_name`, `node_name`",
                            "code": "Result",
                            "type": "simple",
                            "alias": "",
                            "field": "thread_pool_force_merge_rejected",
                            "filters": [
                                {
                                    "id": "15330600-4213-11ec-9094-bb154201a34c",
                                    "op": "!=~",
                                    "name": "node_roles",
                                    "type": "",
                                    "logic": "and",
                                    "value": "master"
                                }
                            ],
                            "groupBy": [
                                "cluster_name",
                                "node_name"
                            ],
                            "funcList": [],
                            "fieldFunc": "last",
                            "fieldType": "float",
                            "namespace": "metric",
                            "dataSource": "elasticsearch_node_stats",
                            "groupByTime": "1800s"
                        },
                        "datasource": "dataflux"
                    }
                ],
                "noDataPeriodCount": null,
                "recoverNeedPeriodCount": 1
            },
            "is_disable": true,
            "monitorName": "Elasticsearch 检测库"
        }
    ]
}