{
    "checkers": [
        {
            "jsonScript": {
                "type": "mutationsCheck",
                "every": "5m",
                "title": "es集群 {{ cluster_name }} 搜索_all查询负载异常",
                "groupBy": [
                    "cluster_name"
                ],
                "message": "{% if  df_status != 'ok' %}\n\n>等级：{{df_status}}  \n\n>主机：{{cluster_name}}  \n\n>内容：{{cluster_name}}  Elasticsearch 搜索_all查询负载异常，为 {{ Result }} \n\n>建议：请及时查看业务情况以保证Elasticsearch集群的可用性。\n\n[跳转链接](https://console.guance.com/scene/dashboard/dashboardDetail?dashboard_id=dsbd_8fad4da4b147427a98958b47b5dbf66c&name=Elasticsearch&time=15m&variable=%7B%22cluster_name%22%3A%22re%28%60.%2a%60%29%22%7D)\n\n{% else %}\n\n>等级：{{df_status}}  \n\n>主机：{{cluster_name}}  \n\n>内容：{{cluster_name}}  Elasticsearch 搜索_all查询负载恢复正常\n\n{% endif %}",
                "targets": [
                    {
                        "dql": "M::`elasticsearch_indices_stats`:(MAX(`total_search_query_current`)) { `index_name` = '_all' } [::300s] BY `cluster_name`",
                        "alias": "Result"
                    }
                ],
                "interval": 300,
                "checkerOpt": {
                    "rules": [
                        {
                            "status": "error",
                            "strength": 3,
                            "direction": "up",
                            "periodNum": 3,
                            "checkCount": 3,
                            "conditionLogic": "and"
                        }
                    ]
                },
                "recoverNeedPeriodCount": 1
            },
            "extend": {
                "rules": [
                    {
                        "status": "error",
                        "strength": 3,
                        "direction": "up",
                        "periodNum": 3,
                        "checkCount": 3,
                        "conditionLogic": "and"
                    }
                ],
                "funcName": "",
                "querylist": [
                    {
                        "uuid": "11ee19b0-4fd6-4627-ae4d-971ce569e043",
                        "qtype": "dql",
                        "query": {
                            "q": "M::`elasticsearch_indices_stats`:(MAX(`total_search_query_current`)) { `index_name` = '_all' } [::300s] BY `cluster_name`",
                            "code": "Result",
                            "type": "simple",
                            "alias": "",
                            "field": "total_search_query_current",
                            "filters": [
                                {
                                    "id": "b6467720-41ff-11ec-9094-bb154201a34c",
                                    "op": "=",
                                    "name": "index_name",
                                    "type": "",
                                    "logic": "and",
                                    "value": "_all"
                                }
                            ],
                            "groupBy": [
                                "cluster_name"
                            ],
                            "funcList": [],
                            "fieldFunc": "max",
                            "fieldType": "float",
                            "namespace": "metric",
                            "dataSource": "elasticsearch_indices_stats",
                            "groupByTime": "300s"
                        },
                        "datasource": "dataflux"
                    }
                ]
            },
            "is_disable": true,
            "monitorName": "Elasticsearch 检测库"
        }
    ]
}