{
    "checkers": [
        {
            "jsonScript": {
                "type": "simpleCheck",
                "every": "1m",
                "title": "influxdb {{ instance_id }} 磁盘使用率超过80%",
                "groupBy": [
                    "instance_id"
                ],
                "message": "{% if  df_status != 'ok' %}\n\n>等级：{{ df_status }}  \n\n>主机：{{ instance_id }} \n\n>内容：influxdb 磁盘使用率超过80%，当前使用率为 {{ Result }}  %\n\n[跳转链接](https://console.guance.com/scene/dashboard/dashboardDetail?dashboard_id=dsbd_3c958963b075439b8183ee118caa46e8&name=InfluxDB&time={{ date * 1000 - 900000}},{{date *  1000}}&is_refresh=false&W=wksp_15646051a7f24110941dad5d51ba29f1)\n\n{% else %}\n>等级：{{df_status}}  \n\n>主机：{{ instance_id }} \n\n>内容：influxdb 磁盘使用率超过80%已恢复，当前使用率为 {{ Result }}  %\n{% endif %}",
                "targets": [
                    {
                        "dql": "M::`aliyun_influxdb`:(LAST(`disk_usage`)) BY `instance_id`",
                        "alias": "Result"
                    }
                ],
                "interval": 300,
                "checkerOpt": {
                    "rules": [
                        {
                            "status": "critical",
                            "conditions": [
                                {
                                    "alias": "Result",
                                    "operands": [
                                        "80"
                                    ],
                                    "operator": ">="
                                }
                            ],
                            "conditionLogic": "and"
                        }
                    ]
                },
                "recoverNeedPeriodCount": 1
            },
            "extend": {
                "rules": [
                    {
                        "status": "critical",
                        "conditions": [
                            {
                                "alias": "Result",
                                "operands": [
                                    "80"
                                ],
                                "operator": ">="
                            }
                        ],
                        "conditionLogic": "and"
                    }
                ],
                "funcName": "",
                "querylist": [
                    {
                        "uuid": "d6fe3a11-68ed-4d0d-ab08-23dc058ae434",
                        "qtype": "dql",
                        "query": {
                            "q": "M::`aliyun_influxdb`:(LAST(`disk_usage`)) BY `instance_id`",
                            "code": "Result",
                            "type": "simple",
                            "alias": "",
                            "field": "disk_usage",
                            "groupBy": [
                                "instance_id"
                            ],
                            "funcList": [],
                            "fieldFunc": "last",
                            "fieldType": "float",
                            "namespace": "metric",
                            "dataSource": "aliyun_influxdb",
                            "groupByTime": ""
                        },
                        "datasource": "dataflux"
                    }
                ]
            },
            "is_disable": true,
            "monitorName": "基础监控"
        }
    ]
}