{
    "checkers": [
        {
            "jsonScript": {
                "type": "simpleCheck",
                "every": "1m",
                "title": "kodo DQL 查询响应时长异常",
                "groupBy": [
                    "project"
                ],
                "message": "DQL 查询时长为 {{ Result }}。",
                "targets": [
                    {
                        "dql": "M::`kodo_dql`:(LAST(`cost`))  BY `project`",
                        "alias": "Result"
                    }
                ],
                "interval": 300,
                "checkerOpt": {
                    "rules": [
                        {
                            "status": "critical",
                            "conditions": [
                                {
                                    "alias": "Result",
                                    "operands": [
                                        "3000"
                                    ],
                                    "operator": ">="
                                }
                            ],
                            "conditionLogic": "and"
                        },
                        {
                            "status": "error",
                            "conditions": [
                                {
                                    "alias": "Result",
                                    "operands": [
                                        "1000"
                                    ],
                                    "operator": ">="
                                }
                            ],
                            "conditionLogic": "and"
                        },
                        {
                            "status": "warning",
                            "conditions": [
                                {
                                    "alias": "Result",
                                    "operands": [
                                        "500"
                                    ],
                                    "operator": ">="
                                }
                            ],
                            "conditionLogic": "and"
                        }
                    ]
                },
                "noDataInterval": 0,
                "recoverNeedPeriodCount": 1
            },
            "extend": {
                "rules": [
                    {
                        "status": "critical",
                        "conditions": [
                            {
                                "alias": "Result",
                                "operands": [
                                    "3000"
                                ],
                                "operator": ">="
                            }
                        ],
                        "conditionLogic": "and"
                    },
                    {
                        "status": "error",
                        "conditions": [
                            {
                                "alias": "Result",
                                "operands": [
                                    "1000"
                                ],
                                "operator": ">="
                            }
                        ],
                        "conditionLogic": "and"
                    },
                    {
                        "status": "warning",
                        "conditions": [
                            {
                                "alias": "Result",
                                "operands": [
                                    "500"
                                ],
                                "operator": ">="
                            }
                        ],
                        "conditionLogic": "and"
                    }
                ],
                "funcName": "",
                "querylist": [
                    {
                        "uuid": "bedf0bd2-4bb3-4083-92cb-83a49cb87492",
                        "qtype": "dql",
                        "query": {
                            "q": "M::`kodo_dql`:(LAST(`cost`))  BY `project`",
                            "code": "Result",
                            "fill": "",
                            "type": "simple",
                            "alias": "",
                            "field": "cost",
                            "filters": [],
                            "groupBy": [
                                "project"
                            ],
                            "funcList": [],
                            "fieldFunc": "last",
                            "fieldType": "float",
                            "namespace": "metric",
                            "dataSource": "kodo_dql",
                            "queryFuncs": [],
                            "groupByTime": ""
                        },
                        "datasource": "dataflux"
                    }
                ],
                "noDataPeriodCount": null,
                "recoverNeedPeriodCount": 1
            },
            "is_disable": true,
            "monitorName": "Kodo"
        }
    ]
}