{
    "checkers": [
        {
            "jsonScript": {
                "type": "simpleCheck",
                "every": "1m",
                "title": "{{ service }} 服务的链路 Trace 错误率过高，错误率为 {{ Result  | to_fixed(2) }}%",
                "groupBy": [
                    "service"
                ],
                "message": "{% if  df_status != 'ok' %}\n\n>等级：{{df_status}} \n\n>服务：{{ service }}\n\n>内容：{{ service }} 服务的链路 Trace 错误率过高，错误率为 {{ Result  | to_fixed(2) }}%\n\n[跳转链接](https://console.guance.com/tracing/link/all?time={{ date * 1000 - 900000}},{{date *  1000}}&is_refresh=false&tags=%7B%22service%22%3A%5B%22{{ service }}%22%5D,%22status%22%3A%5B%22error%22%5D%7D&w=wksp_2672fb03d62843adb3bdf20a33cd0067&type=tracing)\n\n{% else %}\n\n>等级：{{df_status}} \n\n>服务：{{ service }}\n\n>内容：{{ service }} 服务的链路 Trace 错误率过高已恢复，错误率为 {{ Result  | to_fixed(2) }}%\n\n{% endif %}",
                "targets": [
                    {
                        "dql": "eval(A / B * 100, A=\"T::`df-front-api`:(COUNT(`trace_id`)) { `http_status_code` >= '500' } BY `service`\", B=\"T::`df-front-api`:(COUNT(`trace_id`)) BY `service`\")",
                        "alias": "Result"
                    }
                ],
                "interval": 300,
                "checkerOpt": {
                    "rules": [
                        {
                            "status": "critical",
                            "conditions": [
                                {
                                    "alias": "Result",
                                    "operands": [
                                        "0.5"
                                    ],
                                    "operator": ">="
                                }
                            ],
                            "conditionLogic": "and"
                        }
                    ],
                    "infoEvent": false
                },
                "noDataAction": "recover",
                "noDataInterval": 60,
                "recoverNeedPeriodCount": 1
            },
            "extend": {
                "rules": [
                    {
                        "status": "critical",
                        "conditions": [
                            {
                                "alias": "Result",
                                "operands": [
                                    "0.5"
                                ],
                                "operator": ">="
                            }
                        ],
                        "conditionLogic": "and"
                    }
                ],
                "funcName": "",
                "querylist": [
                    {
                        "uuid": "6f8748d8-3fe6-4778-86a8-22765e28df33",
                        "qtype": "dql",
                        "query": {
                            "q": "eval(A / B * 100, A=\"T::`df-front-api`:(COUNT(`trace_id`)) { `http_status_code` >= '500' } BY `service`\", B=\"T::`df-front-api`:(COUNT(`trace_id`)) BY `service`\")",
                            "code": "Result",
                            "type": "expression",
                            "alias": "",
                            "children": [
                                {
                                    "q": "T::`df-front-api`:(COUNT(`trace_id`)) { `http_status_code` >= '500' } BY `service`",
                                    "code": "A",
                                    "fill": "",
                                    "type": "simple",
                                    "alias": "",
                                    "field": "trace_id",
                                    "filters": [
                                        {
                                            "id": "1acf5480-66e2-11ec-aa7e-8d081840ca9e",
                                            "op": ">=",
                                            "name": "http_status_code",
                                            "type": "keyword",
                                            "logic": "and",
                                            "value": "500"
                                        }
                                    ],
                                    "groupBy": [
                                        "service"
                                    ],
                                    "fieldFunc": "count",
                                    "fieldType": "",
                                    "namespace": "tracing",
                                    "dataSource": "df-front-api",
                                    "queryFuncs": [],
                                    "groupByTime": ""
                                },
                                {
                                    "q": "T::`df-front-api`:(COUNT(`trace_id`)) BY `service`",
                                    "code": "B",
                                    "fill": "",
                                    "type": "simple",
                                    "alias": "",
                                    "field": "trace_id",
                                    "filters": [],
                                    "groupBy": [
                                        "service"
                                    ],
                                    "fieldFunc": "count",
                                    "fieldType": "",
                                    "namespace": "tracing",
                                    "dataSource": "df-front-api",
                                    "queryFuncs": [],
                                    "groupByTime": ""
                                }
                            ],
                            "funcList": [],
                            "expression": "A / B * 100"
                        },
                        "datasource": "dataflux"
                    }
                ]
            },
            "is_disable": false,
            "monitorName": "APM"
        }
    ]
}