{
    "checkers": [
        {
            "jsonScript": {
                "type": "simpleCheck",
                "every": "1m",
                "title": "{{app}} redis 内存使用率超过80%",
                "groupBy": [
                    "app"
                ],
                "message": "{% if  df_status != 'ok' %}\n\n>等级：{{ df_status }}  \n\n>主机：{{ host }} \n\n>内容：Redis 使用内存过高，超过{{ Result }} %\n\n[跳转链接](https://console.guance.com/scene/dashboard/dashboardDetail?dashboard_id=dsbd_8860451eb026434f9bfe884fcfffa414&name=Redis%20%E7%9B%91%E6%8E%A7%E8%A7%86%E5%9B%BE&time={{ date * 1000 - 900000}},{{date *  1000}}&is_refresh=false&variable=%7B%22app%22%3A%22re%28%60.%2a%60%29%22%7D&W=wksp_2672fb03d62843adb3bdf20a33cd0067)\n\n{% else %}\n\n>等级：{{df_status}}  \n\n>主机：{{ host }} \n\n>内容：Redis 使用内存过高，掉线已恢复。\n\n\n\n{% endif %}",
                "targets": [
                    {
                        "dql": "eval((A / B ) * 100, A=\"M::`redis_info`:(LAST(`used_memory`)) BY `app`\", B=\"M::`redis_info`:(LAST(`maxmemory`)) BY `app`\")",
                        "alias": "Result"
                    }
                ],
                "interval": 300,
                "checkerOpt": {
                    "rules": [
                        {
                            "status": "critical",
                            "conditions": [
                                {
                                    "alias": "Result",
                                    "operands": [
                                        "80"
                                    ],
                                    "operator": ">="
                                }
                            ],
                            "conditionLogic": "and"
                        }
                    ],
                    "infoEvent": false
                },
                "recoverNeedPeriodCount": 1
            },
            "extend": {
                "rules": [
                    {
                        "status": "critical",
                        "conditions": [
                            {
                                "alias": "Result",
                                "operands": [
                                    "80"
                                ],
                                "operator": ">="
                            }
                        ],
                        "conditionLogic": "and"
                    }
                ],
                "funcName": "",
                "querylist": [
                    {
                        "uuid": "b3370690-5a05-42a2-b8d8-bf5b5cdf8490",
                        "qtype": "dql",
                        "query": {
                            "q": "eval((A / B ) * 100, A=\"M::`redis_info`:(LAST(`used_memory`)) BY `app`\", B=\"M::`redis_info`:(LAST(`maxmemory`)) BY `app`\")",
                            "code": "Result",
                            "type": "expression",
                            "children": [
                                {
                                    "q": "M::`redis_info`:(LAST(`used_memory`)) BY `app`",
                                    "code": "A",
                                    "type": "simple",
                                    "alias": "",
                                    "field": "used_memory",
                                    "groupBy": [
                                        "app"
                                    ],
                                    "fieldFunc": "last",
                                    "fieldType": "float",
                                    "namespace": "metric",
                                    "dataSource": "redis_info",
                                    "groupByTime": ""
                                },
                                {
                                    "q": "M::`redis_info`:(LAST(`maxmemory`)) BY `app`",
                                    "code": "B",
                                    "type": "simple",
                                    "alias": "",
                                    "field": "maxmemory",
                                    "groupBy": [
                                        "app"
                                    ],
                                    "fieldFunc": "last",
                                    "fieldType": "float",
                                    "namespace": "metric",
                                    "dataSource": "redis_info",
                                    "groupByTime": ""
                                }
                            ],
                            "funcList": [],
                            "expression": "(A / B ) * 100"
                        },
                        "datasource": "dataflux"
                    }
                ]
            },
            "is_disable": false,
            "monitorName": "基础监控"
        }
    ]
}