{
    "checkers": [
        {
            "jsonScript": {
                "type": "apmCheck",
                "every": "1m",
                "title": "服务 {{ service }} 发生 5xx 错误的请求",
                "groupBy": [
                    "service"
                ],
                "message": "{% if  df_status != 'ok' %}\n\n>等级：<font color=#FF0000 size=5 >{{df_status}}</font>\n\n>服务：{{ service }}\n\n>内容：{{ service }} 服务的链路发生 5xx 错误的链路，数量为 {{ Result }}，请尽快处理\n\n[跳转查看](https://console.guance.com/tracing/link/all?time={{ date * 1000 - 900000}},{{date *  1000}}&is_refresh=false&tags=%7B%22service%22%3A%5B%22{{service}}%22%5D,%22status%22%3A%5B%22error%22%5D%7D&w=wksp_2672fb03d62843adb3bdf20a33cd0067)\n\n{% else %}\n>等级：<font color=#008000 size=5 >{{df_status}}</font>\n\n>服务：{{ service }}\n\n>内容：{{ service }} 服务的链路 Trace 错误率过高已恢复，错误率为 {{ Result  | to_fixed(2) }}%\n\n{% endif %}",
                "targets": [
                    {
                        "dql": "T::RE(`.*`):(COUNT_DISTINCT(`trace_id`)) { ( `http_status_code` >= '500' and `service` != 'kodo' ) }  BY `service`",
                        "alias": "Result"
                    }
                ],
                "interval": 300,
                "windowDql": "T::RE(`.*`):(COUNT_DISTINCT(`trace_id`)) { ( `http_status_code` >= '500' and `service` != 'kodo' ) }  BY `service`",
                "checkerOpt": {
                    "rules": [
                        {
                            "status": "critical",
                            "conditions": [
                                {
                                    "alias": "Result",
                                    "operands": [
                                        "0"
                                    ],
                                    "operator": ">="
                                }
                            ],
                            "conditionLogic": "and"
                        }
                    ],
                    "infoEvent": false
                },
                "recoverNeedPeriodCount": 0
            },
            "extend": {
                "rules": [
                    {
                        "status": "critical",
                        "conditions": [
                            {
                                "alias": "Result",
                                "operands": [
                                    "0"
                                ],
                                "operator": ">="
                            }
                        ],
                        "conditionLogic": "and"
                    }
                ],
                "uiType": "default",
                "funcName": "",
                "querylist": [
                    {
                        "uuid": "a0924994-d26f-499e-af51-b5e0146b1473",
                        "qtype": "dql",
                        "query": {
                            "q": "T::RE(`.*`):(COUNT_DISTINCT(`trace_id`)) { ( `http_status_code` >= '500' and `service` != 'kodo' ) }  BY `service`",
                            "field": "请求数",
                            "filters": [
                                {
                                    "id": "071ae5c0-6e13-11ec-840b-4d87e8b74361",
                                    "op": ">=",
                                    "name": "http_status_code",
                                    "type": "keyword",
                                    "logic": "and",
                                    "value": "500"
                                },
                                {
                                    "id": "48b868a0-9bdf-11ec-82f8-a92b0c924ba1",
                                    "op": "!=",
                                    "name": "service",
                                    "type": "keyword",
                                    "logic": "and",
                                    "value": "kodo"
                                }
                            ],
                            "groupBy": [
                                "service"
                            ],
                            "dataSource": "*"
                        },
                        "datasource": "dataflux"
                    }
                ]
            },
            "is_disable": false,
            "monitorName": "APM"
        }
    ]
}