{
    "checkers": [
        {
            "jsonScript": {
                "type": "apmCheck",
                "every": "1m",
                "title": "链路服务 {{ service }} P90 响应时间过高",
                "groupBy": [
                    "service"
                ],
                "message": "{% if  df_status != 'ok' %}\n\n>等级：{{ df_status }} \n\n>服务：{{ service }}\n\n>内容：{{ service }} 服务的 P90 响应时间过高，P90 响应时间为 {{ (Result / 1000) | to_fixed(2) }} ms\n\n[跳转查看](https://console.guance.com/tracing/link/all?time={{ date * 1000 - 900000}},{{date *  1000}}&is_refresh=false&tags=%7B%22duration%22%3A%5B%22%5B1.31%20s%20-%209.60%20s%5D%22%5D,%22service%22%3A%5B%22{{ service }}%22%5D%7D&w=wksp_2672fb03d62843adb3bdf20a33cd0067)\n\n{% else %}\n\n>等级：{{ df_status }} \n\n>服务：{{ service }}\n\n>内容：{{ service }} 服务的 P90 响应时间过高已恢复，P90 响应时间为 {{ (Result /1000) | to_fixed(2) }} ms\n\n{% endif %}",
                "targets": [
                    {
                        "dql": "T::RE(`.*`):(PERCENTILE(`duration`, 90)) { ( `service` != 'kodo.nsq.consumer' and `service` != 'urllib3' and `service` != 'nsq' and `service` != 'browser' ) }  BY `service`",
                        "alias": "Result"
                    }
                ],
                "interval": 900,
                "windowDql": "T::RE(`.*`):(PERCENTILE(`duration`, 90)) { ( `service` != 'kodo.nsq.consumer' and `service` != 'urllib3' and `service` != 'nsq' and `service` != 'browser' ) }  BY `service`",
                "checkerOpt": {
                    "rules": [
                        {
                            "status": "critical",
                            "conditions": [
                                {
                                    "alias": "Result",
                                    "operands": [
                                        "3000000"
                                    ],
                                    "operator": ">="
                                }
                            ],
                            "conditionLogic": "and"
                        },
                        {
                            "status": "error",
                            "conditions": [
                                {
                                    "alias": "Result",
                                    "operands": [
                                        "1500000"
                                    ],
                                    "operator": ">="
                                }
                            ],
                            "conditionLogic": "and"
                        }
                    ],
                    "infoEvent": false
                },
                "recoverNeedPeriodCount": 1
            },
            "extend": {
                "rules": [
                    {
                        "status": "critical",
                        "conditions": [
                            {
                                "alias": "Result",
                                "operands": [
                                    "3000000"
                                ],
                                "operator": ">="
                            }
                        ],
                        "conditionLogic": "and"
                    },
                    {
                        "status": "error",
                        "conditions": [
                            {
                                "alias": "Result",
                                "operands": [
                                    "1500000"
                                ],
                                "operator": ">="
                            }
                        ],
                        "conditionLogic": "and"
                    }
                ],
                "uiType": "default",
                "funcName": "",
                "querylist": [
                    {
                        "uuid": "af34d69f-614e-4644-80ad-d4eb29d01bd6",
                        "qtype": "dql",
                        "query": {
                            "q": "T::RE(`.*`):(PERCENTILE(`duration`, 90)) { ( `service` != 'kodo.nsq.consumer' and `service` != 'urllib3' and `service` != 'nsq' and `service` != 'browser' ) }  BY `service`",
                            "field": "P90响应时间",
                            "filters": [
                                {
                                    "id": "da888a20-684b-11ec-b8f6-4384eb91756e",
                                    "op": "!=",
                                    "name": "service",
                                    "type": "keyword",
                                    "logic": "and",
                                    "value": "kodo.nsq.consumer"
                                },
                                {
                                    "id": "3552a900-6d00-11ec-a9c3-73d6731dac30",
                                    "op": "!=",
                                    "name": "service",
                                    "type": "keyword",
                                    "logic": "and",
                                    "value": "urllib3"
                                },
                                {
                                    "id": "5d110470-9710-11ec-8d9a-ef09ab250e6a",
                                    "op": "!=",
                                    "name": "service",
                                    "type": "keyword",
                                    "logic": "and",
                                    "value": "nsq"
                                },
                                {
                                    "id": "4f699480-3518-11ed-b7a9-1beb295ca1c1",
                                    "op": "!=",
                                    "name": "service",
                                    "type": "keyword",
                                    "logic": "and",
                                    "value": "browser"
                                }
                            ],
                            "groupBy": [
                                "service"
                            ],
                            "dataSource": "*"
                        },
                        "datasource": "dataflux"
                    }
                ]
            },
            "is_disable": false,
            "monitorName": "APM"
        }
    ]
}