{
    "checkers": [
        {
            "jsonScript": {
                "type": "simpleCheck",
                "every": "15m",
                "title": "「广州节点」计量数据无数据",
                "groupBy": [
                    "project"
                ],
                "message": "{% if  df_status != 'ok' %}\n>等级：{{df_status}} \n\n>内容：`df_biz_workspace ` 计量数据无数据，请尽快处理\n\n[跳转链接](https://console.guance.com/scene/dashboard/dashboardDetail?dashboard_id=dsbd_2d8bd500ca474cb0810413a5114444d5&name=%E4%B8%AD%E5%9B%BD%E5%8C%BA2%EF%BC%88AWS%EF%BC%89%E8%8A%82%E7%82%B9%E4%B8%9A%E5%8A%A1%E7%9C%8B%E6%9D%BF&w=wksp_2672fb03d62843adb3bdf20a33cd0067&time=15m)\n\n{% else %}\n\n>等级：{{df_status}} \n\n>内容：`df_biz_workspace ` 计量数据无数据已恢复。\n\n{% endif %}",
                "targets": [
                    {
                        "dql": "M::`df_biz_workspace`:(AVG(`metering_log_count`)) BY `project`",
                        "alias": "Result"
                    }
                ],
                "interval": 900,
                "checkerOpt": {
                    "rules": [
                        {
                            "status": "warning",
                            "conditions": [
                                {
                                    "alias": "Result",
                                    "operands": [
                                        "0"
                                    ],
                                    "operator": "<="
                                }
                            ],
                            "conditionLogic": "and"
                        }
                    ],
                    "infoEvent": false
                },
                "noDataTitle": "",
                "noDataAction": "noData",
                "noDataMessage": "",
                "noDataInterval": 4500,
                "recoverNeedPeriodCount": 2
            },
            "extend": {
                "rules": [
                    {
                        "status": "warning",
                        "conditions": [
                            {
                                "alias": "Result",
                                "operands": [
                                    "0"
                                ],
                                "operator": "<="
                            }
                        ],
                        "conditionLogic": "and"
                    }
                ],
                "funcName": "",
                "querylist": [
                    {
                        "uuid": "3a79d08a-b739-4a3d-a7a8-63ce5b3e36f7",
                        "qtype": "dql",
                        "query": {
                            "q": "M::`df_biz_workspace`:(AVG(`metering_log_count`)) BY `project`",
                            "code": "Result",
                            "type": "simple",
                            "alias": "",
                            "field": "metering_log_count",
                            "groupBy": [
                                "project"
                            ],
                            "funcList": [],
                            "fieldFunc": "avg",
                            "fieldType": "",
                            "namespace": "metric",
                            "dataSource": "df_biz_workspace",
                            "groupByTime": ""
                        },
                        "datasource": "dataflux"
                    }
                ]
            },
            "is_disable": false,
            "monitorName": "基础设施"
        }
    ]
}