{
    "checkers": [
        {
            "jsonScript": {
                "type": "cloudDialCheck",
                "every": "1m",
                "title": "地址 {{ url }} 在城市 {{ province }} 运营商 {{ isp }} 拨测失败率过高",
                "groupBy": [
                    "url",
                    "isp",
                    "province"
                ],
                "message": "{% if  df_status != 'ok' %}\n>等级：{{ df_status }}  \n\n>城市：{{ province }} \n\n>ISP：{{ isp }} \n\n>内容：地址 {{url}} 可用性检测到错误，错误次数 {{ Result }}，请加紧查看。\n\n[跳转链接](https://console.guance.com/cloudDial/explorer?tags=%7B%22source%22%3A%5B%22http_dial_testing%22%5D,%22status%22%3A%5B%22FAIL%22%5D,%22url%22%3A%5B%22{{url}}%22%5D%7D&time={{ date * 1000 - 900000}},{{date *  1000}}&is_refresh=false&w=wksp_2672fb03d62843adb3bdf20a33cd0067)\n\n\n{% else %}\n>等级：{{df_status}}  \n\n>城市：{{ province }} \n\n>ISP：{{ isp }} \n\n>内容：地址 {{url}} 的访问已恢复正常。\n{% endif %}",
                "targets": [
                    {
                        "dql": "L::`http_dial_testing`:(COUNT(`__docid`) AS `count`) {  `status` = 'FAIL'  } BY `url`, `isp`, `province`",
                        "alias": "Result"
                    }
                ],
                "interval": 300,
                "windowDql": "L::`http_dial_testing`:(COUNT(`__docid`) AS `count`) {  `status` = 'FAIL'  } BY `url`, `isp`, `province`",
                "checkerOpt": {
                    "rules": [
                        {
                            "status": "critical",
                            "conditions": [
                                {
                                    "alias": "Result",
                                    "operands": [
                                        "3"
                                    ],
                                    "operator": ">="
                                }
                            ],
                            "conditionLogic": "and"
                        }
                    ],
                    "infoEvent": false
                },
                "noDataAction": "recover",
                "noDataInterval": 60,
                "recoverNeedPeriodCount": 1
            },
            "extend": {
                "rules": [
                    {
                        "status": "critical",
                        "conditions": [
                            {
                                "alias": "Result",
                                "operands": [
                                    "3"
                                ],
                                "operator": ">="
                            }
                        ],
                        "conditionLogic": "and"
                    }
                ],
                "funcName": "",
                "querylist": [
                    {
                        "uuid": "d031422b-5528-4159-847d-5957930f0786",
                        "qtype": "dql",
                        "query": {
                            "q": "L::`http_dial_testing`:(COUNT(`__docid`) AS `count`) {  `status` = 'FAIL'  } BY `url`, `isp`, `province`",
                            "url": "*",
                            "filters": [
                                {
                                    "id": "306d5da0-69df-11ec-80ad-b5a47c260ffb",
                                    "op": "=",
                                    "name": "status",
                                    "type": "keyword",
                                    "logic": "and",
                                    "value": "FAIL"
                                }
                            ],
                            "groupBy": [
                                "url",
                                "isp",
                                "province"
                            ],
                            "dataSource": "http_dial_testing"
                        },
                        "datasource": "dataflux"
                    }
                ]
            },
            "is_disable": false,
            "monitorName": "可用性告警"
        }
    ]
}