{
    "checkers": [
        {
            "jsonScript": {
                "type": "loggingCheck",
                "every": "5m",
                "title": "发生内部 HTTP 请求 429 状态错误",
                "groupBy": [
                    "service"
                ],
                "message": "{% if  df_status != 'ok' %}\n\n> 等级 ：{{ df_status }}\n\n> 对象 ：{{ service }}\n\n> 内容：{{ service }} 发生 {{Result}} 条 429 状态日志，请尽快处理。\n\n[跳转链接](https://console.guance.com/scene/viewer/dsbd_4348d2d597f34097b558381fe63c0178?name=kodo%205xx%20%26%20429%20%E9%94%99%E8%AF%AF&w=wksp_2672fb03d62843adb3bdf20a33cd0067&time={{ date * 1000 - 900000}},{{date *  1000}}&cols=time,message,error_code&tags=%7B\"-error_code\"%3A%5B\"200\"%5D%7D)\n\n{% else %}\n\n> 等级 ：{{ df_status }}\n\n> 对象 ：{{ service }}\n\n> 内容：{{ service }}  的 429 状态日志已恢复，当前数量为 {{ Result }}。\n\n{% endif %}",
                "targets": [
                    {
                        "dql": "L::`kodo-log`:(COUNT(`__docid`) AS `count`) { `error_code` = '429' and `status` != 'info' and `index` = 'default' } BY `service`",
                        "alias": "Result"
                    }
                ],
                "interval": 300,
                "checkerOpt": {
                    "rules": [
                        {
                            "status": "warning",
                            "conditions": [
                                {
                                    "alias": "Result",
                                    "operands": [
                                        "10"
                                    ],
                                    "operator": ">="
                                }
                            ],
                            "conditionLogic": "and"
                        }
                    ],
                    "infoEvent": false
                },
                "noDataAction": "recover",
                "noDataInterval": 300,
                "recoverNeedPeriodCount": 1
            },
            "extend": {
                "rules": [
                    {
                        "status": "warning",
                        "conditions": [
                            {
                                "alias": "Result",
                                "operands": [
                                    "10"
                                ],
                                "operator": ">="
                            }
                        ],
                        "conditionLogic": "and"
                    }
                ],
                "funcName": "",
                "querylist": [
                    {
                        "uuid": "6dbbeea1-d944-4ae8-b552-76f2df2465cc",
                        "qtype": "dql",
                        "query": {
                            "q": "L::`kodo-log`:(COUNT(`__docid`) AS `count`) { `error_code` = '429' and `status` != 'info' and `index` = 'default' } BY `service`",
                            "code": "Result",
                            "fill": "",
                            "type": "simple",
                            "alias": "count",
                            "field": "__docid",
                            "search": "",
                            "filters": [
                                {
                                    "id": "6ef175d0-c6ae-11ec-bc5a-eb247ca5f503",
                                    "op": "=",
                                    "name": "error_code",
                                    "type": "",
                                    "logic": "and",
                                    "value": "429"
                                },
                                {
                                    "id": "fbad5980-c76c-11ec-84db-db91f1cdadf4",
                                    "op": "!=",
                                    "name": "status",
                                    "type": "keyword",
                                    "logic": "and",
                                    "value": "info"
                                }
                            ],
                            "groupBy": [
                                "service"
                            ],
                            "funcList": [],
                            "fieldFunc": "count",
                            "fieldType": "",
                            "namespace": "logging",
                            "dataSource": "kodo-log",
                            "queryFuncs": [],
                            "groupByTime": "",
                            "indexFilter": "default"
                        },
                        "datasource": "dataflux"
                    }
                ]
            },
            "is_disable": false,
            "monitorName": "日志监控"
        }
    ]
}