{
    "checkers": [
        {
            "jsonScript": {
                "type": "simpleCheck",
                "every": "1m",
                "title": "主机 {{ host }} CPU 使用率过高",
                "groupBy": [
                    "host"
                ],
                "message": "{% if  df_status != 'ok' %}\n\n>等级：{{df_status}}  \n\n>主机：{{host}}  \n\n>内容：系统 CPU 使用率为 {{ Result |  to_fixed(2) }}%  \n\n>建议：基础设施-进程-选择主机-CPU 使用率 (排序) 查看是否为异常导致\n\n[跳转链接](https://console.guance.com/scene/dashboard/dashboardDetail?dashboard_id=dsbd_0778bb3c76d049039624480e73851b21&name=Linux%E4%B8%BB%E6%9C%BA%E7%9B%91%E6%8E%A7%E8%A7%86%E5%9B%BE&time={{ date * 1000 - 900000}},{{date *  1000}}&is_refresh=false&variable=%7B%22host%22%3A%22re%28%60.%2a%60%29%22%7D&w=wksp_2672fb03d62843adb3bdf20a33cd0067)\n\n{% else %}\n\n>等级：{{df_status}}  \n\n>主机：{{host}}  \n\n>内容：系统 CPU 使用率为 {{ Result |  to_fixed(2) }}%  \n\n{% endif %}",
                "targets": [
                    {
                        "dql": "eval(100 - A, A=\"M::`cpu`:(AVG(`usage_idle`)) { `host` != 'tdengine-prod-01' and `host` != 'tdengine-prod-02' } BY `host`\")",
                        "alias": "Result"
                    }
                ],
                "interval": 300,
                "checkerOpt": {
                    "rules": [
                        {
                            "status": "critical",
                            "conditions": [
                                {
                                    "alias": "Result",
                                    "operands": [
                                        "90"
                                    ],
                                    "operator": ">"
                                }
                            ],
                            "conditionLogic": "and"
                        }
                    ],
                    "infoEvent": false
                },
                "recoverNeedPeriodCount": 2
            },
            "extend": {
                "rules": [
                    {
                        "status": "critical",
                        "conditions": [
                            {
                                "alias": "Result",
                                "operands": [
                                    "90"
                                ],
                                "operator": ">"
                            }
                        ],
                        "conditionLogic": "and"
                    }
                ],
                "funcName": "",
                "querylist": [
                    {
                        "uuid": "d10d4505-aca8-48c5-b80a-2ce8f24b26cd",
                        "qtype": "dql",
                        "query": {
                            "q": "eval(100 - A, A=\"M::`cpu`:(AVG(`usage_idle`)) { `host` != 'tdengine-prod-01' and `host` != 'tdengine-prod-02' } BY `host`\")",
                            "code": "Result",
                            "type": "expression",
                            "alias": "",
                            "children": [
                                {
                                    "q": "M::`cpu`:(AVG(`usage_idle`)) { `host` != 'tdengine-prod-01' and `host` != 'tdengine-prod-02' } BY `host`",
                                    "code": "A",
                                    "type": "simple",
                                    "alias": "",
                                    "field": "usage_idle",
                                    "filters": [
                                        {
                                            "id": "09c5f1b0-f3cf-11ec-a715-eb48b973769f",
                                            "op": "!=",
                                            "name": "host",
                                            "type": "",
                                            "logic": "and",
                                            "value": "tdengine-prod-01"
                                        },
                                        {
                                            "id": "0f16b910-f3cf-11ec-a715-eb48b973769f",
                                            "op": "!=",
                                            "name": "host",
                                            "type": "",
                                            "logic": "and",
                                            "value": "tdengine-prod-02"
                                        }
                                    ],
                                    "groupBy": [
                                        "host"
                                    ],
                                    "fieldFunc": "avg",
                                    "fieldType": "float",
                                    "namespace": "metric",
                                    "dataSource": "cpu",
                                    "queryFuncs": [],
                                    "groupByTime": ""
                                }
                            ],
                            "funcList": [],
                            "expression": "100 - A"
                        },
                        "datasource": "dataflux"
                    }
                ]
            },
            "is_disable": false,
            "monitorName": "Host 监控"
        }
    ]
}