{
    "checkers": [
        {
            "jsonScript": {
                "type": "simpleCheck",
                "every": "1m",
                "title": "主机 {{ host }} 磁盘剩余空间过低",
                "groupBy": [
                    "host",
                    "device"
                ],
                "message": "{% if  df_status != 'ok' %}\n\n>等级：{{df_status}}  \n\n>主机：{{host}}  \n\n>内容：磁盘剩余空间为 {{ Result |  to_fixed(2) }}%  \n\n>建议：磁盘空间即将耗尽，导致无法正常写入数据，请及时清理不必要的文件\n\n[跳转链接](https://console.guance.com/scene/dashboard/dashboardDetail?dashboard_id=dsbd_0778bb3c76d049039624480e73851b21&name=Linux%E4%B8%BB%E6%9C%BA%E7%9B%91%E6%8E%A7%E8%A7%86%E5%9B%BE&time={{ date * 1000 - 900000}},{{date *  1000}}&is_refresh=false&variable=%7B%22host%22%3A%22re%28%60.%2a%60%29%22%7D&W=wksp_2672fb03d62843adb3bdf20a33cd0067)\n\n{% else %}\n\n>等级：{{df_status}}  \n\n>主机：{{host}}  \n\n>内容：磁盘剩余空间为 {{ Result |  to_fixed(2) }}%  \n\n{% endif %}",
                "targets": [
                    {
                        "dql": "eval(100-A, A=\"M::`disk`:(LAST(`used_percent`)) BY `host`, `device`\")",
                        "alias": "Result"
                    }
                ],
                "interval": 900,
                "checkerOpt": {
                    "rules": [
                        {
                            "status": "critical",
                            "conditions": [
                                {
                                    "alias": "Result",
                                    "operands": [
                                        "15"
                                    ],
                                    "operator": "<"
                                }
                            ],
                            "conditionLogic": "and"
                        }
                    ],
                    "infoEvent": false
                },
                "recoverNeedPeriodCount": 2
            },
            "extend": {
                "rules": [
                    {
                        "status": "critical",
                        "conditions": [
                            {
                                "alias": "Result",
                                "operands": [
                                    "15"
                                ],
                                "operator": "<"
                            }
                        ],
                        "conditionLogic": "and"
                    }
                ],
                "funcName": "",
                "querylist": [
                    {
                        "uuid": "4c123741-2f0a-4c67-9887-fee9cb651835",
                        "qtype": "dql",
                        "query": {
                            "q": "eval(100-A, A=\"M::`disk`:(LAST(`used_percent`)) BY `host`, `device`\")",
                            "code": "Result",
                            "type": "expression",
                            "alias": "",
                            "children": [
                                {
                                    "q": "M::`disk`:(LAST(`used_percent`)) BY `host`, `device`",
                                    "code": "A",
                                    "type": "simple",
                                    "alias": "",
                                    "field": "used_percent",
                                    "filters": [],
                                    "groupBy": [
                                        "host",
                                        "device"
                                    ],
                                    "fieldFunc": "last",
                                    "fieldType": "float",
                                    "namespace": "metric",
                                    "dataSource": "disk",
                                    "queryFuncs": [],
                                    "groupByTime": ""
                                }
                            ],
                            "funcList": [],
                            "expression": "100-A"
                        },
                        "datasource": "dataflux"
                    }
                ]
            },
            "is_disable": false,
            "monitorName": "基础监控"
        }
    ]
}