{
    "checkers": [
        {
            "jsonScript": {
                "type": "simpleCheck",
                "every": "1m",
                "title": "主机 {{host}} 存在僵尸进程",
                "groupBy": [
                    "host"
                ],
                "message": "{% if  df_status != 'ok' %}\n\n>等级：{{df_status}}  \n\n>主机：{{host}}  \n\n>内容：系统存在 {{ Result }} 个僵尸进程  \n\n>建议：基础设施-进程-状态选择 (zombie) 查看僵尸进程信息\n\n[跳转链接](https://console.guance.com/scene/dashboard/dashboardDetail?dashboard_id=dsbd_0700aca3abae4bdc97be3fc94af995a7&name=Linux%E4%B8%BB%E6%9C%BA%E7%9B%91%E6%8E%A7%E8%A7%86%E5%9B%BE&time={{ date * 1000 - 900000}},{{date *  1000}}&is_refresh=false&variable=%7B%22host%22%3A%22re%28%60.%2a%60%29%22%7D&w=wksp_2672fb03d62843adb3bdf20a33cd0067)\n\n{% else %}\n\n>等级：{{df_status}}  \n\n>主机：{{host}}  \n\n>内容：系统存在 {{ Result }} 个僵尸进程  \n\n{% endif %}",
                "targets": [
                    {
                        "dql": "M::`processes`:(AVG(`zombies`)) BY `host`",
                        "alias": "Result"
                    }
                ],
                "interval": 900,
                "checkerOpt": {
                    "rules": [
                        {
                            "status": "critical",
                            "conditions": [
                                {
                                    "alias": "Result",
                                    "operands": [
                                        "1"
                                    ],
                                    "operator": ">="
                                }
                            ],
                            "conditionLogic": "and"
                        }
                    ],
                    "infoEvent": false
                },
                "recoverNeedPeriodCount": 2
            },
            "extend": {
                "rules": [
                    {
                        "status": "critical",
                        "conditions": [
                            {
                                "alias": "Result",
                                "operands": [
                                    "1"
                                ],
                                "operator": ">="
                            }
                        ],
                        "conditionLogic": "and"
                    }
                ],
                "funcName": "",
                "querylist": [
                    {
                        "uuid": "690564e9-94cd-4d07-bd8b-bd34aff1af27",
                        "qtype": "dql",
                        "query": {
                            "q": "M::`processes`:(AVG(`zombies`)) BY `host`",
                            "code": "Result",
                            "fill": null,
                            "type": "simple",
                            "alias": "",
                            "field": "zombies",
                            "filters": [],
                            "groupBy": [
                                "host"
                            ],
                            "funcList": [],
                            "fieldFunc": "avg",
                            "fieldType": "",
                            "namespace": "metric",
                            "dataSource": "processes",
                            "queryFuncs": [],
                            "groupByTime": ""
                        },
                        "datasource": "dataflux"
                    }
                ]
            },
            "is_disable": false,
            "monitorName": "Host 监控"
        }
    ]
}