{
    "checkers": [
        {
            "jsonScript": {
                "type": "simpleCheck",
                "every": "1m",
                "title": "主机 {{ host }} JVM 堆内存的使用量过高",
                "groupBy": [
                    "cluster_name"
                ],
                "message": "{% if  df_status != 'ok' %}\n\n>等级：{{df_status}}  \n\n>主机：{{cluster_name}}  \n\n>内容：Elasticsearch JVM 堆内存的使用量为 {{ Result }}%  \n\n>建议：当前JVM垃圾的收集已经跟不上JVM垃圾的产生请及时查看业务情况\n\n[跳转链接](https://console.guance.com/scene/dashboard/dashboardDetail?dashboard_id=dsbd_ea88e878165747c48a3ef763e10b10bf&name=Elasticsearch&time={{ date * 1000 - 900000}},{{date *  1000}}&is_refresh=false&variable=%7B%22cluster_name%22%3A%22re%28%60.%2a%60%29%22%7D&w=wksp_2672fb03d62843adb3bdf20a33cd0067)\n\n{% else %}\n\n\n>等级：{{df_status}}  \n\n>主机：{{cluster_name}}  \n\n>内容：Elasticsearch JVM 堆内存的使用量为 {{ Result }}%  \n\n{% endif %}",
                "targets": [
                    {
                        "dql": "M::`elasticsearch_node_stats`:(AVG(`jvm_mem_heap_used_percent`)) BY `cluster_name`",
                        "alias": "Result"
                    }
                ],
                "interval": 900,
                "checkerOpt": {
                    "rules": [
                        {
                            "status": "critical",
                            "conditions": [
                                {
                                    "alias": "Result",
                                    "operands": [
                                        "85"
                                    ],
                                    "operator": ">="
                                }
                            ],
                            "conditionLogic": "and"
                        }
                    ],
                    "infoEvent": false
                },
                "recoverNeedPeriodCount": 0
            },
            "extend": {
                "rules": [
                    {
                        "status": "critical",
                        "conditions": [
                            {
                                "alias": "Result",
                                "operands": [
                                    "85"
                                ],
                                "operator": ">="
                            }
                        ],
                        "conditionLogic": "and"
                    }
                ],
                "funcName": "",
                "querylist": [
                    {
                        "uuid": "2815fcaa-f0b6-4854-b5cd-de046dce3cd0",
                        "qtype": "dql",
                        "query": {
                            "q": "M::`elasticsearch_node_stats`:(AVG(`jvm_mem_heap_used_percent`)) BY `cluster_name`",
                            "code": "Result",
                            "type": "simple",
                            "alias": "",
                            "field": "jvm_mem_heap_used_percent",
                            "filters": [],
                            "groupBy": [
                                "cluster_name"
                            ],
                            "funcList": [],
                            "fieldFunc": "avg",
                            "fieldType": "float",
                            "namespace": "metric",
                            "dataSource": "elasticsearch_node_stats",
                            "groupByTime": ""
                        },
                        "datasource": "dataflux"
                    }
                ]
            },
            "is_disable": false,
            "monitorName": "Elasticsearch 检测库"
        }
    ]
}