{
    "checkers": [
        {
            "jsonScript": {
                "type": "mutationsCheck",
                "every": "1m",
                "title": "主机 {{ host }} Elasticsearch 转换索引线程池中被拒绝的线程数异常增加",
                "groupBy": [
                    "cluster_name",
                    "host"
                ],
                "message": ">等级：{{status}}  \n>主机：{{host}}  \n>内容：Elasticsearch 转换索引线程池中被拒绝的线程数异常增加\n>建议： Elasticsearch 转换索引线程池中被拒绝的线程数异常增加，请及时降低减慢请求速率(如果可能)，或者增加节点上的处理器数量或增加群集中的节点数量, 保证Elasticsearch集群的可用性。",
                "targets": [
                    {
                        "dql": "M::`elasticsearch_node_stats`:(LAST(`thread_pool_transform_indexing_rejected`))  [::1800s] BY `cluster_name`, `host`",
                        "alias": "Result"
                    }
                ],
                "interval": 1800,
                "checkerOpt": {
                    "rules": [
                        {
                            "status": "critical",
                            "strength": 3,
                            "direction": "up",
                            "periodNum": 3,
                            "checkCount": 1,
                            "conditionLogic": "and"
                        }
                    ]
                },
                "noDataInterval": 0,
                "recoverNeedPeriodCount": 0
            },
            "extend": {
                "rules": [
                    {
                        "status": "critical",
                        "strength": 3,
                        "direction": "up",
                        "periodNum": 3,
                        "checkCount": 1,
                        "conditionLogic": "and"
                    }
                ],
                "funcName": "",
                "querylist": [
                    {
                        "uuid": "33bcade0-1f84-477c-92c2-2eca74a842f0",
                        "qtype": "dql",
                        "query": {
                            "q": "M::`elasticsearch_node_stats`:(LAST(`thread_pool_transform_indexing_rejected`))  [::1800s] BY `cluster_name`, `host`",
                            "code": "Result",
                            "type": "simple",
                            "alias": "",
                            "field": "thread_pool_transform_indexing_rejected",
                            "groupBy": [
                                "cluster_name",
                                "host"
                            ],
                            "funcList": [],
                            "fieldFunc": "last",
                            "fieldType": "float",
                            "namespace": "metric",
                            "dataSource": "elasticsearch_node_stats",
                            "groupByTime": "1800s"
                        },
                        "datasource": "dataflux"
                    }
                ],
                "noDataPeriodCount": null,
                "recoverNeedPeriodCount": null
            },
            "is_disable": true,
            "monitorName": "Elasticsearch 检测库"
        }
    ]
}