{
    "checkers": [
        {
            "jsonScript": {
                "type": "mutationsCheck",
                "every": "1m",
                "title": "主机 {{ host }} Elasticsearch 搜索查询负载异常",
                "groupBy": [
                    "host"
                ],
                "message": ">等级：{{status}}  \n>主机：{{host}}  \n>内容：Elasticsearch 搜索查询负载异常\n>建议：请及时查看业务情况以保证Elasticsearch集群的可用性。",
                "targets": [
                    {
                        "dql": "F::dataflux__dql:(EXEC_FORMULA(expr='A/B', A=dql(\"M::`elasticsearch_indices_stats`:(LAST(`total_search_query_total`))  [::1800s] BY `host`\"), B=dql(\"M::`elasticsearch_indices_stats`:(LAST(`total_search_query_time_in_millis`))  [::1800s] BY `host`\")))",
                        "alias": "Result"
                    }
                ],
                "interval": 1800,
                "checkerOpt": {
                    "rules": [
                        {
                            "status": "critical",
                            "strength": 3,
                            "direction": "both",
                            "periodNum": 3,
                            "checkCount": 1,
                            "conditionLogic": "and"
                        }
                    ]
                },
                "noDataInterval": 0,
                "recoverNeedPeriodCount": 0
            },
            "extend": {
                "rules": [
                    {
                        "status": "critical",
                        "strength": 3,
                        "direction": "both",
                        "periodNum": 3,
                        "checkCount": 1,
                        "conditionLogic": "and"
                    }
                ],
                "funcName": "",
                "querylist": [
                    {
                        "uuid": "4201355b-6d03-48f9-bfab-17bee815eca7",
                        "qtype": "dql",
                        "query": {
                            "q": "F::dataflux__dql:(EXEC_FORMULA(expr='A/B', A=dql(\"M::`elasticsearch_indices_stats`:(LAST(`total_search_query_total`))  [::1800s] BY `host`\"), B=dql(\"M::`elasticsearch_indices_stats`:(LAST(`total_search_query_time_in_millis`))  [::1800s] BY `host`\")))",
                            "code": "Result",
                            "type": "expression",
                            "children": [
                                {
                                    "q": "M::`elasticsearch_indices_stats`:(LAST(`total_search_query_total`))  [::1800s] BY `host`",
                                    "code": "A",
                                    "type": "simple",
                                    "alias": "",
                                    "field": "total_search_query_total",
                                    "groupBy": [
                                        "host"
                                    ],
                                    "fieldFunc": "last",
                                    "fieldType": "float",
                                    "namespace": "metric",
                                    "dataSource": "elasticsearch_indices_stats",
                                    "queryFuncs": [],
                                    "groupByTime": "1800s"
                                },
                                {
                                    "q": "M::`elasticsearch_indices_stats`:(LAST(`total_search_query_time_in_millis`))  [::1800s] BY `host`",
                                    "code": "B",
                                    "type": "simple",
                                    "alias": "",
                                    "field": "total_search_query_time_in_millis",
                                    "groupBy": [
                                        "host"
                                    ],
                                    "fieldFunc": "last",
                                    "fieldType": "float",
                                    "namespace": "metric",
                                    "dataSource": "elasticsearch_indices_stats",
                                    "groupByTime": "1800s"
                                }
                            ],
                            "funcList": [],
                            "expression": "A/B"
                        },
                        "datasource": "dataflux"
                    }
                ],
                "noDataPeriodCount": null,
                "recoverNeedPeriodCount": null
            },
            "is_disable": true,
            "monitorName": "Elasticsearch 检测库"
        }
    ]
}