{
    "checkers": [
        {
            "jsonScript": {
                "type": "simpleCheck",
                "every": "1m",
                "title": "节点 {{ host }} 掉线了，请尽快查看",
                "groupBy": [
                    "host"
                ],
                "message": "{% if  df_status != 'ok' %}\n\n>等级：{{ df_status }}  \n\n>主机：{{ host }} \n\n>内容：集群节点主机 {{ host }} 可能掉线了，已经 5 分钟未检测到指标上报，请尽快查看确认。\n\n[跳转链接](https://console.guance.com/objectadmin/HOST?router_type=table&w=wksp_2672fb03d62843adb3bdf20a33cd0067)\n\n{% else %}\n\n>等级：{{df_status}}  \n\n>主机：{{ host }} \n\n>内容：集群节点主机 {{ host }} 掉线已恢复。\n\n{% endif %}",
                "targets": [
                    {
                        "dql": "M::`cpu`:(COUNT(`usage_total`)) BY `host`",
                        "alias": "Result"
                    }
                ],
                "interval": 300,
                "checkerOpt": {
                    "rules": [
                        {
                            "status": "critical",
                            "conditions": [
                                {
                                    "alias": "Result",
                                    "operands": [
                                        "0"
                                    ],
                                    "operator": "<="
                                }
                            ],
                            "conditionLogic": "and"
                        }
                    ],
                    "infoEvent": false
                },
                "recoverNeedPeriodCount": 1
            },
            "extend": {
                "rules": [
                    {
                        "status": "critical",
                        "conditions": [
                            {
                                "alias": "Result",
                                "operands": [
                                    "0"
                                ],
                                "operator": "<="
                            }
                        ],
                        "conditionLogic": "and"
                    }
                ],
                "funcName": "",
                "querylist": [
                    {
                        "uuid": "56490afe-680e-44c3-a918-3eeb8196e0de",
                        "qtype": "dql",
                        "query": {
                            "q": "M::`cpu`:(COUNT(`usage_total`)) BY `host`",
                            "code": "Result",
                            "fill": "",
                            "type": "simple",
                            "alias": "",
                            "field": "usage_total",
                            "filters": [],
                            "groupBy": [
                                "host"
                            ],
                            "funcList": [],
                            "fieldFunc": "count",
                            "fieldType": "float",
                            "namespace": "metric",
                            "dataSource": "cpu",
                            "queryFuncs": [],
                            "groupByTime": ""
                        },
                        "datasource": "dataflux"
                    }
                ]
            },
            "is_disable": false,
            "monitorName": "基础设施"
        }
    ]
}