{
    "title": "Redis 监控视图",
    "dashboardType": "CUSTOM",
    "dashboardExtend": {},
    "dashboardMapping": [],
    "dashboardOwnerType": "node",
    "iconSet": {
        "url": "https://static-res.guance.com/dataflux-template/dashboard/redis/redis.png",
        "icon": "https://static-res.guance.com/dataflux-template/dashboard/redis/icon.svg"
    },
    "dashboardBindSet": [],
    "thumbnail": "",
    "tags": [],
    "summary": "",
    "main": {
        "vars": [
            {
                "name": "主机名",
                "seq": 0,
                "datasource": "dataflux",
                "code": "host",
                "type": "QUERY",
                "definition": {
                    "tag": "",
                    "field": "",
                    "value": "show_tag_value(from=['redis_client'], keyin=['host'])[5m]",
                    "metric": "",
                    "object": ""
                },
                "valueSort": "default",
                "hide": 0,
                "isHiddenAsterisk": 0
            }
        ],
        "charts": [
            {
                "extend": {
                    "settings": {
                        "mark": {
                            "axis": "x",
                            "data": [],
                            "type": "area"
                        },
                        "alias": [],
                        "units": [],
                        "colors": [],
                        "levels": [],
                        "density": "medium",
                        "showLine": false,
                        "chartType": "areaLine",
                        "fixedTime": "",
                        "isPercent": false,
                        "openStack": false,
                        "showTitle": true,
                        "stackType": "time",
                        "titleDesc": "",
                        "compareType": "",
                        "openCompare": false,
                        "compareTitle": "",
                        "legendValues": "",
                        "timeInterval": "default",
                        "legendPostion": "none",
                        "xAxisShowType": "time",
                        "isTimeInterval": true,
                        "currentChartType": "sequence",
                        "showFieldMapping": false,
                        "tableSortMetricName": "核心态消耗的 CPU 时间"
                    },
                    "fixedTime": "",
                    "isRefresh": false
                },
                "group": {
                    "name": "性能"
                },
                "name": "CPU 消耗时间",
                "pos": {
                    "h": 8,
                    "w": 8,
                    "x": 0,
                    "y": 28.5
                },
                "type": "sequence",
                "queries": [
                    {
                        "name": "",
                        "type": "sequence",
                        "unit": "",
                        "color": "",
                        "qtype": "dql",
                        "query": {
                            "q": "NON_NEGATIVE_DIFFERENCE(\"M::`redis_info`:(AVG(`used_cpu_sys`) AS `核心态消耗的 CPU 时间`) { `host` = '#{host}' } BY `host`\")",
                            "code": "A",
                            "fill": null,
                            "type": "simple",
                            "alias": "核心态消耗的 CPU 时间",
                            "field": "used_cpu_sys",
                            "filters": [
                                {
                                    "id": "d0a0c740-146a-11ed-b5fb-4d46a10ff9ad",
                                    "op": "=",
                                    "name": "host",
                                    "type": "",
                                    "logic": "and",
                                    "value": "#{host}"
                                }
                            ],
                            "groupBy": [
                                "host"
                            ],
                            "funcList": [],
                            "fieldFunc": "avg",
                            "fieldType": "float",
                            "namespace": "metric",
                            "dataSource": "redis_info",
                            "queryFuncs": [
                                {
                                    "args": [],
                                    "name": "non_negative_difference"
                                }
                            ],
                            "groupByTime": ""
                        },
                        "datasource": "dataflux"
                    },
                    {
                        "name": "",
                        "type": "sequence",
                        "unit": "",
                        "color": "",
                        "qtype": "dql",
                        "query": {
                            "q": "NON_NEGATIVE_DIFFERENCE(\"M::`redis_info`:(AVG(`used_cpu_user`) AS `用户态消耗的 CPU 时间`) { `host` = '#{host}' } BY `host`\")",
                            "code": "B",
                            "fill": null,
                            "type": "simple",
                            "alias": "用户态消耗的 CPU 时间",
                            "field": "used_cpu_user",
                            "filters": [
                                {
                                    "id": "f2412d40-146a-11ed-b5fb-4d46a10ff9ad",
                                    "op": "=",
                                    "name": "host",
                                    "type": "",
                                    "logic": "and",
                                    "value": "#{host}"
                                }
                            ],
                            "groupBy": [
                                "host"
                            ],
                            "funcList": [],
                            "fieldFunc": "avg",
                            "fieldType": "float",
                            "namespace": "metric",
                            "dataSource": "redis_info",
                            "queryFuncs": [
                                {
                                    "args": [],
                                    "name": "non_negative_difference"
                                }
                            ],
                            "groupByTime": ""
                        },
                        "datasource": "dataflux"
                    }
                ]
            },
            {
                "extend": {
                    "settings": {
                        "mark": {
                            "axis": "x",
                            "data": [],
                            "type": "area"
                        },
                        "alias": [],
                        "units": [],
                        "colors": [],
                        "levels": [],
                        "density": "medium",
                        "showLine": false,
                        "chartType": "areaLine",
                        "fixedTime": "",
                        "isPercent": false,
                        "openStack": false,
                        "showTitle": true,
                        "stackType": "time",
                        "titleDesc": "",
                        "compareType": "",
                        "openCompare": false,
                        "compareTitle": "",
                        "legendValues": "",
                        "timeInterval": "default",
                        "legendPostion": "none",
                        "xAxisShowType": "time",
                        "isTimeInterval": true,
                        "currentChartType": "sequence",
                        "showFieldMapping": false,
                        "tableSortMetricName": "Key值查找失败次数"
                    },
                    "fixedTime": "",
                    "isRefresh": true
                },
                "group": {
                    "name": null
                },
                "name": "Key值查找失败次数",
                "pos": {
                    "h": 8,
                    "w": 12,
                    "x": 0,
                    "y": 10
                },
                "type": "sequence",
                "queries": [
                    {
                        "name": "",
                        "type": "sequence",
                        "unit": "",
                        "color": "",
                        "qtype": "dql",
                        "query": {
                            "q": "M::`redis_info`:(AVG(`keyspace_misses`) AS `Key值查找失败次数`) { `host` = '#{host}' } BY `host`",
                            "code": "A",
                            "fill": null,
                            "type": "simple",
                            "alias": "Key值查找失败次数",
                            "field": "keyspace_misses",
                            "filters": [
                                {
                                    "id": "b701b740-87b7-11eb-a503-75529ab0d97c",
                                    "op": "=",
                                    "name": "host",
                                    "type": "",
                                    "logic": "and",
                                    "value": "#{host}"
                                }
                            ],
                            "groupBy": [
                                "host"
                            ],
                            "funcList": [],
                            "fieldFunc": "avg",
                            "fieldType": "integer",
                            "namespace": "metric",
                            "dataSource": "redis_info",
                            "queryFuncs": [],
                            "groupByTime": ""
                        },
                        "datasource": "dataflux"
                    }
                ]
            },
            {
                "extend": {
                    "settings": {
                        "mark": {
                            "axis": "x",
                            "data": [],
                            "type": "area"
                        },
                        "alias": [],
                        "units": [],
                        "colors": [],
                        "levels": [],
                        "density": "medium",
                        "showLine": false,
                        "chartType": "areaLine",
                        "fixedTime": "",
                        "isPercent": false,
                        "openStack": false,
                        "showTitle": true,
                        "stackType": "time",
                        "titleDesc": "",
                        "compareType": "",
                        "openCompare": false,
                        "compareTitle": "",
                        "legendValues": "",
                        "timeInterval": "default",
                        "legendPostion": "none",
                        "xAxisShowType": "time",
                        "isTimeInterval": true,
                        "currentChartType": "sequence",
                        "showFieldMapping": false,
                        "tableSortMetricName": "拒绝的连接数"
                    },
                    "fixedTime": "",
                    "isRefresh": true
                },
                "group": {
                    "name": null
                },
                "name": "拒绝的连接数",
                "pos": {
                    "h": 8,
                    "w": 12,
                    "x": 0,
                    "y": 18
                },
                "type": "sequence",
                "queries": [
                    {
                        "name": "",
                        "type": "sequence",
                        "unit": "",
                        "color": "",
                        "qtype": "dql",
                        "query": {
                            "q": "M::`redis_info`:(AVG(`rejected_connections`) AS `拒绝的连接数`) { `host` = '#{host}' } BY `host`",
                            "code": "A",
                            "fill": null,
                            "type": "simple",
                            "alias": "拒绝的连接数",
                            "field": "rejected_connections",
                            "filters": [
                                {
                                    "id": "7b0a2740-87b7-11eb-a503-75529ab0d97c",
                                    "op": "=",
                                    "name": "host",
                                    "type": "",
                                    "logic": "and",
                                    "value": "#{host}"
                                }
                            ],
                            "groupBy": [
                                "host"
                            ],
                            "funcList": [],
                            "fieldFunc": "avg",
                            "fieldType": "integer",
                            "namespace": "metric",
                            "dataSource": "redis_info",
                            "queryFuncs": [],
                            "groupByTime": ""
                        },
                        "datasource": "dataflux"
                    }
                ]
            },
            {
                "extend": {
                    "settings": {
                        "mark": {
                            "axis": "x",
                            "data": [],
                            "type": "area"
                        },
                        "alias": [],
                        "units": [
                            {
                                "key": "已使用内存",
                                "name": "已使用内存",
                                "unit": "",
                                "units": [
                                    "digital",
                                    "b"
                                ]
                            }
                        ],
                        "colors": [
                            {
                                "key": "分配的内存大小",
                                "name": "分配的内存大小",
                                "color": "rgba(25,190,107,1)"
                            }
                        ],
                        "levels": [],
                        "density": "medium",
                        "showLine": false,
                        "chartType": "areaLine",
                        "fixedTime": "",
                        "isPercent": false,
                        "openStack": false,
                        "showTitle": true,
                        "stackType": "time",
                        "titleDesc": "",
                        "compareType": "",
                        "openCompare": false,
                        "compareTitle": "",
                        "legendValues": "",
                        "timeInterval": "default",
                        "legendPostion": "none",
                        "xAxisShowType": "time",
                        "isTimeInterval": true,
                        "currentChartType": "sequence",
                        "showFieldMapping": false,
                        "tableSortMetricName": "redis_used_memory"
                    },
                    "fixedTime": "",
                    "isRefresh": true
                },
                "group": {
                    "name": "性能"
                },
                "name": "已使用内存",
                "pos": {
                    "h": 8,
                    "w": 6,
                    "x": 12,
                    "y": 36.5
                },
                "type": "sequence",
                "queries": [
                    {
                        "name": "",
                        "type": "sequence",
                        "unit": "",
                        "color": "",
                        "qtype": "dql",
                        "query": {
                            "q": "M::`redis_info`:(AVG(`used_memory`) AS `已使用内存`) { `host` = '#{host}' } BY `host`",
                            "code": "A",
                            "fill": null,
                            "type": "simple",
                            "alias": "已使用内存",
                            "field": "used_memory",
                            "filters": [
                                {
                                    "id": "41d7dd50-87ad-11eb-98f1-11984c8fe9fb",
                                    "op": "=",
                                    "name": "host",
                                    "type": "",
                                    "logic": "and",
                                    "value": "#{host}"
                                }
                            ],
                            "groupBy": [
                                "host"
                            ],
                            "funcList": [],
                            "fieldFunc": "avg",
                            "fieldType": "float",
                            "namespace": "metric",
                            "dataSource": "redis_info",
                            "queryFuncs": [],
                            "groupByTime": ""
                        },
                        "datasource": "dataflux"
                    }
                ]
            },
            {
                "extend": {
                    "settings": {
                        "mark": {
                            "axis": "x",
                            "data": [],
                            "type": "area"
                        },
                        "alias": [],
                        "units": [],
                        "colors": [],
                        "levels": [],
                        "density": "medium",
                        "showLine": false,
                        "chartType": "areaLine",
                        "fixedTime": "",
                        "isPercent": false,
                        "openStack": false,
                        "showTitle": true,
                        "stackType": "time",
                        "titleDesc": "",
                        "compareType": "",
                        "openCompare": false,
                        "compareTitle": "",
                        "legendValues": "",
                        "timeInterval": "default",
                        "legendPostion": "none",
                        "xAxisShowType": "time",
                        "isTimeInterval": true,
                        "currentChartType": "sequence",
                        "showFieldMapping": false,
                        "tableSortMetricName": "最近转储更改数量"
                    },
                    "fixedTime": "",
                    "isRefresh": false
                },
                "group": {
                    "name": "持久化"
                },
                "name": "最近转储更改数量",
                "pos": {
                    "h": 8,
                    "w": 8,
                    "x": 8,
                    "y": 47
                },
                "type": "sequence",
                "queries": [
                    {
                        "name": "",
                        "type": "sequence",
                        "unit": "",
                        "color": "",
                        "qtype": "dql",
                        "query": {
                            "q": "M::`redis_info`:(fill(AVG(`rdb_changes_since_last_save`), previous) AS `最近转储更改数量`) { `host` = '#{host}' } BY `host`",
                            "code": "A",
                            "fill": "previous",
                            "type": "simple",
                            "alias": "最近转储更改数量",
                            "field": "rdb_changes_since_last_save",
                            "filters": [
                                {
                                    "id": "bd8ba240-87b4-11eb-a503-75529ab0d97c",
                                    "op": "=",
                                    "name": "host",
                                    "type": "",
                                    "logic": "and",
                                    "value": "#{host}"
                                }
                            ],
                            "groupBy": [
                                "host"
                            ],
                            "funcList": [],
                            "fieldFunc": "avg",
                            "fieldType": "integer",
                            "namespace": "metric",
                            "dataSource": "redis_info",
                            "queryFuncs": [],
                            "groupByTime": ""
                        },
                        "datasource": "dataflux"
                    }
                ]
            },
            {
                "extend": {
                    "settings": {
                        "mark": {
                            "axis": "x",
                            "data": [],
                            "type": "area"
                        },
                        "units": [],
                        "colors": [],
                        "levels": [],
                        "density": "medium",
                        "mappings": [],
                        "showLine": false,
                        "chartType": "areaLine",
                        "lineColor": "#c23531",
                        "openStack": false,
                        "stackType": "time",
                        "downsample": "last",
                        "openCompare": false,
                        "showLineAxis": false,
                        "xAxisShowType": "time",
                        "currentChartType": "sequence",
                        "showFieldMapping": false,
                        "tableSortMetricName": "等待阻塞命令的客户端连接数"
                    }
                },
                "group": {
                    "name": "性能"
                },
                "name": "等待阻塞命令的客户端连接数",
                "pos": {
                    "h": 8,
                    "w": 6,
                    "x": 18,
                    "y": 36.5
                },
                "type": "sequence",
                "queries": [
                    {
                        "name": "",
                        "type": "sequence",
                        "unit": "",
                        "color": "",
                        "qtype": "dql",
                        "query": {
                            "q": "M::`redis_info`:(AVG(`blocked_clients`) AS `等待阻塞命令的客户端连接数`) { `host` = '#{host}' }",
                            "code": "A",
                            "fill": null,
                            "type": "simple",
                            "alias": "等待阻塞命令的客户端连接数",
                            "field": "blocked_clients",
                            "filters": [
                                {
                                    "id": "e82f7b90-87ad-11eb-98f1-11984c8fe9fb",
                                    "op": "=",
                                    "name": "host",
                                    "type": "",
                                    "logic": "and",
                                    "value": "#{host}"
                                }
                            ],
                            "groupBy": [],
                            "funcList": [],
                            "fieldFunc": "avg",
                            "fieldType": "integer",
                            "namespace": "metric",
                            "dataSource": "redis_info",
                            "queryFuncs": [],
                            "groupByTime": ""
                        },
                        "datasource": "dataflux"
                    }
                ]
            },
            {
                "extend": {
                    "settings": {
                        "mark": {
                            "axis": "x",
                            "data": [],
                            "type": "area"
                        },
                        "alias": [],
                        "units": [
                            {
                                "key": "内存碎片率",
                                "name": "内存碎片率",
                                "unit": "",
                                "units": [
                                    "percent",
                                    "percent"
                                ]
                            }
                        ],
                        "colors": [],
                        "levels": [],
                        "density": "medium",
                        "showLine": false,
                        "chartType": "areaLine",
                        "fixedTime": "",
                        "isPercent": false,
                        "openStack": false,
                        "showTitle": true,
                        "stackType": "time",
                        "titleDesc": "",
                        "compareType": "",
                        "openCompare": false,
                        "compareTitle": "",
                        "legendValues": "",
                        "timeInterval": "default",
                        "legendPostion": "none",
                        "xAxisShowType": "time",
                        "isTimeInterval": true,
                        "currentChartType": "sequence",
                        "showFieldMapping": false,
                        "tableSortMetricName": "redis_mem_fragmentation_ratio"
                    },
                    "fixedTime": "",
                    "isRefresh": true
                },
                "group": {
                    "name": "性能"
                },
                "name": "内存碎片率",
                "pos": {
                    "h": 8,
                    "w": 6,
                    "x": 0,
                    "y": 36.5
                },
                "type": "sequence",
                "queries": [
                    {
                        "name": "",
                        "type": "sequence",
                        "unit": "",
                        "color": "",
                        "qtype": "dql",
                        "query": {
                            "q": "M::`redis_info`:(AVG(`mem_fragmentation_ratio`) AS `内存碎片率`) { `host` = '#{host}' } BY `host`",
                            "code": "A",
                            "fill": null,
                            "type": "simple",
                            "alias": "内存碎片率",
                            "field": "mem_fragmentation_ratio",
                            "filters": [
                                {
                                    "id": "fa71d1a0-87ac-11eb-98f1-11984c8fe9fb",
                                    "op": "=",
                                    "name": "host",
                                    "type": "",
                                    "logic": "and",
                                    "value": "#{host}"
                                }
                            ],
                            "groupBy": [
                                "host"
                            ],
                            "funcList": [],
                            "fieldFunc": "avg",
                            "fieldType": "float",
                            "namespace": "metric",
                            "dataSource": "redis_info",
                            "queryFuncs": [],
                            "groupByTime": ""
                        },
                        "datasource": "dataflux"
                    }
                ]
            },
            {
                "extend": {
                    "settings": {
                        "units": [
                            {
                                "key": "redis_latest_fork_usec",
                                "name": "redis_latest_fork_usec",
                                "unit": "毫秒"
                            }
                        ],
                        "colors": [],
                        "levels": [],
                        "mappings": [],
                        "showLine": false,
                        "lineColor": "#c23531",
                        "downsample": "last",
                        "openCompare": false,
                        "showLineAxis": false,
                        "currentChartType": "singlestat",
                        "showFieldMapping": false
                    }
                },
                "group": {
                    "name": null
                },
                "name": "客户端连接数",
                "pos": {
                    "h": 10,
                    "w": 4,
                    "x": 0,
                    "y": 0
                },
                "type": "singlestat",
                "queries": [
                    {
                        "name": "",
                        "type": "singlestat",
                        "unit": "",
                        "color": "",
                        "qtype": "dql",
                        "query": {
                            "q": "M::`redis_info`:(AVG(`connected_clients`)) { `host` = '#{host}' }",
                            "code": "A",
                            "fill": null,
                            "type": "simple",
                            "alias": "",
                            "field": "connected_clients",
                            "filters": [
                                {
                                    "id": "e27b0900-87b0-11eb-98f1-11984c8fe9fb",
                                    "op": "=",
                                    "name": "host",
                                    "type": "",
                                    "logic": "and",
                                    "value": "#{host}"
                                }
                            ],
                            "groupBy": [],
                            "funcList": [
                                "last"
                            ],
                            "fieldFunc": "avg",
                            "fieldType": "integer",
                            "namespace": "metric",
                            "dataSource": "redis_info",
                            "queryFuncs": [],
                            "groupByTime": ""
                        },
                        "datasource": "dataflux"
                    }
                ]
            },
            {
                "extend": {
                    "settings": {
                        "mark": {
                            "axis": "x",
                            "data": [],
                            "type": "area"
                        },
                        "alias": [],
                        "units": [
                            {
                                "key": "缓存命中率",
                                "name": "缓存命中率",
                                "unit": "",
                                "units": [
                                    "percent",
                                    "percent_decimal"
                                ]
                            }
                        ],
                        "colors": [],
                        "levels": [],
                        "density": "medium",
                        "showLine": false,
                        "chartType": "areaLine",
                        "fixedTime": "",
                        "isPercent": false,
                        "openStack": false,
                        "showTitle": true,
                        "stackType": "time",
                        "titleDesc": "",
                        "compareType": "",
                        "openCompare": false,
                        "compareTitle": "",
                        "legendValues": "",
                        "timeInterval": "default",
                        "legendPostion": "none",
                        "xAxisShowType": "time",
                        "isTimeInterval": true,
                        "currentChartType": "sequence",
                        "showFieldMapping": false,
                        "tableSortMetricName": "缓存命中率"
                    },
                    "fixedTime": "",
                    "isRefresh": true
                },
                "group": {
                    "name": "性能"
                },
                "name": "命中",
                "pos": {
                    "h": 8,
                    "w": 8,
                    "x": 8,
                    "y": 28.5
                },
                "type": "sequence",
                "queries": [
                    {
                        "name": "",
                        "type": "sequence",
                        "unit": "",
                        "color": "",
                        "qtype": "dql",
                        "query": {
                            "q": "M::`redis_info`:(AVG(`keyspace_hits`) AS `命中`) { `host` = '#{host}' } BY `host`",
                            "code": "A",
                            "fill": null,
                            "type": "simple",
                            "alias": "命中",
                            "field": "keyspace_hits",
                            "filters": [
                                {
                                    "id": "715e36e0-a897-11eb-bc0b-cfcc90dd3bbe",
                                    "op": "=",
                                    "name": "host",
                                    "type": "",
                                    "logic": "and",
                                    "value": "#{host}"
                                }
                            ],
                            "groupBy": [
                                "host"
                            ],
                            "funcList": [],
                            "fieldFunc": "avg",
                            "fieldType": "integer",
                            "namespace": "metric",
                            "dataSource": "redis_info",
                            "queryFuncs": [],
                            "groupByTime": ""
                        },
                        "datasource": "dataflux"
                    }
                ]
            },
            {
                "extend": {
                    "settings": {
                        "mark": {
                            "axis": "x",
                            "data": [],
                            "type": "area"
                        },
                        "alias": [],
                        "units": [
                            {
                                "key": "最近RDB保存操作持续时间",
                                "name": "最近RDB保存操作持续时间",
                                "unit": "",
                                "units": [
                                    "time",
                                    "s"
                                ]
                            }
                        ],
                        "colors": [],
                        "levels": [],
                        "bgColor": "",
                        "density": "medium",
                        "mappings": [],
                        "showLine": false,
                        "chartType": "line",
                        "fixedTime": "",
                        "fontColor": "",
                        "lineColor": "#3AB8FF",
                        "openStack": false,
                        "precision": "2",
                        "showTitle": true,
                        "stackType": "time",
                        "titleDesc": "",
                        "downsample": "last",
                        "compareType": "",
                        "openCompare": false,
                        "compareTitle": "",
                        "showLineAxis": false,
                        "timeInterval": "default",
                        "xAxisShowType": "time",
                        "isTimeInterval": false,
                        "currentChartType": "singlestat",
                        "showFieldMapping": false,
                        "tableSortMetricName": "缓存命中率"
                    },
                    "fixedTime": "",
                    "isRefresh": false
                },
                "group": {
                    "name": "持久化"
                },
                "name": "最近RDB保存操作持续时间",
                "pos": {
                    "h": 8,
                    "w": 8,
                    "x": 16,
                    "y": 47
                },
                "type": "singlestat",
                "queries": [
                    {
                        "name": "",
                        "type": "singlestat",
                        "unit": "",
                        "color": "",
                        "qtype": "dql",
                        "query": {
                            "q": "M::`redis_info`:(AVG(`rdb_last_bgsave_time_sec`) AS `最近RDB保存操作持续时间`) { `host` = '#{host}' } BY `host`",
                            "code": "A",
                            "fill": null,
                            "type": "simple",
                            "alias": "最近RDB保存操作持续时间",
                            "field": "rdb_last_bgsave_time_sec",
                            "filters": [
                                {
                                    "id": "1a621d00-87b5-11eb-a503-75529ab0d97c",
                                    "op": "=",
                                    "name": "host",
                                    "type": "",
                                    "logic": "and",
                                    "value": "#{host}"
                                }
                            ],
                            "groupBy": [
                                "host"
                            ],
                            "funcList": [
                                "last"
                            ],
                            "fieldFunc": "avg",
                            "fieldType": "integer",
                            "namespace": "metric",
                            "dataSource": "redis_info",
                            "queryFuncs": [],
                            "groupByTime": ""
                        },
                        "datasource": "dataflux"
                    }
                ]
            },
            {
                "extend": {
                    "settings": {
                        "mark": {
                            "axis": "x",
                            "data": [],
                            "type": "area"
                        },
                        "alias": [],
                        "units": [],
                        "colors": [],
                        "levels": [],
                        "density": "medium",
                        "showLine": false,
                        "chartType": "areaLine",
                        "fixedTime": "",
                        "isPercent": false,
                        "openStack": false,
                        "showTitle": true,
                        "stackType": "time",
                        "titleDesc": "",
                        "compareType": "",
                        "openCompare": false,
                        "compareTitle": "",
                        "legendValues": "",
                        "timeInterval": "default",
                        "legendPostion": "none",
                        "xAxisShowType": "time",
                        "isTimeInterval": true,
                        "currentChartType": "sequence",
                        "showFieldMapping": false,
                        "tableSortMetricName": "最大内存限制收回的密钥数"
                    },
                    "fixedTime": "",
                    "isRefresh": true
                },
                "group": {
                    "name": "性能"
                },
                "name": "最大内存限制收回的key数",
                "pos": {
                    "h": 8,
                    "w": 6,
                    "x": 6,
                    "y": 36.5
                },
                "type": "sequence",
                "queries": [
                    {
                        "name": "",
                        "type": "sequence",
                        "unit": "",
                        "color": "",
                        "qtype": "dql",
                        "query": {
                            "q": "M::`redis_info`:(AVG(`evicted_keys`) AS `最大内存限制收回的密钥数`) { `host` = '#{host}' } BY `host`",
                            "code": "A",
                            "fill": null,
                            "type": "simple",
                            "alias": "最大内存限制收回的密钥数",
                            "field": "evicted_keys",
                            "filters": [
                                {
                                    "id": "9e7805d0-87ad-11eb-98f1-11984c8fe9fb",
                                    "op": "=",
                                    "name": "host",
                                    "type": "",
                                    "logic": "and",
                                    "value": "#{host}"
                                }
                            ],
                            "groupBy": [
                                "host"
                            ],
                            "funcList": [],
                            "fieldFunc": "avg",
                            "fieldType": "integer",
                            "namespace": "metric",
                            "dataSource": "redis_info",
                            "queryFuncs": [],
                            "groupByTime": ""
                        },
                        "datasource": "dataflux"
                    }
                ]
            },
            {
                "extend": {
                    "settings": {
                        "units": [
                            {
                                "key": "redis_latest_fork_usec",
                                "name": "redis_latest_fork_usec",
                                "unit": "毫秒"
                            }
                        ],
                        "colors": [],
                        "levels": [],
                        "mappings": [],
                        "showLine": false,
                        "lineColor": "#c23531",
                        "downsample": "last",
                        "openCompare": false,
                        "showLineAxis": false,
                        "currentChartType": "singlestat",
                        "showFieldMapping": false
                    }
                },
                "group": {
                    "name": null
                },
                "name": "副本连接数",
                "pos": {
                    "h": 10,
                    "w": 4,
                    "x": 4,
                    "y": 0
                },
                "type": "singlestat",
                "queries": [
                    {
                        "name": "",
                        "type": "singlestat",
                        "unit": "",
                        "color": "",
                        "qtype": "dql",
                        "query": {
                            "q": "M::`redis_info`:(AVG(`connected_slaves`)) { `host` = '#{host}' }",
                            "code": "A",
                            "fill": null,
                            "type": "simple",
                            "alias": "",
                            "field": "connected_slaves",
                            "filters": [
                                {
                                    "id": "e27b0900-87b0-11eb-98f1-11984c8fe9fb",
                                    "op": "=",
                                    "name": "host",
                                    "type": "",
                                    "logic": "and",
                                    "value": "#{host}"
                                }
                            ],
                            "groupBy": [],
                            "funcList": [
                                "last"
                            ],
                            "fieldFunc": "avg",
                            "fieldType": "integer",
                            "namespace": "metric",
                            "dataSource": "redis_info",
                            "queryFuncs": [],
                            "groupByTime": ""
                        },
                        "datasource": "dataflux"
                    }
                ]
            },
            {
                "extend": {
                    "settings": {
                        "alias": [],
                        "units": [],
                        "colors": [],
                        "levels": [],
                        "bgColor": "",
                        "mappings": [
                            {
                                "operation": "=",
                                "mappingVal": "正在运行",
                                "originalVal": [
                                    "true"
                                ]
                            },
                            {
                                "operation": "!=",
                                "mappingVal": "未运行",
                                "originalVal": [
                                    "false"
                                ]
                            }
                        ],
                        "showLine": false,
                        "fixedTime": "",
                        "fontColor": "",
                        "lineColor": "#c23531",
                        "precision": "2",
                        "showTitle": true,
                        "titleDesc": "",
                        "downsample": "last",
                        "compareType": "",
                        "openCompare": false,
                        "compareTitle": "",
                        "showLineAxis": false,
                        "timeInterval": "default",
                        "isTimeInterval": false,
                        "currentChartType": "singlestat",
                        "showFieldMapping": false,
                        "tableSortMetricName": "last(clients)"
                    },
                    "fixedTime": "",
                    "isRefresh": false
                },
                "group": {
                    "name": "持久化"
                },
                "name": "是否在进行bgsave操作",
                "pos": {
                    "h": 8,
                    "w": 8,
                    "x": 0,
                    "y": 47
                },
                "type": "singlestat",
                "queries": [
                    {
                        "name": "",
                        "type": "singlestat",
                        "unit": "",
                        "color": "",
                        "qtype": "dql",
                        "query": {
                            "q": "M::`redis_info`:(AVG(`rdb_bgsave_in_progress`)) { `host` = '#{host}' } BY `host`",
                            "code": "A",
                            "fill": null,
                            "type": "simple",
                            "alias": "",
                            "field": "rdb_bgsave_in_progress",
                            "filters": [
                                {
                                    "id": "e27b0900-87b0-11eb-98f1-11984c8fe9fb",
                                    "op": "=",
                                    "name": "host",
                                    "type": "",
                                    "logic": "and",
                                    "value": "#{host}"
                                }
                            ],
                            "groupBy": [
                                "host"
                            ],
                            "funcList": [
                                "last"
                            ],
                            "fieldFunc": "avg",
                            "fieldType": "boolean",
                            "namespace": "metric",
                            "dataSource": "redis_info",
                            "queryFuncs": [],
                            "groupByTime": ""
                        },
                        "datasource": "dataflux"
                    }
                ]
            },
            {
                "extend": {
                    "settings": {
                        "mark": {
                            "axis": "x",
                            "data": [],
                            "type": "area"
                        },
                        "alias": [],
                        "units": [
                            {
                                "key": "缓存命中率",
                                "name": "缓存命中率",
                                "unit": "",
                                "units": [
                                    "percent",
                                    "percent_decimal"
                                ]
                            }
                        ],
                        "colors": [],
                        "levels": [],
                        "density": "medium",
                        "showLine": false,
                        "chartType": "areaLine",
                        "fixedTime": "",
                        "isPercent": false,
                        "openStack": false,
                        "showTitle": true,
                        "stackType": "time",
                        "titleDesc": "",
                        "compareType": "",
                        "openCompare": false,
                        "compareTitle": "",
                        "legendValues": "",
                        "timeInterval": "default",
                        "legendPostion": "none",
                        "xAxisShowType": "time",
                        "isTimeInterval": true,
                        "currentChartType": "sequence",
                        "showFieldMapping": false,
                        "tableSortMetricName": "缓存命中率"
                    },
                    "fixedTime": "",
                    "isRefresh": true
                },
                "group": {
                    "name": "性能"
                },
                "name": "丢失",
                "pos": {
                    "h": 8,
                    "w": 8,
                    "x": 16,
                    "y": 28.5
                },
                "type": "sequence",
                "queries": [
                    {
                        "name": "",
                        "type": "sequence",
                        "unit": "",
                        "color": "",
                        "qtype": "dql",
                        "query": {
                            "q": "M::`redis_info`:(AVG(`keyspace_misses`) AS `丢失`) { `host` = '#{host}' } BY `host`",
                            "code": "B",
                            "fill": null,
                            "type": "simple",
                            "alias": "丢失",
                            "field": "keyspace_misses",
                            "filters": [
                                {
                                    "id": "724bcb30-a897-11eb-bc0b-cfcc90dd3bbe",
                                    "op": "=",
                                    "name": "host",
                                    "type": "",
                                    "logic": "and",
                                    "value": "#{host}"
                                }
                            ],
                            "groupBy": [
                                "host"
                            ],
                            "funcList": [],
                            "fieldFunc": "avg",
                            "fieldType": "integer",
                            "namespace": "metric",
                            "dataSource": "redis_info",
                            "queryFuncs": [],
                            "groupByTime": ""
                        },
                        "datasource": "dataflux"
                    }
                ]
            },
            {
                "extend": {
                    "settings": {
                        "alias": [],
                        "units": [
                            {
                                "key": "max(age)",
                                "name": "max(age)",
                                "unit": "",
                                "units": [
                                    "time",
                                    "s"
                                ]
                            }
                        ],
                        "colors": [],
                        "levels": [],
                        "bgColor": "",
                        "mappings": [],
                        "showLine": false,
                        "fixedTime": "",
                        "fontColor": "",
                        "lineColor": "#c23531",
                        "precision": "2",
                        "showTitle": true,
                        "titleDesc": "",
                        "downsample": "last",
                        "compareType": "",
                        "openCompare": false,
                        "compareTitle": "",
                        "showLineAxis": false,
                        "timeInterval": "default",
                        "isTimeInterval": false,
                        "currentChartType": "singlestat",
                        "showFieldMapping": false
                    },
                    "fixedTime": "",
                    "isRefresh": true
                },
                "group": {
                    "name": null
                },
                "name": "客户端最大链接时长",
                "pos": {
                    "h": 10,
                    "w": 4,
                    "x": 8,
                    "y": 0
                },
                "type": "singlestat",
                "queries": [
                    {
                        "name": "",
                        "type": "singlestat",
                        "unit": "",
                        "color": "",
                        "qtype": "dql",
                        "query": {
                            "q": "M::`redis_client`:(MAX(`age`)) { `host` = '#{host}' } BY `host`",
                            "code": "A",
                            "fill": null,
                            "type": "simple",
                            "alias": "",
                            "field": "age",
                            "fillNum": null,
                            "filters": [
                                {
                                    "id": "8e8309e0-37c9-11ed-a3c5-0785364cf88c",
                                    "op": "=",
                                    "name": "host",
                                    "logic": "and",
                                    "value": "#{host}"
                                }
                            ],
                            "groupBy": [
                                "host"
                            ],
                            "funcList": [
                                "last"
                            ],
                            "fieldFunc": "max",
                            "fieldType": "integer",
                            "namespace": "metric",
                            "dataSource": "redis_client",
                            "queryFuncs": [],
                            "withLabels": [],
                            "groupByTime": ""
                        },
                        "datasource": "dataflux"
                    }
                ]
            },
            {
                "extend": {
                    "settings": {
                        "alias": [],
                        "units": [
                            {
                                "key": "last(calls)",
                                "name": "last(calls)",
                                "unit": "次",
                                "units": [
                                    "custom",
                                    "次"
                                ]
                            }
                        ],
                        "colors": [],
                        "levels": [],
                        "levelArr": [],
                        "fixedTime": "",
                        "showTitle": true,
                        "titleDesc": "",
                        "colorLevel": 3,
                        "rangeColor": "",
                        "showLegend": false,
                        "timeInterval": "default",
                        "rangeColorKey": "light-blue",
                        "isTimeInterval": false,
                        "currentChartType": "treemap",
                        "showFieldMapping": false,
                        "mainMeasurementSort": "top",
                        "mainMeasurementLimit": 20,
                        "mainMeasurementQueryCode": "A"
                    },
                    "fixedTime": "",
                    "isRefresh": true,
                    "fixedGroupByTime": null
                },
                "group": {
                    "name": null
                },
                "name": "命令执行分布",
                "pos": {
                    "h": 26,
                    "w": 12,
                    "x": 12,
                    "y": 0
                },
                "type": "treemap",
                "queries": [
                    {
                        "name": "",
                        "type": "treemap",
                        "unit": "",
                        "color": "",
                        "qtype": "dql",
                        "query": {
                            "q": "M::`redis_command_stat`:(AVG(`calls`)) { `host` = '#{host}' } BY `method`",
                            "code": "A",
                            "fill": null,
                            "type": "simple",
                            "alias": "",
                            "field": "calls",
                            "fillNum": null,
                            "filters": [
                                {
                                    "id": "8e8309e0-37c9-11ed-a3c5-0785364cf88c",
                                    "op": "=",
                                    "name": "host",
                                    "logic": "and",
                                    "value": "#{host}"
                                }
                            ],
                            "groupBy": [
                                "method"
                            ],
                            "funcList": [],
                            "fieldFunc": "avg",
                            "fieldType": "integer",
                            "namespace": "metric",
                            "dataSource": "redis_command_stat",
                            "queryFuncs": [],
                            "withLabels": [],
                            "groupByTime": ""
                        },
                        "datasource": "dataflux"
                    }
                ]
            }
        ],
        "groups": [
            "性能",
            "持久化"
        ],
        "type": "template"
    }
}