{
    "title": "主机总览_内存",
    "dashboardType": "CUSTOM",
    "dashboardExtend": {},
    "dashboardMapping": [],
    "dashboardOwnerType": "node",
    "iconSet": {},
    "dashboardBindSet": [],
    "thumbnail": "",
    "tags": [],
    "summary": "",
    "main": {
        "vars": [
            {
                "name": "主机名",
                "seq": 0,
                "datasource": "dataflux",
                "code": "host",
                "type": "QUERY",
                "definition": {
                    "tag": "",
                    "field": "",
                    "value": "show_tag_value(from=['cpu'], keyin=['host'])[5m]",
                    "metric": "",
                    "object": "",
                    "defaultVal": null
                },
                "valueSort": "default",
                "hide": 0,
                "isHiddenAsterisk": 0
            }
        ],
        "charts": [
            {
                "extend": {
                    "settings": {
                        "mark": {
                            "axis": "x",
                            "data": [],
                            "type": "area"
                        },
                        "units": [
                            {
                                "key": "已使用",
                                "name": "已使用",
                                "unit": "",
                                "units": [
                                    "digital",
                                    "B"
                                ]
                            }
                        ],
                        "colors": [],
                        "levels": [],
                        "density": "medium",
                        "showLine": false,
                        "chartType": "areaLine",
                        "fixedTime": "1d",
                        "isPercent": false,
                        "openStack": false,
                        "showTitle": true,
                        "stackType": "time",
                        "titleDesc": "",
                        "openCompare": false,
                        "timeInterval": "default",
                        "xAxisShowType": "time",
                        "isTimeInterval": true,
                        "currentChartType": "sequence",
                        "showFieldMapping": false,
                        "tableSortMetricName": "15分钟负载"
                    },
                    "fixedTime": {
                        "key": "1d",
                        "text": "最近1天"
                    }
                },
                "group": {
                    "name": null
                },
                "name": "已使用内存",
                "pos": {
                    "h": 9,
                    "i": 0,
                    "w": 8,
                    "x": 0,
                    "y": 7
                },
                "type": "sequence",
                "queries": [
                    {
                        "name": "",
                        "type": "sequence",
                        "unit": "",
                        "color": "",
                        "qtype": "dql",
                        "query": {
                            "q": "F::dataflux__dql:(EXEC_FORMULA(expr='A - B', alias='已使用', A=dql(\"M::`mem`:(LAST(`total`)) { `host` = '#{host}' }\"), B=dql(\"M::`mem`:(LAST(`free`)) { `host` = '#{host}' }\")))",
                            "code": "F",
                            "type": "expression",
                            "alias": "已使用",
                            "children": [
                                {
                                    "q": "M::`mem`:(LAST(`total`)) { `host` = '#{host}' }",
                                    "code": "A",
                                    "fill": null,
                                    "type": "simple",
                                    "alias": "",
                                    "field": "total",
                                    "fillNum": null,
                                    "filters": [
                                        {
                                            "id": "70872710-beac-11eb-a413-474766dfa53a",
                                            "op": "=",
                                            "name": "host",
                                            "logic": "and",
                                            "value": "#{host}"
                                        }
                                    ],
                                    "groupBy": [],
                                    "funcList": [],
                                    "fieldFunc": "last",
                                    "fieldType": "integer",
                                    "namespace": "metric",
                                    "dataSource": "mem",
                                    "queryFuncs": [],
                                    "groupByTime": ""
                                },
                                {
                                    "q": "M::`mem`:(LAST(`free`)) { `host` = '#{host}' }",
                                    "code": "B",
                                    "fill": null,
                                    "type": "simple",
                                    "alias": "",
                                    "field": "free",
                                    "fillNum": null,
                                    "filters": [
                                        {
                                            "id": "66314750-beac-11eb-a413-474766dfa53a",
                                            "op": "=",
                                            "name": "host",
                                            "logic": "and",
                                            "value": "#{host}"
                                        }
                                    ],
                                    "groupBy": [],
                                    "funcList": [],
                                    "fieldFunc": "last",
                                    "fieldType": "integer",
                                    "namespace": "metric",
                                    "dataSource": "mem",
                                    "queryFuncs": [],
                                    "groupByTime": ""
                                }
                            ],
                            "funcList": [],
                            "expression": "A - B"
                        },
                        "datasource": "dataflux"
                    }
                ]
            },
            {
                "extend": {
                    "settings": {
                        "mark": {
                            "axis": "x",
                            "data": [],
                            "type": "area"
                        },
                        "units": [
                            {
                                "key": "Swap 总大小",
                                "name": "Swap 总大小",
                                "unit": "",
                                "units": [
                                    "digital",
                                    "B"
                                ]
                            },
                            {
                                "key": "剩余 Swap",
                                "name": "剩余 Swap",
                                "unit": "",
                                "units": [
                                    "digital",
                                    "B"
                                ]
                            },
                            {
                                "key": "已使用 Swap",
                                "name": "已使用 Swap",
                                "unit": "",
                                "units": [
                                    "digital",
                                    "B"
                                ]
                            }
                        ],
                        "colors": [],
                        "levels": [],
                        "density": "medium",
                        "showLine": false,
                        "chartType": "areaLine",
                        "openStack": false,
                        "stackType": "time",
                        "openCompare": false,
                        "xAxisShowType": "time",
                        "currentChartType": "sequence",
                        "showFieldMapping": false,
                        "tableSortMetricName": "15分钟负载"
                    }
                },
                "group": {
                    "name": null
                },
                "name": "Swap 大小",
                "pos": {
                    "h": 9,
                    "i": 1,
                    "w": 8,
                    "x": 16,
                    "y": 25
                },
                "type": "sequence",
                "queries": [
                    {
                        "name": "",
                        "type": "sequence",
                        "unit": "",
                        "color": "",
                        "qtype": "dql",
                        "query": {
                            "q": "M::`swap`:(LAST(`free`) AS `剩余 Swap`) { `host` = '#{host}' }",
                            "code": "C",
                            "fill": null,
                            "type": "simple",
                            "alias": "剩余 Swap",
                            "field": "free",
                            "filters": [
                                {
                                    "id": "04cb9840-5966-11eb-a841-7bbd77278e92",
                                    "op": "=",
                                    "name": "host",
                                    "type": "",
                                    "logic": "and",
                                    "value": "#{host}"
                                }
                            ],
                            "groupBy": [],
                            "funcList": [],
                            "fieldFunc": "last",
                            "fieldType": "integer",
                            "namespace": "metric",
                            "dataSource": "swap",
                            "queryFuncs": [],
                            "groupByTime": ""
                        },
                        "datasource": "dataflux"
                    },
                    {
                        "name": "",
                        "type": "sequence",
                        "unit": "",
                        "color": "",
                        "qtype": "dql",
                        "query": {
                            "q": "M::`swap`:(LAST(`used`) AS `已使用 Swap`) { `host` = '#{host}' }",
                            "code": "A",
                            "fill": null,
                            "type": "simple",
                            "alias": "已使用 Swap",
                            "field": "used",
                            "filters": [
                                {
                                    "id": "04cb9840-5966-11eb-a841-7bbd77278e92",
                                    "op": "=",
                                    "name": "host",
                                    "type": "",
                                    "logic": "and",
                                    "value": "#{host}"
                                }
                            ],
                            "groupBy": [],
                            "funcList": [],
                            "fieldFunc": "last",
                            "fieldType": "integer",
                            "namespace": "metric",
                            "dataSource": "swap",
                            "queryFuncs": [],
                            "groupByTime": ""
                        },
                        "datasource": "dataflux"
                    },
                    {
                        "name": "",
                        "type": "sequence",
                        "unit": "",
                        "color": "",
                        "qtype": "dql",
                        "query": {
                            "q": "M::`swap`:(LAST(`total`) AS `Swap 总大小`) { `host` = '#{host}' }",
                            "code": "B",
                            "fill": null,
                            "type": "simple",
                            "alias": "Swap 总大小",
                            "field": "total",
                            "filters": [
                                {
                                    "id": "04cb9840-5966-11eb-a841-7bbd77278e92",
                                    "op": "=",
                                    "name": "host",
                                    "type": "",
                                    "logic": "and",
                                    "value": "#{host}"
                                }
                            ],
                            "groupBy": [],
                            "funcList": [],
                            "fieldFunc": "last",
                            "fieldType": "integer",
                            "namespace": "metric",
                            "dataSource": "swap",
                            "queryFuncs": [],
                            "groupByTime": ""
                        },
                        "datasource": "dataflux"
                    }
                ]
            },
            {
                "extend": {
                    "settings": {
                        "mark": {
                            "axis": "x",
                            "data": [],
                            "type": "area"
                        },
                        "units": [
                            {
                                "key": "缓存",
                                "name": "缓存",
                                "unit": "",
                                "units": [
                                    "digital",
                                    "B"
                                ]
                            }
                        ],
                        "colors": [
                            {
                                "key": "缓存",
                                "name": "缓存",
                                "color": "rgba(138,226,223,1)"
                            }
                        ],
                        "levels": [],
                        "density": "medium",
                        "showLine": false,
                        "chartType": "areaLine",
                        "fixedTime": "",
                        "isPercent": false,
                        "openStack": false,
                        "showTitle": true,
                        "stackType": "time",
                        "titleDesc": "",
                        "openCompare": false,
                        "timeInterval": "default",
                        "xAxisShowType": "time",
                        "isTimeInterval": true,
                        "currentChartType": "sequence",
                        "showFieldMapping": false,
                        "tableSortMetricName": "15分钟负载"
                    },
                    "fixedTime": null
                },
                "group": {
                    "name": null
                },
                "name": "缓存",
                "pos": {
                    "h": 9,
                    "i": 2,
                    "w": 8,
                    "x": 0,
                    "y": 25
                },
                "type": "sequence",
                "queries": [
                    {
                        "name": "",
                        "type": "sequence",
                        "unit": "",
                        "color": "",
                        "qtype": "dql",
                        "query": {
                            "q": "M::`mem`:(LAST(`buffered`) AS `缓存`) { `host` = '#{host}' }",
                            "code": "E",
                            "fill": null,
                            "type": "simple",
                            "alias": "缓存",
                            "field": "buffered",
                            "filters": [
                                {
                                    "id": "04cb9840-5966-11eb-a841-7bbd77278e92",
                                    "op": "=",
                                    "name": "host",
                                    "type": "",
                                    "logic": "and",
                                    "value": "#{host}"
                                }
                            ],
                            "groupBy": [],
                            "funcList": [],
                            "fieldFunc": "last",
                            "fieldType": "integer",
                            "namespace": "metric",
                            "dataSource": "mem",
                            "queryFuncs": [],
                            "groupByTime": ""
                        },
                        "datasource": "dataflux"
                    }
                ]
            },
            {
                "extend": {
                    "settings": {
                        "units": [
                            {
                                "key": "内存使用率",
                                "name": "内存使用率",
                                "unit": "",
                                "units": [
                                    "percent",
                                    "percent"
                                ]
                            }
                        ],
                        "colors": [],
                        "levels": [],
                        "bgColor": "",
                        "mappings": [],
                        "showLine": false,
                        "fixedTime": "",
                        "fontColor": "",
                        "lineColor": "#3AB8FF",
                        "precision": "2",
                        "showTitle": true,
                        "titleDesc": "",
                        "downsample": "last",
                        "openCompare": false,
                        "showLineAxis": false,
                        "timeInterval": "default",
                        "isTimeInterval": true,
                        "currentChartType": "singlestat",
                        "showFieldMapping": false
                    },
                    "fixedTime": null,
                    "fixedGroupByTime": null
                },
                "group": {
                    "name": null
                },
                "name": "内存使用率",
                "pos": {
                    "h": 7,
                    "i": 3,
                    "w": 6,
                    "x": 0,
                    "y": 0
                },
                "type": "singlestat",
                "queries": [
                    {
                        "name": "",
                        "type": "singlestat",
                        "unit": "",
                        "color": "",
                        "qtype": "dql",
                        "query": {
                            "q": "M::`mem`:(LAST(`used_percent`) AS `内存使用率`) { `host` = '#{host}' }",
                            "code": "A",
                            "fill": null,
                            "type": "simple",
                            "alias": "内存使用率",
                            "field": "used_percent",
                            "fillNum": null,
                            "filters": [
                                {
                                    "id": "0dbf4de0-e087-11eb-baeb-51a18cf37ac8",
                                    "op": "=",
                                    "name": "host",
                                    "logic": "and",
                                    "value": "#{host}"
                                }
                            ],
                            "groupBy": [],
                            "funcList": [
                                "last"
                            ],
                            "fieldFunc": "last",
                            "fieldType": "float",
                            "namespace": "metric",
                            "dataSource": "mem",
                            "queryFuncs": [],
                            "groupByTime": ""
                        },
                        "datasource": "dataflux"
                    }
                ]
            },
            {
                "extend": {
                    "settings": {
                        "units": [
                            {
                                "key": "Swap 使用率",
                                "name": "Swap 使用率",
                                "unit": "",
                                "units": [
                                    "percent",
                                    "percent"
                                ]
                            }
                        ],
                        "colors": [],
                        "levels": [],
                        "bgColor": "",
                        "mappings": [],
                        "showLine": false,
                        "fixedTime": "",
                        "fontColor": "",
                        "lineColor": "#3AB8FF",
                        "precision": "2",
                        "showTitle": true,
                        "titleDesc": "",
                        "downsample": "last",
                        "openCompare": false,
                        "showLineAxis": false,
                        "timeInterval": "default",
                        "isTimeInterval": true,
                        "currentChartType": "singlestat",
                        "showFieldMapping": false
                    },
                    "fixedTime": null,
                    "fixedGroupByTime": null
                },
                "group": {
                    "name": null
                },
                "name": "Swap 使用率",
                "pos": {
                    "h": 7,
                    "i": 4,
                    "w": 6,
                    "x": 18,
                    "y": 0
                },
                "type": "singlestat",
                "queries": [
                    {
                        "name": "",
                        "type": "singlestat",
                        "unit": "",
                        "color": "",
                        "qtype": "dql",
                        "query": {
                            "q": "M::`swap`:(LAST(`used_percent`) AS `Swap 使用率`) { `host` = '#{host}' }",
                            "code": "A",
                            "fill": null,
                            "type": "dql",
                            "alias": "Swap 使用率",
                            "field": "used_percent",
                            "fillNum": null,
                            "filters": [
                                {
                                    "op": "=",
                                    "name": "host",
                                    "logic": "and",
                                    "value": "#{host}"
                                }
                            ],
                            "groupBy": [],
                            "funcList": [
                                "last"
                            ],
                            "fieldFunc": "last",
                            "namespace": "metric",
                            "dataSource": "swap",
                            "queryFuncs": [],
                            "groupByTime": ""
                        },
                        "datasource": "dataflux"
                    }
                ]
            },
            {
                "extend": {
                    "settings": {
                        "units": [
                            {
                                "key": "内存大小",
                                "name": "内存大小",
                                "unit": "",
                                "units": [
                                    "digital",
                                    "B"
                                ]
                            }
                        ],
                        "colors": [],
                        "levels": [],
                        "bgColor": "",
                        "mappings": [],
                        "showLine": false,
                        "fixedTime": "",
                        "fontColor": "",
                        "lineColor": "#3AB8FF",
                        "precision": "2",
                        "showTitle": true,
                        "titleDesc": "",
                        "downsample": "last",
                        "openCompare": false,
                        "showLineAxis": false,
                        "timeInterval": "default",
                        "isTimeInterval": true,
                        "currentChartType": "singlestat",
                        "showFieldMapping": false
                    },
                    "fixedTime": null,
                    "fixedGroupByTime": null
                },
                "group": {
                    "name": null
                },
                "name": "内存大小",
                "pos": {
                    "h": 7,
                    "i": 5,
                    "w": 6,
                    "x": 12,
                    "y": 0
                },
                "type": "singlestat",
                "queries": [
                    {
                        "name": "",
                        "type": "singlestat",
                        "unit": "",
                        "color": "",
                        "qtype": "dql",
                        "query": {
                            "q": "M::`mem`:(LAST(`total`) AS `内存大小`) { `host` = '#{host}' }",
                            "code": "A",
                            "fill": null,
                            "type": "dql",
                            "alias": "内存大小",
                            "field": "total",
                            "fillNum": null,
                            "filters": [
                                {
                                    "op": "=",
                                    "name": "host",
                                    "logic": "and",
                                    "value": "#{host}"
                                }
                            ],
                            "groupBy": [],
                            "funcList": [
                                "last"
                            ],
                            "fieldFunc": "last",
                            "namespace": "metric",
                            "dataSource": "mem",
                            "queryFuncs": [],
                            "groupByTime": ""
                        },
                        "datasource": "dataflux"
                    }
                ]
            },
            {
                "extend": {
                    "settings": {
                        "units": [
                            {
                                "key": "内存使用率",
                                "name": "内存使用率",
                                "unit": "",
                                "units": [
                                    "percent",
                                    "percent"
                                ]
                            }
                        ],
                        "colors": [],
                        "levels": [],
                        "bgColor": "",
                        "mappings": [],
                        "showLine": false,
                        "fixedTime": "",
                        "fontColor": "",
                        "lineColor": "#3AB8FF",
                        "precision": "2",
                        "showTitle": true,
                        "titleDesc": "",
                        "downsample": "last",
                        "openCompare": false,
                        "showLineAxis": false,
                        "timeInterval": "default",
                        "isTimeInterval": true,
                        "currentChartType": "singlestat",
                        "showFieldMapping": false
                    },
                    "fixedTime": null,
                    "fixedGroupByTime": null
                },
                "group": {
                    "name": null
                },
                "name": "内存可用率",
                "pos": {
                    "h": 7,
                    "i": 6,
                    "w": 6,
                    "x": 6,
                    "y": 0
                },
                "type": "singlestat",
                "queries": [
                    {
                        "name": "",
                        "type": "singlestat",
                        "unit": "",
                        "color": "",
                        "qtype": "dql",
                        "query": {
                            "q": "M::`mem`:(100 - LAST(`used_percent`) AS `内存使用率`) { `host` = '#{host}' }",
                            "code": "A",
                            "type": "dql",
                            "funcList": [
                                "last"
                            ]
                        },
                        "datasource": "dataflux"
                    }
                ]
            },
            {
                "extend": {
                    "settings": {
                        "mark": {
                            "axis": "x",
                            "data": [],
                            "type": "area"
                        },
                        "units": [
                            {
                                "key": "剩余内存",
                                "name": "剩余内存",
                                "unit": "",
                                "units": [
                                    "digital",
                                    "B"
                                ]
                            },
                            {
                                "key": "总内存",
                                "name": "总内存",
                                "unit": "",
                                "units": [
                                    "digital",
                                    "B"
                                ]
                            },
                            {
                                "key": "已使用",
                                "name": "已使用",
                                "unit": "",
                                "units": [
                                    "digital",
                                    "B"
                                ]
                            }
                        ],
                        "colors": [
                            {
                                "key": "总内存",
                                "name": "总内存",
                                "color": "rgba(249,117,117,1)"
                            }
                        ],
                        "levels": [],
                        "density": "medium",
                        "showLine": false,
                        "chartType": "areaLine",
                        "fixedTime": "",
                        "isPercent": false,
                        "openStack": false,
                        "showTitle": true,
                        "stackType": "time",
                        "titleDesc": "",
                        "openCompare": false,
                        "timeInterval": "default",
                        "xAxisShowType": "time",
                        "isTimeInterval": true,
                        "currentChartType": "sequence",
                        "showFieldMapping": false,
                        "tableSortMetricName": "15分钟负载"
                    },
                    "fixedTime": null
                },
                "group": {
                    "name": null
                },
                "name": "总内存",
                "pos": {
                    "h": 9,
                    "i": 7,
                    "w": 8,
                    "x": 0,
                    "y": 16
                },
                "type": "sequence",
                "queries": [
                    {
                        "name": "",
                        "type": "sequence",
                        "unit": "",
                        "color": "",
                        "qtype": "dql",
                        "query": {
                            "q": "M::`mem`:(LAST(`total`) AS `总内存`) { `host` = '#{host}' }",
                            "code": "A",
                            "fill": null,
                            "type": "simple",
                            "alias": "总内存",
                            "field": "total",
                            "filters": [
                                {
                                    "id": "04cb9840-5966-11eb-a841-7bbd77278e92",
                                    "op": "=",
                                    "name": "host",
                                    "type": "",
                                    "logic": "and",
                                    "value": "#{host}"
                                }
                            ],
                            "groupBy": [],
                            "funcList": [],
                            "fieldFunc": "last",
                            "fieldType": "integer",
                            "namespace": "metric",
                            "dataSource": "mem",
                            "queryFuncs": [],
                            "groupByTime": ""
                        },
                        "datasource": "dataflux"
                    }
                ]
            },
            {
                "extend": {
                    "settings": {
                        "units": [
                            {
                                "key": "内存使用率",
                                "name": "内存使用率",
                                "unit": "",
                                "units": [
                                    "percent",
                                    "percent"
                                ]
                            }
                        ],
                        "colors": [
                            {
                                "key": "内存使用率",
                                "name": "内存使用率",
                                "color": "rgba(65,206,199,1)"
                            }
                        ],
                        "levels": [],
                        "density": "medium",
                        "showLine": false,
                        "chartType": "areaLine",
                        "fixedTime": "1d",
                        "isPercent": false,
                        "openStack": false,
                        "showTitle": true,
                        "stackType": "time",
                        "titleDesc": "",
                        "openCompare": false,
                        "timeInterval": "default",
                        "xAxisShowType": "time",
                        "isTimeInterval": true,
                        "currentChartType": "sequence",
                        "showFieldMapping": false
                    },
                    "fixedTime": {
                        "key": "1d",
                        "text": "最近1天"
                    },
                    "fixedGroupByTime": null
                },
                "group": {
                    "name": null
                },
                "name": "内存使用率",
                "pos": {
                    "h": 9,
                    "i": 8,
                    "w": 8,
                    "x": 8,
                    "y": 7
                },
                "type": "sequence",
                "queries": [
                    {
                        "name": "",
                        "type": "sequence",
                        "unit": "",
                        "color": "",
                        "qtype": "dql",
                        "query": {
                            "q": "M::`mem`:(LAST(`used_percent`) AS `内存使用率`) { `host` = '#{host}' }",
                            "code": "A",
                            "fill": null,
                            "type": "simple",
                            "alias": "内存使用率",
                            "field": "used_percent",
                            "fillNum": null,
                            "filters": [
                                {
                                    "id": "0dbf4de0-e087-11eb-baeb-51a18cf37ac8",
                                    "op": "=",
                                    "name": "host",
                                    "logic": "and",
                                    "value": "#{host}"
                                }
                            ],
                            "groupBy": [],
                            "funcList": [],
                            "fieldFunc": "last",
                            "fieldType": "float",
                            "namespace": "metric",
                            "dataSource": "mem",
                            "queryFuncs": [],
                            "groupByTime": ""
                        },
                        "datasource": "dataflux"
                    }
                ]
            },
            {
                "extend": {
                    "settings": {
                        "units": [
                            {
                                "key": "Swap 使用率",
                                "name": "Swap 使用率",
                                "unit": "",
                                "units": [
                                    "percent",
                                    "percent"
                                ]
                            }
                        ],
                        "colors": [
                            {
                                "key": "Swap 使用率",
                                "name": "Swap 使用率",
                                "color": "rgba(160,221,134,1)"
                            }
                        ],
                        "levels": [],
                        "density": "medium",
                        "showLine": false,
                        "chartType": "areaLine",
                        "fixedTime": "1d",
                        "isPercent": false,
                        "openStack": false,
                        "showTitle": true,
                        "stackType": "time",
                        "titleDesc": "",
                        "openCompare": false,
                        "timeInterval": "default",
                        "xAxisShowType": "time",
                        "isTimeInterval": true,
                        "currentChartType": "sequence",
                        "showFieldMapping": false
                    },
                    "fixedTime": {
                        "key": "1d",
                        "text": "最近1天"
                    },
                    "fixedGroupByTime": null
                },
                "group": {
                    "name": null
                },
                "name": "Swap 使用率",
                "pos": {
                    "h": 9,
                    "i": 9,
                    "w": 8,
                    "x": 16,
                    "y": 7
                },
                "type": "sequence",
                "queries": [
                    {
                        "name": "",
                        "type": "sequence",
                        "unit": "",
                        "color": "",
                        "qtype": "dql",
                        "query": {
                            "q": "M::`swap`:(LAST(`used_percent`) AS `Swap 使用率`) { `host` = '#{host}' }",
                            "code": "A",
                            "fill": null,
                            "type": "simple",
                            "alias": "Swap 使用率",
                            "field": "used_percent",
                            "fillNum": null,
                            "filters": [
                                {
                                    "id": "0dbf4de0-e087-11eb-baeb-51a18cf37ac8",
                                    "op": "=",
                                    "name": "host",
                                    "logic": "and",
                                    "value": "#{host}"
                                }
                            ],
                            "groupBy": [],
                            "funcList": [],
                            "fieldFunc": "last",
                            "fieldType": "float",
                            "namespace": "metric",
                            "dataSource": "swap",
                            "queryFuncs": [],
                            "groupByTime": ""
                        },
                        "datasource": "dataflux"
                    }
                ]
            },
            {
                "extend": {
                    "settings": {
                        "mark": {
                            "axis": "x",
                            "data": [],
                            "type": "area"
                        },
                        "units": [
                            {
                                "key": "缓冲",
                                "name": "缓冲",
                                "unit": "",
                                "units": [
                                    "digital",
                                    "B"
                                ]
                            }
                        ],
                        "colors": [
                            {
                                "key": "缓冲",
                                "name": "缓冲",
                                "color": "rgba(197,126,205,1)"
                            }
                        ],
                        "levels": [],
                        "density": "medium",
                        "showLine": false,
                        "chartType": "areaLine",
                        "fixedTime": "",
                        "isPercent": false,
                        "openStack": false,
                        "showTitle": true,
                        "stackType": "time",
                        "titleDesc": "",
                        "openCompare": false,
                        "timeInterval": "default",
                        "xAxisShowType": "time",
                        "isTimeInterval": true,
                        "currentChartType": "sequence",
                        "showFieldMapping": false,
                        "tableSortMetricName": "15分钟负载"
                    },
                    "fixedTime": null
                },
                "group": {
                    "name": null
                },
                "name": "缓冲",
                "pos": {
                    "h": 9,
                    "i": 10,
                    "w": 8,
                    "x": 8,
                    "y": 25
                },
                "type": "sequence",
                "queries": [
                    {
                        "name": "",
                        "type": "sequence",
                        "unit": "",
                        "color": "",
                        "qtype": "dql",
                        "query": {
                            "q": "M::`mem`:(LAST(`cached`) AS `缓冲`) { `host` = '#{host}' }",
                            "code": "D",
                            "fill": null,
                            "type": "simple",
                            "alias": "缓冲",
                            "field": "cached",
                            "filters": [
                                {
                                    "id": "04cb9840-5966-11eb-a841-7bbd77278e92",
                                    "op": "=",
                                    "name": "host",
                                    "type": "",
                                    "logic": "and",
                                    "value": "#{host}"
                                }
                            ],
                            "groupBy": [],
                            "funcList": [],
                            "fieldFunc": "last",
                            "fieldType": "integer",
                            "namespace": "metric",
                            "dataSource": "mem",
                            "queryFuncs": [],
                            "groupByTime": ""
                        },
                        "datasource": "dataflux"
                    }
                ]
            },
            {
                "extend": {
                    "settings": {
                        "mark": {
                            "axis": "x",
                            "data": [],
                            "type": "area"
                        },
                        "units": [
                            {
                                "key": "剩余内存",
                                "name": "剩余内存",
                                "unit": "",
                                "units": [
                                    "digital",
                                    "B"
                                ]
                            },
                            {
                                "key": "总内存",
                                "name": "总内存",
                                "unit": "",
                                "units": [
                                    "digital",
                                    "B"
                                ]
                            },
                            {
                                "key": "已使用",
                                "name": "已使用",
                                "unit": "",
                                "units": [
                                    "digital",
                                    "B"
                                ]
                            }
                        ],
                        "colors": [
                            {
                                "key": "已使用",
                                "name": "已使用",
                                "color": "rgba(115,122,226,1)"
                            }
                        ],
                        "levels": [],
                        "density": "medium",
                        "showLine": false,
                        "chartType": "areaLine",
                        "fixedTime": "",
                        "isPercent": false,
                        "openStack": false,
                        "showTitle": true,
                        "stackType": "time",
                        "titleDesc": "",
                        "openCompare": false,
                        "timeInterval": "default",
                        "xAxisShowType": "time",
                        "isTimeInterval": true,
                        "currentChartType": "sequence",
                        "showFieldMapping": false,
                        "tableSortMetricName": "15分钟负载"
                    },
                    "fixedTime": null
                },
                "group": {
                    "name": null
                },
                "name": "已使用内存",
                "pos": {
                    "h": 9,
                    "i": 11,
                    "w": 8,
                    "x": 8,
                    "y": 16
                },
                "type": "sequence",
                "queries": [
                    {
                        "name": "",
                        "type": "sequence",
                        "unit": "",
                        "color": "",
                        "qtype": "dql",
                        "query": {
                            "q": "F::dataflux__dql:(EXEC_FORMULA(expr='A - B', alias='已使用', A=dql(\"M::`mem`:(LAST(`total`)) { `host` = '#{host}' }\"), B=dql(\"M::`mem`:(LAST(`free`)) { `host` = '#{host}' }\")))",
                            "code": "F",
                            "type": "expression",
                            "alias": "已使用",
                            "children": [
                                {
                                    "q": "M::`mem`:(LAST(`total`)) { `host` = '#{host}' }",
                                    "code": "A",
                                    "fill": null,
                                    "type": "simple",
                                    "alias": "",
                                    "field": "total",
                                    "fillNum": null,
                                    "filters": [
                                        {
                                            "id": "70872710-beac-11eb-a413-474766dfa53a",
                                            "op": "=",
                                            "name": "host",
                                            "logic": "and",
                                            "value": "#{host}"
                                        }
                                    ],
                                    "groupBy": [],
                                    "funcList": [],
                                    "fieldFunc": "last",
                                    "fieldType": "integer",
                                    "namespace": "metric",
                                    "dataSource": "mem",
                                    "queryFuncs": [],
                                    "groupByTime": ""
                                },
                                {
                                    "q": "M::`mem`:(LAST(`free`)) { `host` = '#{host}' }",
                                    "code": "B",
                                    "fill": null,
                                    "type": "simple",
                                    "alias": "",
                                    "field": "free",
                                    "fillNum": null,
                                    "filters": [
                                        {
                                            "id": "66314750-beac-11eb-a413-474766dfa53a",
                                            "op": "=",
                                            "name": "host",
                                            "logic": "and",
                                            "value": "#{host}"
                                        }
                                    ],
                                    "groupBy": [],
                                    "funcList": [],
                                    "fieldFunc": "last",
                                    "fieldType": "integer",
                                    "namespace": "metric",
                                    "dataSource": "mem",
                                    "queryFuncs": [],
                                    "groupByTime": ""
                                }
                            ],
                            "funcList": [],
                            "expression": "A - B"
                        },
                        "datasource": "dataflux"
                    }
                ]
            },
            {
                "extend": {
                    "settings": {
                        "mark": {
                            "axis": "x",
                            "data": [],
                            "type": "area"
                        },
                        "units": [
                            {
                                "key": "剩余内存",
                                "name": "剩余内存",
                                "unit": "",
                                "units": [
                                    "digital",
                                    "B"
                                ]
                            },
                            {
                                "key": "总内存",
                                "name": "总内存",
                                "unit": "",
                                "units": [
                                    "digital",
                                    "B"
                                ]
                            },
                            {
                                "key": "已使用",
                                "name": "已使用",
                                "unit": "",
                                "units": [
                                    "digital",
                                    "B"
                                ]
                            }
                        ],
                        "colors": [],
                        "levels": [],
                        "density": "medium",
                        "showLine": false,
                        "chartType": "areaLine",
                        "fixedTime": "",
                        "isPercent": false,
                        "openStack": false,
                        "showTitle": true,
                        "stackType": "time",
                        "titleDesc": "",
                        "openCompare": false,
                        "timeInterval": "default",
                        "xAxisShowType": "time",
                        "isTimeInterval": true,
                        "currentChartType": "sequence",
                        "showFieldMapping": false,
                        "tableSortMetricName": "15分钟负载"
                    },
                    "fixedTime": null
                },
                "group": {
                    "name": null
                },
                "name": "剩余内存",
                "pos": {
                    "h": 9,
                    "i": 12,
                    "w": 8,
                    "x": 16,
                    "y": 16
                },
                "type": "sequence",
                "queries": [
                    {
                        "name": "",
                        "type": "sequence",
                        "unit": "",
                        "color": "",
                        "qtype": "dql",
                        "query": {
                            "q": "M::`mem`:(LAST(`free`) AS `剩余内存`) { `host` = '#{host}' }",
                            "code": "B",
                            "fill": null,
                            "type": "simple",
                            "alias": "剩余内存",
                            "field": "free",
                            "filters": [
                                {
                                    "id": "06cbfc20-5966-11eb-a841-7bbd77278e92",
                                    "op": "=",
                                    "name": "host",
                                    "type": "",
                                    "logic": "and",
                                    "value": "#{host}"
                                }
                            ],
                            "groupBy": [],
                            "funcList": [],
                            "fieldFunc": "last",
                            "fieldType": "integer",
                            "namespace": "metric",
                            "dataSource": "mem",
                            "queryFuncs": [],
                            "groupByTime": ""
                        },
                        "datasource": "dataflux"
                    }
                ]
            }
        ],
        "groups": [],
        "type": "template"
    }
}