{
    "title": "主机总览_网络",
    "dashboardType": "CUSTOM",
    "dashboardExtend": {},
    "dashboardMapping": [],
    "dashboardOwnerType": "node",
    "iconSet": {},
    "dashboardBindSet": [],
    "thumbnail": "",
    "tags": [],
    "summary": "",
    "main": {
        "vars": [
            {
                "name": "主机名",
                "seq": 0,
                "datasource": "dataflux",
                "code": "host",
                "type": "QUERY",
                "definition": {
                    "tag": "",
                    "field": "",
                    "value": "show_tag_value(from=['cpu'], keyin=['host'])[5m]",
                    "metric": "",
                    "object": "",
                    "defaultVal": null
                },
                "valueSort": "default",
                "hide": 0,
                "isHiddenAsterisk": 0
            }
        ],
        "charts": [
            {
                "extend": {
                    "settings": {
                        "units": [
                            {
                                "key": "入流量",
                                "name": "入流量",
                                "unit": "",
                                "units": [
                                    "traffic",
                                    "B/S"
                                ]
                            }
                        ],
                        "colors": [],
                        "levels": [],
                        "bgColor": "",
                        "mappings": [],
                        "showLine": false,
                        "fixedTime": "",
                        "fontColor": "",
                        "lineColor": "#3AB8FF",
                        "precision": "2",
                        "showTitle": true,
                        "titleDesc": "",
                        "downsample": "last",
                        "openCompare": false,
                        "showLineAxis": false,
                        "timeInterval": "default",
                        "isTimeInterval": true,
                        "currentChartType": "singlestat",
                        "showFieldMapping": false
                    },
                    "fixedTime": null,
                    "fixedGroupByTime": null
                },
                "group": {
                    "name": null
                },
                "name": "入流量",
                "pos": {
                    "h": 7,
                    "i": 0,
                    "w": 6,
                    "x": 0,
                    "y": 0
                },
                "type": "singlestat",
                "queries": [
                    {
                        "name": "",
                        "type": "singlestat",
                        "unit": "",
                        "color": "",
                        "qtype": "dql",
                        "query": {
                            "q": "F::dataflux__dql:(dql(\"M::`net`:(LAST(`bytes_recv`) AS `入流量`) { `host` = '#{host}' } [::1m] \").`NON_NEGATIVE_DERIVATIVE`())",
                            "code": "A",
                            "type": "dql",
                            "funcList": [
                                "last"
                            ]
                        },
                        "datasource": "dataflux"
                    }
                ]
            },
            {
                "extend": {
                    "settings": {
                        "units": [
                            {
                                "key": "接收数据包",
                                "name": "接收数据包",
                                "unit": "PP/S",
                                "units": [
                                    "custom",
                                    "PP/S"
                                ]
                            }
                        ],
                        "colors": [],
                        "levels": [],
                        "bgColor": "",
                        "mappings": [],
                        "showLine": false,
                        "fixedTime": "",
                        "fontColor": "",
                        "lineColor": "#3AB8FF",
                        "precision": "2",
                        "showTitle": true,
                        "titleDesc": "",
                        "downsample": "last",
                        "openCompare": false,
                        "showLineAxis": false,
                        "timeInterval": "default",
                        "isTimeInterval": true,
                        "currentChartType": "singlestat",
                        "showFieldMapping": false
                    },
                    "fixedTime": null,
                    "fixedGroupByTime": null
                },
                "group": {
                    "name": null
                },
                "name": "接收数据包",
                "pos": {
                    "h": 7,
                    "i": 1,
                    "w": 6,
                    "x": 12,
                    "y": 0
                },
                "type": "singlestat",
                "queries": [
                    {
                        "name": "",
                        "type": "singlestat",
                        "unit": "",
                        "color": "",
                        "qtype": "dql",
                        "query": {
                            "q": "F::dataflux__dql:(dql(\"M::`net`:(LAST(`packets_recv`) AS `接收数据包`) { `host` = '#{host}' } [::1m] \").`NON_NEGATIVE_DERIVATIVE`())",
                            "code": "A",
                            "type": "dql",
                            "funcList": [
                                "last"
                            ]
                        },
                        "datasource": "dataflux"
                    }
                ]
            },
            {
                "extend": {
                    "settings": {
                        "mark": {
                            "axis": "x",
                            "data": [],
                            "type": "area"
                        },
                        "units": [
                            {
                                "key": "入流量",
                                "name": "入流量",
                                "unit": "",
                                "units": [
                                    "traffic",
                                    "B/S"
                                ]
                            },
                            {
                                "key": "出流量",
                                "name": "出流量",
                                "unit": "",
                                "units": [
                                    "traffic",
                                    "B/S"
                                ]
                            },
                            {
                                "key": "aa",
                                "name": "aa",
                                "unit": "",
                                "units": [
                                    "traffic",
                                    "B/S"
                                ]
                            }
                        ],
                        "colors": [
                            {
                                "key": "入流量",
                                "name": "入流量",
                                "color": "rgba(197,126,205,1)"
                            },
                            {
                                "key": "出流量",
                                "name": "出流量",
                                "color": "rgba(254,172,78,1)"
                            }
                        ],
                        "levels": [],
                        "density": "medium",
                        "showLine": false,
                        "chartType": "areaLine",
                        "fixedTime": "1d",
                        "isPercent": false,
                        "openStack": false,
                        "showTitle": true,
                        "stackType": "time",
                        "titleDesc": "",
                        "openCompare": false,
                        "timeInterval": "default",
                        "xAxisShowType": "time",
                        "isTimeInterval": true,
                        "currentChartType": "sequence",
                        "showFieldMapping": false,
                        "tableSortMetricName": "15分钟负载"
                    },
                    "fixedTime": {
                        "key": "1d",
                        "text": "最近1天"
                    }
                },
                "group": {
                    "name": null
                },
                "name": "入流量",
                "pos": {
                    "h": 9,
                    "i": 2,
                    "w": 6,
                    "x": 0,
                    "y": 7
                },
                "type": "sequence",
                "queries": [
                    {
                        "name": "",
                        "type": "sequence",
                        "unit": "",
                        "color": "",
                        "qtype": "dql",
                        "query": {
                            "q": "F::dataflux__dql:(dql(\"M::`net`:(LAST(`bytes_recv`) AS `入流量`) { `host` = '#{host}' } [::1m] \").`NON_NEGATIVE_DERIVATIVE`())",
                            "code": "A",
                            "type": "dql",
                            "funcList": []
                        },
                        "datasource": "dataflux"
                    }
                ]
            },
            {
                "extend": {
                    "settings": {
                        "units": [
                            {
                                "key": "出流量",
                                "name": "出流量",
                                "unit": "",
                                "units": [
                                    "traffic",
                                    "B/S"
                                ]
                            }
                        ],
                        "colors": [],
                        "levels": [],
                        "bgColor": "",
                        "mappings": [],
                        "showLine": false,
                        "fixedTime": "",
                        "fontColor": "",
                        "lineColor": "#3AB8FF",
                        "precision": "2",
                        "showTitle": true,
                        "titleDesc": "",
                        "downsample": "last",
                        "openCompare": false,
                        "showLineAxis": false,
                        "timeInterval": "default",
                        "isTimeInterval": true,
                        "currentChartType": "singlestat",
                        "showFieldMapping": false
                    },
                    "fixedTime": null,
                    "fixedGroupByTime": null
                },
                "group": {
                    "name": null
                },
                "name": "出流量",
                "pos": {
                    "h": 7,
                    "i": 3,
                    "w": 6,
                    "x": 6,
                    "y": 0
                },
                "type": "singlestat",
                "queries": [
                    {
                        "name": "",
                        "type": "singlestat",
                        "unit": "",
                        "color": "",
                        "qtype": "dql",
                        "query": {
                            "q": "F::dataflux__dql:(dql(\"M::`net`:(LAST(`bytes_sent`) AS `出流量`) { `host` = '#{host}' } [::1m] \").`NON_NEGATIVE_DERIVATIVE`())",
                            "code": "A",
                            "fill": null,
                            "type": "dql",
                            "alias": "出流量",
                            "field": "bytes_sent",
                            "fillNum": null,
                            "filters": [
                                {
                                    "op": "=",
                                    "name": "host",
                                    "logic": "and",
                                    "value": "#{host}"
                                }
                            ],
                            "groupBy": [],
                            "funcList": [
                                "last"
                            ],
                            "fieldFunc": "last",
                            "namespace": "metric",
                            "dataSource": "net",
                            "queryFuncs": [
                                {
                                    "name": "non_negative_derivative"
                                }
                            ],
                            "groupByTime": ""
                        },
                        "datasource": "dataflux"
                    }
                ]
            },
            {
                "extend": {
                    "settings": {
                        "mark": {
                            "axis": "x",
                            "data": [],
                            "type": "area"
                        },
                        "units": [
                            {
                                "key": "发送数据包",
                                "name": "发送数据包",
                                "unit": "pps",
                                "units": [
                                    "custom",
                                    "pps"
                                ]
                            },
                            {
                                "key": "接收数据包",
                                "name": "接收数据包",
                                "unit": "pps",
                                "units": [
                                    "custom",
                                    "pps"
                                ]
                            }
                        ],
                        "colors": [
                            {
                                "key": "接收数据包",
                                "name": "接收数据包",
                                "color": "rgba(115,122,226,1)"
                            }
                        ],
                        "levels": [],
                        "density": "medium",
                        "showLine": false,
                        "chartType": "areaLine",
                        "fixedTime": "1d",
                        "isPercent": false,
                        "openStack": false,
                        "showTitle": true,
                        "stackType": "time",
                        "titleDesc": "",
                        "openCompare": false,
                        "timeInterval": "default",
                        "xAxisShowType": "time",
                        "isTimeInterval": true,
                        "currentChartType": "sequence",
                        "showFieldMapping": false,
                        "tableSortMetricName": "15分钟负载"
                    },
                    "fixedTime": {
                        "key": "1d",
                        "text": "最近1天"
                    }
                },
                "group": {
                    "name": null
                },
                "name": "接收数据包",
                "pos": {
                    "h": 9,
                    "i": 4,
                    "w": 6,
                    "x": 12,
                    "y": 7
                },
                "type": "sequence",
                "queries": [
                    {
                        "name": "",
                        "type": "sequence",
                        "unit": "",
                        "color": "",
                        "qtype": "dql",
                        "query": {
                            "q": "F::dataflux__dql:(dql(\"M::`net`:(LAST(`packets_recv`) AS `接收数据包`) { `host` = '#{host}' } [::1m] \").`NON_NEGATIVE_DERIVATIVE`())",
                            "code": "A",
                            "type": "dql",
                            "funcList": []
                        },
                        "datasource": "dataflux"
                    }
                ]
            },
            {
                "extend": {
                    "settings": {
                        "units": [
                            {
                                "key": "发送数据包",
                                "name": "发送数据包",
                                "unit": "PP/S",
                                "units": [
                                    "custom",
                                    "PP/S"
                                ]
                            }
                        ],
                        "colors": [],
                        "levels": [],
                        "bgColor": "",
                        "mappings": [],
                        "showLine": false,
                        "fixedTime": "",
                        "fontColor": "",
                        "lineColor": "#3AB8FF",
                        "precision": "2",
                        "showTitle": true,
                        "titleDesc": "",
                        "downsample": "last",
                        "openCompare": false,
                        "showLineAxis": false,
                        "timeInterval": "default",
                        "isTimeInterval": true,
                        "currentChartType": "singlestat",
                        "showFieldMapping": false
                    },
                    "fixedTime": null,
                    "fixedGroupByTime": null
                },
                "group": {
                    "name": null
                },
                "name": "发送数据包",
                "pos": {
                    "h": 7,
                    "i": 5,
                    "w": 6,
                    "x": 18,
                    "y": 0
                },
                "type": "singlestat",
                "queries": [
                    {
                        "name": "",
                        "type": "singlestat",
                        "unit": "",
                        "color": "",
                        "qtype": "dql",
                        "query": {
                            "q": "F::dataflux__dql:(dql(\"M::`net`:(LAST(`packets_sent`) AS `发送数据包`) { `host` = '#{host}' } [::1m] \").`NON_NEGATIVE_DERIVATIVE`())",
                            "code": "A",
                            "fill": null,
                            "type": "dql",
                            "alias": "发送数据包",
                            "field": "packets_sent",
                            "fillNum": null,
                            "filters": [
                                {
                                    "op": "=",
                                    "name": "host",
                                    "logic": "and",
                                    "value": "#{host}"
                                }
                            ],
                            "groupBy": [],
                            "funcList": [
                                "last"
                            ],
                            "fieldFunc": "last",
                            "namespace": "metric",
                            "dataSource": "net",
                            "queryFuncs": [
                                {
                                    "name": "non_negative_derivative"
                                }
                            ],
                            "groupByTime": ""
                        },
                        "datasource": "dataflux"
                    }
                ]
            },
            {
                "extend": {
                    "settings": {
                        "mark": {
                            "axis": "x",
                            "data": [],
                            "type": "area"
                        },
                        "units": [
                            {
                                "key": "入流量",
                                "name": "入流量",
                                "unit": "",
                                "units": [
                                    "traffic",
                                    "B/S"
                                ]
                            },
                            {
                                "key": "出流量",
                                "name": "出流量",
                                "unit": "",
                                "units": [
                                    "traffic",
                                    "B/S"
                                ]
                            },
                            {
                                "key": "aa",
                                "name": "aa",
                                "unit": "",
                                "units": [
                                    "traffic",
                                    "B/S"
                                ]
                            }
                        ],
                        "colors": [
                            {
                                "key": "入流量",
                                "name": "入流量",
                                "color": "rgba(65,206,199,1)"
                            },
                            {
                                "key": "出流量",
                                "name": "出流量",
                                "color": "rgba(254,172,78,1)"
                            }
                        ],
                        "levels": [],
                        "density": "medium",
                        "showLine": false,
                        "chartType": "areaLine",
                        "fixedTime": "1d",
                        "isPercent": false,
                        "openStack": false,
                        "showTitle": true,
                        "stackType": "time",
                        "titleDesc": "",
                        "openCompare": false,
                        "timeInterval": "default",
                        "xAxisShowType": "time",
                        "isTimeInterval": true,
                        "currentChartType": "sequence",
                        "showFieldMapping": false,
                        "tableSortMetricName": "15分钟负载"
                    },
                    "fixedTime": {
                        "key": "1d",
                        "text": "最近1天"
                    }
                },
                "group": {
                    "name": null
                },
                "name": "出流量",
                "pos": {
                    "h": 9,
                    "i": 6,
                    "w": 6,
                    "x": 6,
                    "y": 7
                },
                "type": "sequence",
                "queries": [
                    {
                        "name": "",
                        "type": "sequence",
                        "unit": "",
                        "color": "",
                        "qtype": "dql",
                        "query": {
                            "q": "F::dataflux__dql:(dql(\"M::`net`:(LAST(`bytes_sent`) AS `出流量`) { `host` = '#{host}' } [::1m] \").`NON_NEGATIVE_DERIVATIVE`())",
                            "code": "B",
                            "type": "dql",
                            "funcList": []
                        },
                        "datasource": "dataflux"
                    }
                ]
            },
            {
                "extend": {
                    "settings": {
                        "mark": {
                            "axis": "x",
                            "data": [],
                            "type": "area"
                        },
                        "units": [
                            {
                                "key": "发送数据包",
                                "name": "发送数据包",
                                "unit": "pps",
                                "units": [
                                    "custom",
                                    "pps"
                                ]
                            },
                            {
                                "key": "接收数据包",
                                "name": "接收数据包",
                                "unit": "pps",
                                "units": [
                                    "custom",
                                    "pps"
                                ]
                            }
                        ],
                        "colors": [
                            {
                                "key": "发送数据包",
                                "name": "发送数据包",
                                "color": "rgba(65,206,199,1)"
                            }
                        ],
                        "levels": [],
                        "density": "medium",
                        "showLine": false,
                        "chartType": "areaLine",
                        "fixedTime": "1d",
                        "isPercent": false,
                        "openStack": false,
                        "showTitle": true,
                        "stackType": "time",
                        "titleDesc": "",
                        "openCompare": false,
                        "timeInterval": "default",
                        "xAxisShowType": "time",
                        "isTimeInterval": true,
                        "currentChartType": "sequence",
                        "showFieldMapping": false,
                        "tableSortMetricName": "15分钟负载"
                    },
                    "fixedTime": {
                        "key": "1d",
                        "text": "最近1天"
                    }
                },
                "group": {
                    "name": null
                },
                "name": "发送数据包",
                "pos": {
                    "h": 9,
                    "i": 7,
                    "w": 6,
                    "x": 18,
                    "y": 7
                },
                "type": "sequence",
                "queries": [
                    {
                        "name": "",
                        "type": "sequence",
                        "unit": "",
                        "color": "",
                        "qtype": "dql",
                        "query": {
                            "q": "F::dataflux__dql:(dql(\"M::`net`:(LAST(`packets_sent`) AS `发送数据包`) { `host` = '#{host}' } [::1m] \").`NON_NEGATIVE_DERIVATIVE`())",
                            "code": "B",
                            "type": "dql",
                            "funcList": []
                        },
                        "datasource": "dataflux"
                    }
                ]
            },
            {
                "extend": {
                    "settings": {
                        "mark": {
                            "axis": "x",
                            "data": [],
                            "type": "area"
                        },
                        "units": [
                            {
                                "key": "入流量",
                                "name": "入流量",
                                "unit": "",
                                "units": [
                                    "traffic",
                                    "B/S"
                                ]
                            },
                            {
                                "key": "出流量",
                                "name": "出流量",
                                "unit": "",
                                "units": [
                                    "traffic",
                                    "B/S"
                                ]
                            },
                            {
                                "key": "aa",
                                "name": "aa",
                                "unit": "",
                                "units": [
                                    "traffic",
                                    "B/S"
                                ]
                            }
                        ],
                        "colors": [],
                        "levels": [],
                        "density": "medium",
                        "showLine": false,
                        "chartType": "areaLine",
                        "fixedTime": "",
                        "isPercent": false,
                        "openStack": false,
                        "showTitle": true,
                        "stackType": "time",
                        "titleDesc": "",
                        "openCompare": false,
                        "timeInterval": "default",
                        "xAxisShowType": "time",
                        "isTimeInterval": true,
                        "currentChartType": "sequence",
                        "showFieldMapping": false,
                        "tableSortMetricName": "15分钟负载"
                    },
                    "fixedTime": null
                },
                "group": {
                    "name": null
                },
                "name": "入流量",
                "pos": {
                    "h": 9,
                    "i": 8,
                    "w": 12,
                    "x": 0,
                    "y": 16
                },
                "type": "sequence",
                "queries": [
                    {
                        "name": "",
                        "type": "sequence",
                        "unit": "",
                        "color": "",
                        "qtype": "dql",
                        "query": {
                            "q": "F::dataflux__dql:(dql(\"M::`net`:(LAST(`bytes_recv`) AS `入流量`) { `host` = '#{host}' } [::1m] BY `interface`\").`NON_NEGATIVE_DERIVATIVE`())",
                            "code": "A",
                            "fill": null,
                            "type": "dql",
                            "alias": "入流量",
                            "field": "bytes_recv",
                            "fillNum": null,
                            "filters": [
                                {
                                    "op": "=",
                                    "name": "host",
                                    "logic": "and",
                                    "value": "#{host}"
                                }
                            ],
                            "groupBy": [
                                "interface"
                            ],
                            "funcList": [],
                            "fieldFunc": "last",
                            "namespace": "metric",
                            "dataSource": "net",
                            "queryFuncs": [
                                {
                                    "name": "non_negative_derivative"
                                }
                            ],
                            "groupByTime": ""
                        },
                        "datasource": "dataflux"
                    }
                ]
            },
            {
                "extend": {
                    "settings": {
                        "mark": {
                            "axis": "x",
                            "data": [],
                            "type": "area"
                        },
                        "units": [
                            {
                                "key": "发送数据包",
                                "name": "发送数据包",
                                "unit": "pps",
                                "units": [
                                    "custom",
                                    "pps"
                                ]
                            },
                            {
                                "key": "接收数据包",
                                "name": "接收数据包",
                                "unit": "pps",
                                "units": [
                                    "custom",
                                    "pps"
                                ]
                            }
                        ],
                        "colors": [],
                        "levels": [],
                        "density": "medium",
                        "showLine": false,
                        "chartType": "areaLine",
                        "fixedTime": "",
                        "isPercent": false,
                        "openStack": false,
                        "showTitle": true,
                        "stackType": "time",
                        "titleDesc": "",
                        "openCompare": false,
                        "timeInterval": "default",
                        "xAxisShowType": "time",
                        "isTimeInterval": true,
                        "currentChartType": "sequence",
                        "showFieldMapping": false,
                        "tableSortMetricName": "15分钟负载"
                    },
                    "fixedTime": null
                },
                "group": {
                    "name": null
                },
                "name": "接收数据包",
                "pos": {
                    "h": 9,
                    "i": 9,
                    "w": 12,
                    "x": 0,
                    "y": 25
                },
                "type": "sequence",
                "queries": [
                    {
                        "name": "",
                        "type": "sequence",
                        "unit": "",
                        "color": "",
                        "qtype": "dql",
                        "query": {
                            "q": "F::dataflux__dql:(dql(\"M::`net`:(LAST(`packets_recv`) AS `接收数据包`) { `host` = '#{host}' } [::1m] BY `interface`\").`NON_NEGATIVE_DERIVATIVE`())",
                            "code": "A",
                            "fill": null,
                            "type": "dql",
                            "alias": "接收数据包",
                            "field": "packets_recv",
                            "fillNum": null,
                            "filters": [
                                {
                                    "op": "=",
                                    "name": "host",
                                    "logic": "and",
                                    "value": "#{host}"
                                }
                            ],
                            "groupBy": [
                                "interface"
                            ],
                            "funcList": [],
                            "fieldFunc": "last",
                            "namespace": "metric",
                            "dataSource": "net",
                            "queryFuncs": [
                                {
                                    "name": "non_negative_derivative"
                                }
                            ],
                            "groupByTime": ""
                        },
                        "datasource": "dataflux"
                    }
                ]
            },
            {
                "extend": {
                    "settings": {
                        "mark": {
                            "axis": "x",
                            "data": [],
                            "type": "area"
                        },
                        "units": [
                            {
                                "key": "入流量",
                                "name": "入流量",
                                "unit": "",
                                "units": [
                                    "traffic",
                                    "B/S"
                                ]
                            },
                            {
                                "key": "出流量",
                                "name": "出流量",
                                "unit": "",
                                "units": [
                                    "traffic",
                                    "B/S"
                                ]
                            },
                            {
                                "key": "aa",
                                "name": "aa",
                                "unit": "",
                                "units": [
                                    "traffic",
                                    "B/S"
                                ]
                            }
                        ],
                        "colors": [],
                        "levels": [],
                        "density": "medium",
                        "showLine": false,
                        "chartType": "areaLine",
                        "fixedTime": "",
                        "isPercent": false,
                        "openStack": false,
                        "showTitle": true,
                        "stackType": "time",
                        "titleDesc": "",
                        "openCompare": false,
                        "timeInterval": "default",
                        "xAxisShowType": "time",
                        "isTimeInterval": true,
                        "currentChartType": "sequence",
                        "showFieldMapping": false,
                        "tableSortMetricName": "15分钟负载"
                    },
                    "fixedTime": null
                },
                "group": {
                    "name": null
                },
                "name": "出流量",
                "pos": {
                    "h": 9,
                    "i": 10,
                    "w": 12,
                    "x": 12,
                    "y": 16
                },
                "type": "sequence",
                "queries": [
                    {
                        "name": "",
                        "type": "sequence",
                        "unit": "",
                        "color": "",
                        "qtype": "dql",
                        "query": {
                            "q": "F::dataflux__dql:(dql(\"M::`net`:(LAST(`bytes_sent`) AS `出流量`) { `host` = '#{host}' } [::1m] BY `interface` \").`NON_NEGATIVE_DERIVATIVE`())",
                            "code": "B",
                            "fill": null,
                            "type": "dql",
                            "alias": "出流量",
                            "field": "bytes_sent",
                            "fillNum": null,
                            "filters": [
                                {
                                    "op": "=",
                                    "name": "host",
                                    "logic": "and",
                                    "value": "#{host}"
                                }
                            ],
                            "groupBy": [
                                "interface"
                            ],
                            "funcList": [],
                            "fieldFunc": "last",
                            "namespace": "metric",
                            "dataSource": "net",
                            "queryFuncs": [
                                {
                                    "name": "non_negative_derivative"
                                }
                            ],
                            "groupByTime": ""
                        },
                        "datasource": "dataflux"
                    }
                ]
            },
            {
                "extend": {
                    "settings": {
                        "mark": {
                            "axis": "x",
                            "data": [],
                            "type": "area"
                        },
                        "units": [
                            {
                                "key": "发送数据包",
                                "name": "发送数据包",
                                "unit": "pps",
                                "units": [
                                    "custom",
                                    "pps"
                                ]
                            },
                            {
                                "key": "接收数据包",
                                "name": "接收数据包",
                                "unit": "pps",
                                "units": [
                                    "custom",
                                    "pps"
                                ]
                            }
                        ],
                        "colors": [],
                        "levels": [],
                        "density": "medium",
                        "showLine": false,
                        "chartType": "areaLine",
                        "fixedTime": "",
                        "isPercent": false,
                        "openStack": false,
                        "showTitle": true,
                        "stackType": "time",
                        "titleDesc": "",
                        "openCompare": false,
                        "timeInterval": "default",
                        "xAxisShowType": "time",
                        "isTimeInterval": true,
                        "currentChartType": "sequence",
                        "showFieldMapping": false,
                        "tableSortMetricName": "15分钟负载"
                    },
                    "fixedTime": null
                },
                "group": {
                    "name": null
                },
                "name": "发送数据包",
                "pos": {
                    "h": 9,
                    "i": 11,
                    "w": 12,
                    "x": 12,
                    "y": 25
                },
                "type": "sequence",
                "queries": [
                    {
                        "name": "",
                        "type": "sequence",
                        "unit": "",
                        "color": "",
                        "qtype": "dql",
                        "query": {
                            "q": "F::dataflux__dql:(dql(\"M::`net`:(LAST(`packets_sent`) AS `发送数据包`) { `host` = '#{host}' } [::1m] BY `interface`\").`NON_NEGATIVE_DERIVATIVE`())",
                            "code": "B",
                            "fill": null,
                            "type": "dql",
                            "alias": "发送数据包",
                            "field": "packets_sent",
                            "fillNum": null,
                            "filters": [
                                {
                                    "op": "=",
                                    "name": "host",
                                    "logic": "and",
                                    "value": "#{host}"
                                }
                            ],
                            "groupBy": [
                                "interface"
                            ],
                            "funcList": [],
                            "fieldFunc": "last",
                            "namespace": "metric",
                            "dataSource": "net",
                            "queryFuncs": [
                                {
                                    "name": "non_negative_derivative"
                                }
                            ],
                            "groupByTime": ""
                        },
                        "datasource": "dataflux"
                    }
                ]
            }
        ],
        "groups": [],
        "type": "template"
    }
}