{
    "title": "主机总览_磁盘",
    "dashboardType": "CUSTOM",
    "dashboardExtend": {},
    "dashboardMapping": [],
    "dashboardOwnerType": "node",
    "iconSet": {},
    "dashboardBindSet": [],
    "thumbnail": "",
    "tags": [],
    "summary": "",
    "main": {
        "vars": [
            {
                "name": "主机名",
                "seq": 0,
                "datasource": "dataflux",
                "code": "host",
                "type": "QUERY",
                "definition": {
                    "tag": "",
                    "field": "",
                    "value": "show_tag_value(from=['cpu'], keyin=['host'])[5m]",
                    "metric": "",
                    "object": "",
                    "defaultVal": null
                },
                "valueSort": "default",
                "hide": 0,
                "isHiddenAsterisk": 0
            }
        ],
        "charts": [
            {
                "extend": {
                    "settings": {
                        "mark": {
                            "axis": "x",
                            "data": [],
                            "type": "area"
                        },
                        "units": [
                            {
                                "key": "磁盘写入",
                                "name": "磁盘写入",
                                "unit": "",
                                "units": [
                                    "traffic",
                                    "B/S"
                                ]
                            },
                            {
                                "key": "磁盘读取",
                                "name": "磁盘读取",
                                "unit": "",
                                "units": [
                                    "traffic",
                                    "B/S"
                                ]
                            }
                        ],
                        "colors": [],
                        "levels": [],
                        "density": "medium",
                        "showLine": false,
                        "chartType": "areaLine",
                        "fixedTime": "",
                        "isPercent": false,
                        "openStack": false,
                        "showTitle": true,
                        "stackType": "time",
                        "titleDesc": "",
                        "openCompare": false,
                        "timeInterval": "default",
                        "xAxisShowType": "time",
                        "isTimeInterval": true,
                        "currentChartType": "sequence",
                        "showFieldMapping": false,
                        "tableSortMetricName": "15分钟负载"
                    },
                    "fixedTime": null
                },
                "group": {
                    "name": null
                },
                "name": "磁盘读写大小",
                "pos": {
                    "h": 9,
                    "i": 0,
                    "w": 8,
                    "x": 0,
                    "y": 25
                },
                "type": "sequence",
                "queries": [
                    {
                        "name": "",
                        "type": "sequence",
                        "unit": "",
                        "color": "",
                        "qtype": "dql",
                        "query": {
                            "q": "F::dataflux__dql:(dql(\"M::`diskio`:(LAST(`read_bytes`) AS `磁盘读取`) { `host` = '#{host}' } [::1m] by `name`\").`NON_NEGATIVE_DERIVATIVE`())",
                            "code": "A",
                            "type": "dql",
                            "funcList": []
                        },
                        "datasource": "dataflux"
                    },
                    {
                        "name": "",
                        "type": "sequence",
                        "unit": "",
                        "color": "",
                        "qtype": "dql",
                        "query": {
                            "q": "F::dataflux__dql:(dql(\"M::`diskio`:(LAST(`write_bytes`) AS `磁盘写入`) { `host` = '#{host}' } [::1m] by `name`\").`NON_NEGATIVE_DERIVATIVE`())",
                            "code": "B",
                            "type": "dql",
                            "funcList": []
                        },
                        "datasource": "dataflux"
                    }
                ]
            },
            {
                "extend": {
                    "settings": {
                        "mark": {
                            "axis": "x",
                            "data": [],
                            "type": "area"
                        },
                        "units": [
                            {
                                "key": "磁盘写入",
                                "name": "磁盘写入",
                                "unit": "",
                                "units": [
                                    "time",
                                    "ms"
                                ]
                            },
                            {
                                "key": "磁盘读取",
                                "name": "磁盘读取",
                                "unit": "",
                                "units": [
                                    "time",
                                    "ms"
                                ]
                            }
                        ],
                        "colors": [],
                        "levels": [],
                        "density": "medium",
                        "showLine": false,
                        "chartType": "areaLine",
                        "openStack": false,
                        "stackType": "time",
                        "openCompare": false,
                        "xAxisShowType": "time",
                        "currentChartType": "sequence",
                        "tableSortMetricName": "15分钟负载"
                    }
                },
                "group": {
                    "name": null
                },
                "name": "磁盘读写时间",
                "pos": {
                    "h": 9,
                    "i": 1,
                    "w": 8,
                    "x": 8,
                    "y": 25
                },
                "type": "sequence",
                "queries": [
                    {
                        "name": "",
                        "type": "sequence",
                        "unit": "",
                        "color": "",
                        "qtype": "dql",
                        "query": {
                            "q": "F::dataflux__dql:(dql(\"M::`diskio`:(LAST(`read_time`) AS `磁盘读取`) { `host` = '#{host}' } [::1m] by `name`\").`NON_NEGATIVE_DERIVATIVE`())",
                            "code": "A",
                            "type": "dql",
                            "funcList": []
                        },
                        "datasource": "dataflux"
                    },
                    {
                        "name": "",
                        "type": "sequence",
                        "unit": "",
                        "color": "",
                        "qtype": "dql",
                        "query": {
                            "q": "F::dataflux__dql:(dql(\"M::`diskio`:(LAST(`write_time`) AS `磁盘写入`) { `host` = '#{host}' } [::1m] by `name`\").`NON_NEGATIVE_DERIVATIVE`())",
                            "code": "B",
                            "type": "dql",
                            "funcList": []
                        },
                        "datasource": "dataflux"
                    }
                ]
            },
            {
                "extend": {
                    "settings": {
                        "units": [
                            {
                                "key": "inodes 使用率",
                                "name": "inodes 使用率",
                                "unit": "",
                                "units": [
                                    "percent",
                                    "percent"
                                ]
                            }
                        ],
                        "colors": [],
                        "levels": [],
                        "bgColor": "",
                        "mappings": [],
                        "showLine": false,
                        "fixedTime": "",
                        "fontColor": "",
                        "lineColor": "#3AB8FF",
                        "precision": "2",
                        "showTitle": true,
                        "titleDesc": "",
                        "downsample": "last",
                        "openCompare": false,
                        "showLineAxis": false,
                        "timeInterval": "default",
                        "isTimeInterval": true,
                        "currentChartType": "singlestat",
                        "showFieldMapping": false
                    },
                    "fixedTime": null,
                    "fixedGroupByTime": null
                },
                "group": {
                    "name": null
                },
                "name": "磁盘 Inode 使用率",
                "pos": {
                    "h": 7,
                    "i": 2,
                    "w": 6,
                    "x": 18,
                    "y": 0
                },
                "type": "singlestat",
                "queries": [
                    {
                        "name": "",
                        "type": "singlestat",
                        "unit": "",
                        "color": "",
                        "qtype": "dql",
                        "query": {
                            "q": "F::dataflux__dql:(EXEC_FORMULA(expr='A / B', alias='inodes 使用率', A=dql(\"M::`disk`:(LAST(`inodes_used`) AS `inodes 使用率`) { `host` = '#{host}' }\"), B=dql(\"M::`disk`:(LAST(`inodes_total`)) { `host` = '#{host}' }\")))",
                            "code": "B",
                            "type": "expression",
                            "alias": "inodes 使用率",
                            "children": [
                                {
                                    "q": "M::`disk`:(LAST(`inodes_used`) AS `inodes 使用率`) { `host` = '#{host}' }",
                                    "code": "A",
                                    "fill": null,
                                    "type": "simple",
                                    "alias": "inodes 使用率",
                                    "field": "inodes_used",
                                    "filters": [
                                        {
                                            "id": "bbb5f180-5bba-11eb-bd31-015cfe86e5cf",
                                            "op": "=",
                                            "name": "host",
                                            "type": "",
                                            "logic": "and",
                                            "value": "#{host}"
                                        }
                                    ],
                                    "groupBy": [],
                                    "fieldFunc": "last",
                                    "fieldType": "integer",
                                    "namespace": "metric",
                                    "dataSource": "disk",
                                    "queryFuncs": [],
                                    "groupByTime": ""
                                },
                                {
                                    "q": "M::`disk`:(LAST(`inodes_total`)) { `host` = '#{host}' }",
                                    "code": "B",
                                    "fill": null,
                                    "type": "simple",
                                    "alias": "",
                                    "field": "inodes_total",
                                    "filters": [
                                        {
                                            "id": "f07dcb50-e44e-11eb-a0ea-f19af6e5dcbe",
                                            "op": "=",
                                            "name": "host",
                                            "type": "",
                                            "logic": "and",
                                            "value": "#{host}"
                                        }
                                    ],
                                    "groupBy": [],
                                    "funcList": [],
                                    "fieldFunc": "last",
                                    "fieldType": "integer",
                                    "namespace": "metric",
                                    "dataSource": "disk",
                                    "queryFuncs": [],
                                    "groupByTime": ""
                                }
                            ],
                            "funcList": [
                                "last"
                            ],
                            "expression": "A / B"
                        },
                        "datasource": "dataflux"
                    }
                ]
            },
            {
                "extend": {
                    "settings": {
                        "units": [
                            {
                                "key": "剩余磁盘空间",
                                "name": "剩余磁盘空间",
                                "unit": "",
                                "units": [
                                    "digital",
                                    "B"
                                ]
                            }
                        ],
                        "colors": [],
                        "levels": [],
                        "bgColor": "",
                        "mappings": [],
                        "showLine": false,
                        "fixedTime": "",
                        "fontColor": "",
                        "lineColor": "#3AB8FF",
                        "precision": "2",
                        "showTitle": true,
                        "titleDesc": "",
                        "downsample": "last",
                        "openCompare": false,
                        "showLineAxis": false,
                        "timeInterval": "default",
                        "isTimeInterval": true,
                        "currentChartType": "singlestat",
                        "showFieldMapping": false
                    },
                    "fixedTime": null,
                    "fixedGroupByTime": null
                },
                "group": {
                    "name": null
                },
                "name": "剩余磁盘空间",
                "pos": {
                    "h": 7,
                    "i": 3,
                    "w": 6,
                    "x": 12,
                    "y": 0
                },
                "type": "singlestat",
                "queries": [
                    {
                        "name": "",
                        "type": "singlestat",
                        "unit": "",
                        "color": "",
                        "qtype": "dql",
                        "query": {
                            "q": "M::`disk`:(LAST(`free`) AS `剩余磁盘空间`) { `host` = '#{host}' }",
                            "code": "A",
                            "fill": null,
                            "type": "simple",
                            "alias": "剩余磁盘空间",
                            "field": "free",
                            "filters": [
                                {
                                    "id": "a199fbc0-5bba-11eb-bd31-015cfe86e5cf",
                                    "op": "=",
                                    "name": "host",
                                    "type": "",
                                    "logic": "and",
                                    "value": "#{host}"
                                }
                            ],
                            "groupBy": [],
                            "funcList": [
                                "last"
                            ],
                            "fieldFunc": "last",
                            "fieldType": "integer",
                            "namespace": "metric",
                            "dataSource": "disk",
                            "queryFuncs": [],
                            "groupByTime": ""
                        },
                        "datasource": "dataflux"
                    }
                ]
            },
            {
                "extend": {
                    "settings": {
                        "units": [
                            {
                                "key": "磁盘使用率",
                                "name": "磁盘使用率",
                                "unit": "",
                                "units": [
                                    "percent",
                                    "percent"
                                ]
                            }
                        ],
                        "colors": [],
                        "levels": [],
                        "bgColor": "",
                        "mappings": [],
                        "showLine": false,
                        "fixedTime": "",
                        "fontColor": "",
                        "lineColor": "#3AB8FF",
                        "precision": "2",
                        "showTitle": true,
                        "titleDesc": "",
                        "downsample": "last",
                        "openCompare": false,
                        "showLineAxis": false,
                        "timeInterval": "default",
                        "isTimeInterval": true,
                        "currentChartType": "singlestat",
                        "showFieldMapping": false
                    },
                    "fixedTime": null,
                    "fixedGroupByTime": null
                },
                "group": {
                    "name": null
                },
                "name": "磁盘使用率",
                "pos": {
                    "h": 7,
                    "i": 4,
                    "w": 6,
                    "x": 0,
                    "y": 0
                },
                "type": "singlestat",
                "queries": [
                    {
                        "name": "",
                        "type": "singlestat",
                        "unit": "",
                        "color": "",
                        "qtype": "dql",
                        "query": {
                            "q": "M::`disk`:(LAST(`used_percent`) AS `磁盘使用率`) { `host` = '#{host}' } BY `device`",
                            "code": "A",
                            "fill": null,
                            "type": "dql",
                            "alias": "磁盘使用率",
                            "field": "used_percent",
                            "fillNum": null,
                            "filters": [
                                {
                                    "op": "=",
                                    "name": "host",
                                    "logic": "and",
                                    "value": "#{host}"
                                }
                            ],
                            "groupBy": [
                                "device"
                            ],
                            "funcList": [
                                "last"
                            ],
                            "fieldFunc": "last",
                            "namespace": "metric",
                            "dataSource": "disk",
                            "queryFuncs": [],
                            "groupByTime": ""
                        },
                        "datasource": "dataflux"
                    }
                ]
            },
            {
                "extend": {
                    "settings": {
                        "mark": {
                            "axis": "x",
                            "data": [],
                            "type": "area"
                        },
                        "units": [],
                        "colors": [],
                        "levels": [],
                        "density": "medium",
                        "showLine": false,
                        "chartType": "areaLine",
                        "openStack": false,
                        "stackType": "time",
                        "openCompare": false,
                        "xAxisShowType": "time",
                        "currentChartType": "sequence",
                        "showFieldMapping": false,
                        "tableSortMetricName": "15分钟负载"
                    }
                },
                "group": {
                    "name": null
                },
                "name": "磁盘读写次数",
                "pos": {
                    "h": 9,
                    "i": 5,
                    "w": 8,
                    "x": 16,
                    "y": 25
                },
                "type": "sequence",
                "queries": [
                    {
                        "name": "",
                        "type": "sequence",
                        "unit": "",
                        "color": "",
                        "qtype": "dql",
                        "query": {
                            "q": "F::dataflux__dql:(dql(\"M::`diskio`:(LAST(`reads`) AS `磁盘读取次数`) { `host` = '#{host}' } [::1m] by `name`\").`NON_NEGATIVE_DERIVATIVE`())",
                            "code": "A",
                            "fill": null,
                            "type": "dql",
                            "alias": "磁盘读取次数",
                            "field": "reads",
                            "fillNum": null,
                            "filters": [
                                {
                                    "op": "=",
                                    "name": "host",
                                    "logic": "and",
                                    "value": "#{host}"
                                }
                            ],
                            "groupBy": [
                                "name"
                            ],
                            "funcList": [],
                            "fieldFunc": "last",
                            "namespace": "metric",
                            "dataSource": "diskio",
                            "queryFuncs": [
                                {
                                    "name": "non_negative_derivative"
                                }
                            ],
                            "groupByTime": ""
                        },
                        "datasource": "dataflux"
                    },
                    {
                        "name": "",
                        "type": "sequence",
                        "unit": "",
                        "color": "",
                        "qtype": "dql",
                        "query": {
                            "q": "F::dataflux__dql:(dql(\"M::`diskio`:(LAST(`writes`) AS `磁盘写入次数`) { `host` = '#{host}' } [::1m] by `name`\").`NON_NEGATIVE_DERIVATIVE`())",
                            "code": "B",
                            "fill": null,
                            "type": "dql",
                            "alias": "磁盘写入次数",
                            "field": "writes",
                            "fillNum": null,
                            "filters": [
                                {
                                    "op": "=",
                                    "name": "host",
                                    "logic": "and",
                                    "value": "#{host}"
                                }
                            ],
                            "groupBy": [
                                "name"
                            ],
                            "funcList": [],
                            "fieldFunc": "last",
                            "namespace": "metric",
                            "dataSource": "diskio",
                            "queryFuncs": [
                                {
                                    "name": "non_negative_derivative"
                                }
                            ],
                            "groupByTime": ""
                        },
                        "datasource": "dataflux"
                    }
                ]
            },
            {
                "extend": {
                    "settings": {
                        "mark": {
                            "axis": "x",
                            "data": [],
                            "type": "area"
                        },
                        "units": [
                            {
                                "key": "剩余磁盘空间",
                                "name": "剩余磁盘空间",
                                "unit": "",
                                "units": [
                                    "percent",
                                    "percent"
                                ]
                            }
                        ],
                        "colors": [],
                        "levels": [],
                        "density": "medium",
                        "showLine": false,
                        "chartType": "areaLine",
                        "fixedTime": "",
                        "isPercent": false,
                        "openStack": false,
                        "showTitle": true,
                        "stackType": "time",
                        "titleDesc": "",
                        "showLegend": true,
                        "openCompare": false,
                        "timeInterval": "default",
                        "xAxisShowType": "time",
                        "isTimeInterval": true,
                        "currentChartType": "sequence",
                        "showFieldMapping": false,
                        "tableSortMetricName": "last(free)"
                    },
                    "fixedTime": null
                },
                "group": {
                    "name": null
                },
                "name": "磁盘使用率",
                "pos": {
                    "h": 9,
                    "i": 6,
                    "w": 8,
                    "x": 0,
                    "y": 16
                },
                "type": "sequence",
                "queries": [
                    {
                        "name": "",
                        "type": "sequence",
                        "unit": "",
                        "color": "",
                        "qtype": "dql",
                        "query": {
                            "q": "M::`disk`:(LAST(`used_percent`) AS `剩余磁盘空间`) { `host` = '#{host}' } BY `device`, `path`",
                            "code": "A",
                            "fill": null,
                            "type": "simple",
                            "alias": "剩余磁盘空间",
                            "field": "used_percent",
                            "filters": [
                                {
                                    "id": "a199fbc0-5bba-11eb-bd31-015cfe86e5cf",
                                    "op": "=",
                                    "name": "host",
                                    "type": "",
                                    "logic": "and",
                                    "value": "#{host}"
                                }
                            ],
                            "groupBy": [
                                "device",
                                "path"
                            ],
                            "funcList": [],
                            "fieldFunc": "last",
                            "fieldType": "float",
                            "namespace": "metric",
                            "dataSource": "disk",
                            "queryFuncs": [],
                            "groupByTime": ""
                        },
                        "datasource": "dataflux"
                    }
                ]
            },
            {
                "extend": {
                    "settings": {
                        "mark": {
                            "axis": "x",
                            "data": [],
                            "type": "area"
                        },
                        "units": [
                            {
                                "key": "剩余磁盘空间",
                                "name": "剩余磁盘空间",
                                "unit": "",
                                "units": [
                                    "digital",
                                    "B"
                                ]
                            }
                        ],
                        "colors": [
                            {
                                "key": "剩余磁盘空间",
                                "name": "剩余磁盘空间",
                                "color": "rgba(65,206,199,1)"
                            }
                        ],
                        "levels": [],
                        "density": "medium",
                        "showLine": false,
                        "chartType": "areaLine",
                        "fixedTime": "",
                        "isPercent": false,
                        "openStack": false,
                        "showTitle": true,
                        "stackType": "time",
                        "titleDesc": "",
                        "showLegend": true,
                        "openCompare": false,
                        "timeInterval": "default",
                        "xAxisShowType": "time",
                        "isTimeInterval": true,
                        "currentChartType": "sequence",
                        "showFieldMapping": false,
                        "tableSortMetricName": "last(free)"
                    },
                    "fixedTime": null
                },
                "group": {
                    "name": null
                },
                "name": "剩余磁盘空间",
                "pos": {
                    "h": 9,
                    "i": 7,
                    "w": 8,
                    "x": 16,
                    "y": 7
                },
                "type": "sequence",
                "queries": [
                    {
                        "name": "",
                        "type": "sequence",
                        "unit": "",
                        "color": "",
                        "qtype": "dql",
                        "query": {
                            "q": "M::`disk`:(LAST(`free`) AS `剩余磁盘空间`) { `host` = '#{host}' }",
                            "code": "A",
                            "fill": null,
                            "type": "simple",
                            "alias": "剩余磁盘空间",
                            "field": "free",
                            "filters": [
                                {
                                    "id": "a199fbc0-5bba-11eb-bd31-015cfe86e5cf",
                                    "op": "=",
                                    "name": "host",
                                    "type": "",
                                    "logic": "and",
                                    "value": "#{host}"
                                }
                            ],
                            "groupBy": [],
                            "funcList": [],
                            "fieldFunc": "last",
                            "fieldType": "integer",
                            "namespace": "metric",
                            "dataSource": "disk",
                            "queryFuncs": [],
                            "groupByTime": ""
                        },
                        "datasource": "dataflux"
                    }
                ]
            },
            {
                "extend": {
                    "settings": {
                        "units": [
                            {
                                "key": "剩余磁盘空间",
                                "name": "剩余磁盘空间",
                                "unit": "",
                                "units": [
                                    "digital",
                                    "B"
                                ]
                            }
                        ],
                        "colors": [],
                        "levels": [],
                        "bgColor": "",
                        "mappings": [],
                        "showLine": false,
                        "fixedTime": "",
                        "fontColor": "",
                        "lineColor": "#3AB8FF",
                        "precision": "2",
                        "showTitle": true,
                        "titleDesc": "",
                        "downsample": "last",
                        "openCompare": false,
                        "showLineAxis": false,
                        "timeInterval": "default",
                        "isTimeInterval": true,
                        "currentChartType": "singlestat",
                        "showFieldMapping": false
                    },
                    "fixedTime": null,
                    "fixedGroupByTime": null
                },
                "group": {
                    "name": null
                },
                "name": "磁盘总空间",
                "pos": {
                    "h": 7,
                    "i": 8,
                    "w": 6,
                    "x": 6,
                    "y": 0
                },
                "type": "singlestat",
                "queries": [
                    {
                        "name": "",
                        "type": "singlestat",
                        "unit": "",
                        "color": "",
                        "qtype": "dql",
                        "query": {
                            "q": "M::`disk`:(LAST(`total`) AS `剩余磁盘空间`) { `host` = '#{host}' }",
                            "code": "A",
                            "fill": null,
                            "type": "simple",
                            "alias": "剩余磁盘空间",
                            "field": "total",
                            "filters": [
                                {
                                    "id": "a199fbc0-5bba-11eb-bd31-015cfe86e5cf",
                                    "op": "=",
                                    "name": "host",
                                    "type": "",
                                    "logic": "and",
                                    "value": "#{host}"
                                }
                            ],
                            "groupBy": [],
                            "funcList": [
                                "last"
                            ],
                            "fieldFunc": "last",
                            "fieldType": "integer",
                            "namespace": "metric",
                            "dataSource": "disk",
                            "queryFuncs": [],
                            "groupByTime": ""
                        },
                        "datasource": "dataflux"
                    }
                ]
            },
            {
                "extend": {
                    "settings": {
                        "mark": {
                            "axis": "x",
                            "data": [],
                            "type": "area"
                        },
                        "units": [
                            {
                                "key": "剩余inodes",
                                "name": "剩余inodes",
                                "unit": "个",
                                "units": [
                                    "custom",
                                    "个"
                                ]
                            }
                        ],
                        "colors": [
                            {
                                "key": "剩余inodes",
                                "name": "剩余inodes",
                                "color": "rgba(115,122,226,1)"
                            }
                        ],
                        "levels": [],
                        "density": "medium",
                        "mappings": [],
                        "showLine": false,
                        "chartType": "areaLine",
                        "fixedTime": "",
                        "isPercent": false,
                        "lineColor": "#3AB8FF",
                        "openStack": false,
                        "showTitle": true,
                        "stackType": "time",
                        "titleDesc": "",
                        "downsample": "last",
                        "showLegend": true,
                        "openCompare": false,
                        "showLineAxis": false,
                        "timeInterval": "default",
                        "xAxisShowType": "time",
                        "isTimeInterval": true,
                        "currentChartType": "sequence",
                        "showFieldMapping": false,
                        "tableSortMetricName": "last(free)"
                    },
                    "fixedTime": null
                },
                "group": {
                    "name": null
                },
                "name": "剩余 Inode",
                "pos": {
                    "h": 9,
                    "i": 9,
                    "w": 8,
                    "x": 8,
                    "y": 16
                },
                "type": "sequence",
                "queries": [
                    {
                        "name": "",
                        "type": "sequence",
                        "unit": "",
                        "color": "",
                        "qtype": "dql",
                        "query": {
                            "q": "M::`disk`:(LAST(`inodes_free`) AS `剩余inodes`) { `host` = '#{host}' }",
                            "code": "A",
                            "fill": null,
                            "type": "simple",
                            "alias": "剩余inodes",
                            "field": "inodes_free",
                            "filters": [
                                {
                                    "id": "b9462a00-5bba-11eb-bd31-015cfe86e5cf",
                                    "op": "=",
                                    "name": "host",
                                    "type": "",
                                    "logic": "and",
                                    "value": "#{host}"
                                }
                            ],
                            "groupBy": [],
                            "funcList": [],
                            "fieldFunc": "last",
                            "fieldType": "integer",
                            "namespace": "metric",
                            "dataSource": "disk",
                            "queryFuncs": [],
                            "groupByTime": ""
                        },
                        "datasource": "dataflux"
                    }
                ]
            },
            {
                "extend": {
                    "settings": {
                        "mark": {
                            "axis": "x",
                            "data": [],
                            "type": "area"
                        },
                        "units": [
                            {
                                "key": "已使用磁盘空间",
                                "name": "已使用磁盘空间",
                                "unit": "",
                                "units": [
                                    "digital",
                                    "B"
                                ]
                            }
                        ],
                        "colors": [
                            {
                                "key": "已使用磁盘空间",
                                "name": "已使用磁盘空间",
                                "color": "rgba(200,221,79,1)"
                            }
                        ],
                        "levels": [],
                        "density": "medium",
                        "showLine": false,
                        "chartType": "areaLine",
                        "fixedTime": "",
                        "isPercent": false,
                        "openStack": false,
                        "showTitle": true,
                        "stackType": "time",
                        "titleDesc": "",
                        "showLegend": true,
                        "openCompare": false,
                        "timeInterval": "default",
                        "xAxisShowType": "time",
                        "isTimeInterval": true,
                        "currentChartType": "sequence",
                        "showFieldMapping": false,
                        "tableSortMetricName": "last(free)"
                    },
                    "fixedTime": null
                },
                "group": {
                    "name": null
                },
                "name": "已使用磁盘空间",
                "pos": {
                    "h": 9,
                    "i": 10,
                    "w": 8,
                    "x": 8,
                    "y": 7
                },
                "type": "sequence",
                "queries": [
                    {
                        "name": "",
                        "type": "sequence",
                        "unit": "",
                        "color": "",
                        "qtype": "dql",
                        "query": {
                            "q": "M::`disk`:(LAST(`used`) AS `已使用磁盘空间`) { `host` = '#{host}' }",
                            "code": "B",
                            "fill": null,
                            "type": "simple",
                            "alias": "已使用磁盘空间",
                            "field": "used",
                            "filters": [
                                {
                                    "id": "a5789580-5bba-11eb-bd31-015cfe86e5cf",
                                    "op": "=",
                                    "name": "host",
                                    "type": "",
                                    "logic": "and",
                                    "value": "#{host}"
                                }
                            ],
                            "groupBy": [],
                            "funcList": [],
                            "fieldFunc": "last",
                            "fieldType": "integer",
                            "namespace": "metric",
                            "dataSource": "disk",
                            "queryFuncs": [],
                            "groupByTime": ""
                        },
                        "datasource": "dataflux"
                    }
                ]
            },
            {
                "extend": {
                    "settings": {
                        "mark": {
                            "axis": "x",
                            "data": [],
                            "type": "area"
                        },
                        "units": [
                            {
                                "key": "剩余磁盘空间",
                                "name": "剩余磁盘空间",
                                "unit": "",
                                "units": [
                                    "digital",
                                    "B"
                                ]
                            }
                        ],
                        "colors": [
                            {
                                "key": "剩余磁盘空间",
                                "name": "剩余磁盘空间",
                                "color": "rgba(197,126,205,1)"
                            }
                        ],
                        "levels": [],
                        "density": "medium",
                        "showLine": false,
                        "chartType": "areaLine",
                        "fixedTime": "",
                        "isPercent": false,
                        "openStack": false,
                        "showTitle": true,
                        "stackType": "time",
                        "titleDesc": "",
                        "showLegend": true,
                        "openCompare": false,
                        "timeInterval": "default",
                        "xAxisShowType": "time",
                        "isTimeInterval": true,
                        "currentChartType": "sequence",
                        "showFieldMapping": false,
                        "tableSortMetricName": "last(free)"
                    },
                    "fixedTime": null
                },
                "group": {
                    "name": null
                },
                "name": "磁盘总空间",
                "pos": {
                    "h": 9,
                    "i": 11,
                    "w": 8,
                    "x": 0,
                    "y": 7
                },
                "type": "sequence",
                "queries": [
                    {
                        "name": "",
                        "type": "sequence",
                        "unit": "",
                        "color": "",
                        "qtype": "dql",
                        "query": {
                            "q": "M::`disk`:(LAST(`total`) AS `剩余磁盘空间`) { `host` = '#{host}' }",
                            "code": "A",
                            "fill": null,
                            "type": "simple",
                            "alias": "剩余磁盘空间",
                            "field": "total",
                            "filters": [
                                {
                                    "id": "a199fbc0-5bba-11eb-bd31-015cfe86e5cf",
                                    "op": "=",
                                    "name": "host",
                                    "type": "",
                                    "logic": "and",
                                    "value": "#{host}"
                                }
                            ],
                            "groupBy": [],
                            "funcList": [],
                            "fieldFunc": "last",
                            "fieldType": "integer",
                            "namespace": "metric",
                            "dataSource": "disk",
                            "queryFuncs": [],
                            "groupByTime": ""
                        },
                        "datasource": "dataflux"
                    }
                ]
            },
            {
                "extend": {
                    "settings": {
                        "mark": {
                            "axis": "x",
                            "data": [],
                            "type": "area"
                        },
                        "units": [
                            {
                                "key": "已使用inodes",
                                "name": "已使用inodes",
                                "unit": "个",
                                "units": [
                                    "custom",
                                    "个"
                                ]
                            }
                        ],
                        "colors": [
                            {
                                "key": "已使用inodes",
                                "name": "已使用inodes",
                                "color": "rgba(254,172,78,1)"
                            }
                        ],
                        "levels": [],
                        "density": "medium",
                        "mappings": [],
                        "showLine": false,
                        "chartType": "areaLine",
                        "fixedTime": "",
                        "isPercent": false,
                        "lineColor": "#3AB8FF",
                        "openStack": false,
                        "showTitle": true,
                        "stackType": "time",
                        "titleDesc": "",
                        "downsample": "last",
                        "showLegend": true,
                        "openCompare": false,
                        "showLineAxis": false,
                        "timeInterval": "default",
                        "xAxisShowType": "time",
                        "isTimeInterval": true,
                        "currentChartType": "sequence",
                        "showFieldMapping": false,
                        "tableSortMetricName": "last(free)"
                    },
                    "fixedTime": null
                },
                "group": {
                    "name": null
                },
                "name": "已使用 Inode",
                "pos": {
                    "h": 9,
                    "i": 12,
                    "w": 8,
                    "x": 16,
                    "y": 16
                },
                "type": "sequence",
                "queries": [
                    {
                        "name": "",
                        "type": "sequence",
                        "unit": "",
                        "color": "",
                        "qtype": "dql",
                        "query": {
                            "q": "M::`disk`:(LAST(`inodes_used`) AS `已使用inodes`) { `host` = '#{host}' }",
                            "code": "B",
                            "fill": null,
                            "type": "simple",
                            "alias": "已使用inodes",
                            "field": "inodes_used",
                            "filters": [
                                {
                                    "id": "bbb5f180-5bba-11eb-bd31-015cfe86e5cf",
                                    "op": "=",
                                    "name": "host",
                                    "type": "",
                                    "logic": "and",
                                    "value": "#{host}"
                                }
                            ],
                            "groupBy": [],
                            "funcList": [],
                            "fieldFunc": "last",
                            "fieldType": "integer",
                            "namespace": "metric",
                            "dataSource": "disk",
                            "queryFuncs": [],
                            "groupByTime": ""
                        },
                        "datasource": "dataflux"
                    }
                ]
            }
        ],
        "groups": [],
        "type": "template"
    }
}