{
    "checkers": [
        {
            "jsonScript": {
                "type": "simpleCheck",
                "every": "5m",
                "title": "DataFlux Func 队列 #{{ queue }} 持续堆积",
                "groupBy": [
                    "queue"
                ],
                "message": "{% set dql_data = DQL(\"M::DFF:(LAST(workerQueueLength) AS value) { queue = ? }\", queue) %}\n\n{% if  df_status != 'ok' %}- 故障级别：{{ df_status | to_status_human }} ({{ df_status }}){% endif %}\n- 故障队列：#{{ queue }}\n- 平均拥堵：{{ df_monitor_checker_value | to_round(2) }}\n- 队列长度：{{ dql_data.value }}",
                "targets": [
                    {
                        "dql": "M::`DFF`:(AVG(`workerQueueLength`) AS `队列长度`) BY `queue`",
                        "alias": "Result"
                    }
                ],
                "interval": 3600,
                "checkerOpt": {
                    "rules": [
                        {
                            "status": "critical",
                            "conditions": [
                                {
                                    "alias": "Result",
                                    "operands": [
                                        "10000"
                                    ],
                                    "operator": ">="
                                }
                            ],
                            "conditionLogic": "and"
                        },
                        {
                            "status": "error",
                            "conditions": [
                                {
                                    "alias": "Result",
                                    "operands": [
                                        "3000"
                                    ],
                                    "operator": ">="
                                }
                            ],
                            "conditionLogic": "and"
                        },
                        {
                            "status": "warning",
                            "conditions": [
                                {
                                    "alias": "Result",
                                    "operands": [
                                        "1000"
                                    ],
                                    "operator": ">="
                                }
                            ],
                            "conditionLogic": "and"
                        }
                    ]
                },
                "noDataAction": "noData",
                "noDataMessage": "",
                "noDataInterval": 1500,
                "recoverNeedPeriodCount": 3
            },
            "extend": {
                "rules": [
                    {
                        "status": "critical",
                        "conditions": [
                            {
                                "alias": "Result",
                                "operands": [
                                    "10000"
                                ],
                                "operator": ">="
                            }
                        ],
                        "conditionLogic": "and"
                    },
                    {
                        "status": "error",
                        "conditions": [
                            {
                                "alias": "Result",
                                "operands": [
                                    "3000"
                                ],
                                "operator": ">="
                            }
                        ],
                        "conditionLogic": "and"
                    },
                    {
                        "status": "warning",
                        "conditions": [
                            {
                                "alias": "Result",
                                "operands": [
                                    "1000"
                                ],
                                "operator": ">="
                            }
                        ],
                        "conditionLogic": "and"
                    }
                ],
                "funcName": "",
                "querylist": [
                    {
                        "uuid": "a391a693-fcb2-434d-a88d-3649b205843a",
                        "qtype": "dql",
                        "query": {
                            "q": "M::`DFF`:(AVG(`workerQueueLength`) AS `队列长度`) BY `queue`",
                            "code": "Result",
                            "fill": "",
                            "type": "simple",
                            "alias": "队列长度",
                            "field": "workerQueueLength",
                            "filters": [],
                            "groupBy": [
                                "queue"
                            ],
                            "funcList": [],
                            "fieldFunc": "avg",
                            "fieldType": "float",
                            "namespace": "metric",
                            "dataSource": "DFF",
                            "queryFuncs": [],
                            "groupByTime": ""
                        },
                        "datasource": "dataflux"
                    }
                ]
            },
            "is_disable": false,
            "monitorName": "DataFlux Func"
        }
    ]
}