{
    "checkers": [
        {
            "jsonScript": {
                "type": "simpleCheck",
                "every": "1m",
                "title": "influxdb 内存使用率超过85%",
                "groupBy": [
                    "app"
                ],
                "message": "{% if  df_status != 'ok' %}\n\n>等级：{{ df_status }}  \n\n>主机：{{ app }} \n\n>内容：influxdb 内存使用率超过80%，当前使用率为 {{ Result }}  %\n\n[跳转链接](https://console.guance.com/scene/dashboard/dashboardDetail?dashboard_id=dsbd_3c958963b075439b8183ee118caa46e8&name=InfluxDB&time={{ date * 1000 - 900000}},{{date *  1000}}&is_refresh=false&W=wksp_15646051a7f24110941dad5d51ba29f1)\n\n{% else %}\n\n>等级：{{df_status}}  \n\n>主机：{{ app }} \n\n>内容：influxdb 内存使用率超过80%已恢复，当前使用率为 {{ Result }}  %\n\n{% endif %}",
                "targets": [
                    {
                        "dql": "M::`aliyun_influxdb`:(AVG(`memory_usage`)) BY `app`",
                        "alias": "Result"
                    }
                ],
                "interval": 300,
                "checkerOpt": {
                    "rules": [
                        {
                            "status": "critical",
                            "conditions": [
                                {
                                    "alias": "Result",
                                    "operands": [
                                        "85"
                                    ],
                                    "operator": ">="
                                }
                            ],
                            "conditionLogic": "and"
                        }
                    ]
                },
                "recoverNeedPeriodCount": 1
            },
            "extend": {
                "rules": [
                    {
                        "status": "critical",
                        "conditions": [
                            {
                                "alias": "Result",
                                "operands": [
                                    "85"
                                ],
                                "operator": ">="
                            }
                        ],
                        "conditionLogic": "and"
                    }
                ],
                "funcName": "",
                "querylist": [
                    {
                        "uuid": "cf65a0fa-d897-4b6f-9141-e6ee4c7e3038",
                        "qtype": "dql",
                        "query": {
                            "q": "M::`aliyun_influxdb`:(AVG(`memory_usage`)) BY `app`",
                            "code": "Result",
                            "type": "simple",
                            "alias": "",
                            "field": "memory_usage",
                            "groupBy": [
                                "app"
                            ],
                            "funcList": [],
                            "fieldFunc": "avg",
                            "fieldType": "float",
                            "namespace": "metric",
                            "dataSource": "aliyun_influxdb",
                            "groupByTime": ""
                        },
                        "datasource": "dataflux"
                    }
                ]
            },
            "is_disable": true,
            "monitorName": "基础监控"
        }
    ]
}