{
    "checkers": [
        {
            "jsonScript": {
                "type": "simpleCheck",
                "every": "5m",
                "title": "kodo ES【{{ worker }}】写入 P90 响应时间异常",
                "groupBy": [
                    "worker"
                ],
                "message": "{% if  df_status != 'ok' %}\n\n>等级：{{ df_status }}\n\n>Worker：{{ worker }} \n\n>内容：ES 写入的 {{ worker }} Worker 写入 P90 响应时间异常，响应时长为 {{Result  | to_fixed(2) }} ms，请加紧处理。\n\n[跳转链接](https://console.guance.com/scene/dashboard/dashboardDetail?dashboard_id=dsbd_a8a714c58da9423caa491e2154593431&name=kodo&w=wksp_2672fb03d62843adb3bdf20a33cd0067&time={{ date * 1000 - 900000}},{{date *  1000}})\n\n{% else %}\n\n>等级：{{ df_status }}\n\n>Worker：{{ worker }} \n\n>内容：ES 写入的 {{ worker }} Worker 写入平均响应时间异常已恢复，当前平均响应时长为 {{Result  | to_fixed(2) }} ms。\n{% endif %}",
                "targets": [
                    {
                        "dql": "M::`kodo_workers`:(PERCENTILE(`write_response_avg_time`, 90)) { `worker` != 'metric_worker' and `worker` != 'object_worker' and `worker` != 'backup_worker' and `worker` != 'rum_worker' } BY `worker`",
                        "alias": "Result"
                    }
                ],
                "interval": 900,
                "checkerOpt": {
                    "rules": [
                        {
                            "status": "critical",
                            "conditions": [
                                {
                                    "alias": "Result",
                                    "operands": [
                                        "7000"
                                    ],
                                    "operator": ">="
                                }
                            ],
                            "conditionLogic": "and"
                        },
                        {
                            "status": "error",
                            "conditions": [
                                {
                                    "alias": "Result",
                                    "operands": [
                                        "5000"
                                    ],
                                    "operator": ">="
                                }
                            ],
                            "conditionLogic": "and"
                        },
                        {
                            "status": "warning",
                            "conditions": [
                                {
                                    "alias": "Result",
                                    "operands": [
                                        "4000"
                                    ],
                                    "operator": ">="
                                }
                            ],
                            "conditionLogic": "and"
                        }
                    ],
                    "infoEvent": false
                },
                "recoverNeedPeriodCount": 1
            },
            "extend": {
                "rules": [
                    {
                        "status": "critical",
                        "conditions": [
                            {
                                "alias": "Result",
                                "operands": [
                                    "7000"
                                ],
                                "operator": ">="
                            }
                        ],
                        "conditionLogic": "and"
                    },
                    {
                        "status": "error",
                        "conditions": [
                            {
                                "alias": "Result",
                                "operands": [
                                    "5000"
                                ],
                                "operator": ">="
                            }
                        ],
                        "conditionLogic": "and"
                    },
                    {
                        "status": "warning",
                        "conditions": [
                            {
                                "alias": "Result",
                                "operands": [
                                    "4000"
                                ],
                                "operator": ">="
                            }
                        ],
                        "conditionLogic": "and"
                    }
                ],
                "funcName": "",
                "querylist": [
                    {
                        "uuid": "aaac65a4-8a51-4d90-896a-10fdd448141c",
                        "qtype": "dql",
                        "query": {
                            "q": "M::`kodo_workers`:(PERCENTILE(`write_response_avg_time`, 90)) { `worker` != 'metric_worker' and `worker` != 'object_worker' and `worker` != 'backup_worker' and `worker` != 'rum_worker' } BY `worker`",
                            "code": "Result",
                            "type": "simple",
                            "alias": "",
                            "field": "write_response_avg_time",
                            "filters": [
                                {
                                    "id": "f03f51f0-6de6-11ec-ac08-01bd2aa6fb4c",
                                    "op": "!=",
                                    "name": "worker",
                                    "type": "",
                                    "logic": "and",
                                    "value": "metric_worker"
                                },
                                {
                                    "id": "f53e28c0-6de6-11ec-ac08-01bd2aa6fb4c",
                                    "op": "!=",
                                    "name": "worker",
                                    "type": "",
                                    "logic": "and",
                                    "value": "object_worker"
                                },
                                {
                                    "id": "fd78f0b0-6de6-11ec-ac08-01bd2aa6fb4c",
                                    "op": "!=",
                                    "name": "worker",
                                    "type": "",
                                    "logic": "and",
                                    "value": "backup_worker"
                                },
                                {
                                    "id": "023859b0-5095-11ed-8335-c3833f1d0bb9",
                                    "op": "!=",
                                    "name": "worker",
                                    "type": "",
                                    "logic": "and",
                                    "value": "rum_worker"
                                }
                            ],
                            "groupBy": [
                                "worker"
                            ],
                            "funcList": [],
                            "fieldFunc": "p90",
                            "fieldType": "float",
                            "namespace": "metric",
                            "dataSource": "kodo_workers",
                            "groupByTime": ""
                        },
                        "datasource": "dataflux"
                    }
                ]
            },
            "is_disable": false,
            "monitorName": "Kodo"
        }
    ]
}