{
    "checkers": [
        {
            "jsonScript": {
                "type": "simpleCheck",
                "every": "5m",
                "title": "Kodo TDengine 写入响应时间异常",
                "groupBy": [
                    "worker"
                ],
                "message": "{% if  df_status != 'ok' %}\n\n>等级：{{ df_status }}\n\n>Worker：{{ worker }} \n\n>内容：Kodo TDengine 写入响应时间异常，响应时长为 {{Result   | to_fixed(2) }} ms，请加紧处理。\n\n{% else %}\n\n>等级：{{ df_status }}\n\n>Worker：{{ worker }} \n\n>内容：Kodo TDengine 写入响应时间异常已恢复，当前响应时长为 {{Result  | to_fixed(2) }} ms。\n\n[跳转链接](https://console.guance.com/scene/dashboard/dashboardDetail?dashboard_id=dsbd_a8a714c58da9423caa491e2154593431&name=InfluxDB&time={{ date * 1000 - 900000}},{{date *  1000}}&is_refresh=false&w=wksp_2672fb03d62843adb3bdf20a33cd0067)\n\n{% endif %}",
                "targets": [
                    {
                        "dql": "M::`kodo_workers`:(AVG(`write_response_avg_time`)) { `worker` = 'metric_tdengine_worker' } BY `worker`",
                        "alias": "Result"
                    }
                ],
                "interval": 900,
                "checkerOpt": {
                    "rules": [
                        {
                            "status": "critical",
                            "conditions": [
                                {
                                    "alias": "Result",
                                    "operands": [
                                        "3000"
                                    ],
                                    "operator": ">="
                                }
                            ],
                            "conditionLogic": "and"
                        },
                        {
                            "status": "error",
                            "conditions": [
                                {
                                    "alias": "Result",
                                    "operands": [
                                        "1000"
                                    ],
                                    "operator": ">="
                                }
                            ],
                            "conditionLogic": "and"
                        }
                    ],
                    "infoEvent": false
                },
                "recoverNeedPeriodCount": 3
            },
            "extend": {
                "rules": [
                    {
                        "status": "critical",
                        "conditions": [
                            {
                                "alias": "Result",
                                "operands": [
                                    "3000"
                                ],
                                "operator": ">="
                            }
                        ],
                        "conditionLogic": "and"
                    },
                    {
                        "status": "error",
                        "conditions": [
                            {
                                "alias": "Result",
                                "operands": [
                                    "1000"
                                ],
                                "operator": ">="
                            }
                        ],
                        "conditionLogic": "and"
                    }
                ],
                "funcName": "",
                "querylist": [
                    {
                        "uuid": "ab8543ff-651a-4e45-a3b6-759ab16b3531",
                        "qtype": "dql",
                        "query": {
                            "q": "M::`kodo_workers`:(AVG(`write_response_avg_time`)) { `worker` = 'metric_tdengine_worker' } BY `worker`",
                            "code": "Result",
                            "type": "simple",
                            "alias": "",
                            "field": "write_response_avg_time",
                            "filters": [
                                {
                                    "id": "80c68e30-6de4-11ec-bd07-655b7033b80e",
                                    "op": "=",
                                    "name": "worker",
                                    "type": "",
                                    "logic": "and",
                                    "value": "metric_tdengine_worker"
                                }
                            ],
                            "groupBy": [
                                "worker"
                            ],
                            "funcList": [],
                            "fieldFunc": "avg",
                            "fieldType": "float",
                            "namespace": "metric",
                            "dataSource": "kodo_workers",
                            "groupByTime": ""
                        },
                        "datasource": "dataflux"
                    }
                ]
            },
            "is_disable": false,
            "monitorName": "Kodo"
        }
    ]
}