{
    "checkers": [
        {
            "jsonScript": {
                "type": "simpleCheck",
                "every": "1m",
                "title": "NSQ {{ topic }} 消息堆积量大，堆积消息数{{Result}}",
                "groupBy": [
                    "topic"
                ],
                "message": "{% if  df_status != 'ok' %}\n\n>等级：{{df_status}} \n\n>Topic：{{ topic }}\n\n>内容：NSQ Topic {{ topic }} 的消息堆积量大，堆积的消息量为 {{ Result }}\n\n[跳转链接](https://console.guance.com/scene/dashboard/dashboardDetail?dashboard_id=dsbd_94aac9efb3cf4fc989a07689e5a6d100&name=Kodo%20NSQ&time={{ date * 1000 - 900000}},{{date *  1000}}&is_refresh=false&w=wksp_2672fb03d62843adb3bdf20a33cd0067)\n\n{% else %}\n>等级：{{df_status}} \n\n>Topic：{{ topic }}\n\n>内容：NSQ Topic {{ topic }} 的消息堆积量大已恢复，目前堆积的消息量为 {{ Result }}\n{% endif %}",
                "targets": [
                    {
                        "dql": "M::`nsq_topics`:(LAST(`depth`)) { `topic` != 'df_metric_tdengine' } BY `topic`",
                        "alias": "Result"
                    }
                ],
                "interval": 300,
                "checkerOpt": {
                    "rules": [
                        {
                            "status": "critical",
                            "conditions": [
                                {
                                    "alias": "Result",
                                    "operands": [
                                        "20000"
                                    ],
                                    "operator": ">="
                                }
                            ],
                            "conditionLogic": "and"
                        }
                    ],
                    "infoEvent": false
                },
                "recoverNeedPeriodCount": 1
            },
            "extend": {
                "rules": [
                    {
                        "status": "critical",
                        "conditions": [
                            {
                                "alias": "Result",
                                "operands": [
                                    "20000"
                                ],
                                "operator": ">="
                            }
                        ],
                        "conditionLogic": "and"
                    }
                ],
                "funcName": "",
                "querylist": [
                    {
                        "uuid": "4e283d9a-efe6-479e-ab05-34141ed9fa0f",
                        "qtype": "dql",
                        "query": {
                            "q": "M::`nsq_topics`:(LAST(`depth`)) { `topic` != 'df_metric_tdengine' } BY `topic`",
                            "code": "Result",
                            "type": "simple",
                            "alias": "",
                            "field": "depth",
                            "filters": [
                                {
                                    "id": "5d9b89f0-fc15-11ec-8e5d-3fd3c1e9dbed",
                                    "op": "!=",
                                    "name": "topic",
                                    "type": "",
                                    "logic": "and",
                                    "value": "df_metric_tdengine"
                                }
                            ],
                            "groupBy": [
                                "topic"
                            ],
                            "funcList": [],
                            "fieldFunc": "last",
                            "fieldType": "integer",
                            "namespace": "metric",
                            "dataSource": "nsq_topics",
                            "groupByTime": ""
                        },
                        "datasource": "dataflux"
                    }
                ]
            },
            "is_disable": false,
            "monitorName": "组件监控"
        }
    ]
}