{
    "checkers": [
        {
            "jsonScript": {
                "type": "simpleCheck",
                "every": "1m",
                "title": "{{ is_globe }} 短信发送失败率超过 5%",
                "groupBy": [
                    "is_globe"
                ],
                "message": "{% if  df_status != 'ok' %}\n\n> 等级 ：{{ df_status }}\n\n> 对象 ：{{ is_globe }}\n\n> 内容：{{ is_globe }} 短信发送失败率为 {{ Result | to_round(1) }}% ，请尽快处理。\n\n[跳转链接](https://console.guance.com/scene/dashboard/dashboardDetail?dashboard_id=dsbd_fa701653185e4d609196b9f0cfe39e0d&name=%E7%9F%AD%E4%BF%A1%E6%9C%8D%E5%8A%A1&time=15m&is_refresh=true)\n\n{% else %}\n\n> 等级 ：{{ df_status }}\n\n> 对象 ：{{ is_globe }}\n\n>内容：{{ is_globe }}短信发送失败率已恢复，当前数量为 {{ Result | to_round(1) }}%。\n\n{% endif %}",
                "targets": [
                    {
                        "dql": "eval(B / C, B=\"M::`ailyun_sms_service`:(LAST(`responded_failCount`)) BY `is_globe`\", C=\"M::`ailyun_sms_service`:(LAST(`total_count`)) BY `is_globe`\")",
                        "alias": "Result"
                    }
                ],
                "interval": 300,
                "checkerOpt": {
                    "rules": [
                        {
                            "status": "critical",
                            "conditions": [
                                {
                                    "alias": "Result",
                                    "operands": [
                                        "5"
                                    ],
                                    "operator": ">="
                                }
                            ],
                            "conditionLogic": "and"
                        }
                    ]
                },
                "noDataTitle": "",
                "noDataMessage": "",
                "recoverNeedPeriodCount": 0
            },
            "extend": {
                "rules": [
                    {
                        "status": "critical",
                        "conditions": [
                            {
                                "alias": "Result",
                                "operands": [
                                    "5"
                                ],
                                "operator": ">="
                            }
                        ],
                        "conditionLogic": "and"
                    }
                ],
                "funcName": "",
                "querylist": [
                    {
                        "uuid": "dcd1a029-966d-4afa-a5a6-91fadeb93ade",
                        "qtype": "dql",
                        "query": {
                            "q": "eval(B / C, B=\"M::`ailyun_sms_service`:(LAST(`responded_failCount`)) BY `is_globe`\", C=\"M::`ailyun_sms_service`:(LAST(`total_count`)) BY `is_globe`\")",
                            "code": "Result",
                            "type": "expression",
                            "alias": "",
                            "children": [
                                {
                                    "q": "M::`ailyun_sms_service`:(LAST(`responded_failCount`)) BY `is_globe`",
                                    "code": "B",
                                    "type": "simple",
                                    "alias": "",
                                    "field": "responded_failCount",
                                    "groupBy": [
                                        "is_globe"
                                    ],
                                    "fieldFunc": "last",
                                    "fieldType": "integer",
                                    "namespace": "metric",
                                    "dataSource": "ailyun_sms_service",
                                    "groupByTime": ""
                                },
                                {
                                    "q": "M::`ailyun_sms_service`:(LAST(`total_count`)) BY `is_globe`",
                                    "code": "C",
                                    "type": "simple",
                                    "alias": "",
                                    "field": "total_count",
                                    "groupBy": [
                                        "is_globe"
                                    ],
                                    "fieldFunc": "last",
                                    "fieldType": "integer",
                                    "namespace": "metric",
                                    "dataSource": "ailyun_sms_service",
                                    "groupByTime": ""
                                }
                            ],
                            "funcList": [],
                            "expression": "B / C"
                        },
                        "datasource": "dataflux"
                    }
                ]
            },
            "is_disable": false,
            "monitorName": "基础设施"
        }
    ]
}