{
    "checkers": [
        {
            "jsonScript": {
                "type": "loggingCheck",
                "every": "1m",
                "title": "服务  {{ service }}  日志错误率过高",
                "groupBy": [
                    "service",
                    "source"
                ],
                "message": "{% if  df_status != 'ok' %}\n\n>等级：{{df_status}} \n\n>服务：{{ service }}\n\n>内容：服务 {{ service }} 的 日志错误率过高，错误率为 {{ Result  | to_fixed(2) }}%\n\n[点击跳转](https://console.guance.com/logIndi/log/all?w=wksp_2672fb03d62843adb3bdf20a33cd0067&time={{ date * 1000 - 900000}},{{date *  1000}}&tags=%7B%22source%22%3A%5B%22{{ source }}%22%5D,%22service%22%3A%5B%22{{ service }}%22%5D,%22status%22%3A%5B%22error%22%5D%7D&cols=time,service,message)\n{% else %}\n\n>等级：{{df_status}} \n\n>服务：{{ service }}\n\n>内容：服务 {{ service }} 的 日志错误率过高已恢复，错误率为 {{ Result  | to_fixed(2) }}%\n\n{% endif %}",
                "targets": [
                    {
                        "dql": "eval(A/B * 100, alias='count', A=\"L::RE(`.*`):(COUNT(`__docid`) AS `count`) { `index` = 'default' and ( `status` = 'error' and `source` != 'gin' ) } BY `service`, `source`\", B=\"L::RE(`.*`):(COUNT(`__docid`) AS `count`) { `index` = 'default' and  `source` != 'gin'  } BY `service`, `source`\")",
                        "alias": "Result"
                    }
                ],
                "interval": 300,
                "checkerOpt": {
                    "rules": [
                        {
                            "status": "critical",
                            "conditions": [
                                {
                                    "alias": "Result",
                                    "operands": [
                                        "1.5"
                                    ],
                                    "operator": ">="
                                }
                            ],
                            "conditionLogic": "and"
                        }
                    ],
                    "infoEvent": false
                },
                "noDataAction": "recover",
                "noDataInterval": 300,
                "recoverNeedPeriodCount": 5
            },
            "extend": {
                "rules": [
                    {
                        "status": "critical",
                        "conditions": [
                            {
                                "alias": "Result",
                                "operands": [
                                    "1.5"
                                ],
                                "operator": ">="
                            }
                        ],
                        "conditionLogic": "and"
                    }
                ],
                "funcName": "",
                "querylist": [
                    {
                        "uuid": "b08cec01-e4db-482a-9181-a42c297649e1",
                        "qtype": "dql",
                        "query": {
                            "q": "eval(A/B * 100, alias='count', A=\"L::RE(`.*`):(COUNT(`__docid`) AS `count`) { `index` = 'default' and ( `status` = 'error' and `source` != 'gin' ) } BY `service`, `source`\", B=\"L::RE(`.*`):(COUNT(`__docid`) AS `count`) { `index` = 'default' and  `source` != 'gin'  } BY `service`, `source`\")",
                            "code": "Result",
                            "type": "expression",
                            "alias": "count",
                            "children": [
                                {
                                    "q": "L::RE(`.*`):(COUNT(`__docid`) AS `count`) { `index` = 'default' and ( `status` = 'error' and `source` != 'gin' ) } BY `service`, `source`",
                                    "code": "A",
                                    "type": "simple",
                                    "alias": "count",
                                    "field": "__docid",
                                    "filters": [
                                        {
                                            "id": "701aa970-648b-11ec-b929-8d884ff40f03",
                                            "op": "=",
                                            "name": "status",
                                            "type": "keyword",
                                            "logic": "and",
                                            "value": "error"
                                        },
                                        {
                                            "id": "4f1c8180-7c8b-11ed-9fc4-e91207a13bb7",
                                            "op": "!=",
                                            "name": "source",
                                            "type": "keyword",
                                            "logic": "and",
                                            "value": "gin"
                                        }
                                    ],
                                    "groupBy": [
                                        "service",
                                        "source"
                                    ],
                                    "fieldFunc": "count",
                                    "fieldType": "",
                                    "namespace": "logging",
                                    "dataSource": "*",
                                    "groupByTime": "",
                                    "indexFilter": "default"
                                },
                                {
                                    "q": "L::RE(`.*`):(COUNT(`__docid`) AS `count`) { `index` = 'default' and  `source` != 'gin'  } BY `service`, `source`",
                                    "code": "B",
                                    "type": "simple",
                                    "alias": "count",
                                    "field": "__docid",
                                    "filters": [
                                        {
                                            "id": "56a621e0-7c8b-11ed-9fc4-e91207a13bb7",
                                            "op": "!=",
                                            "name": "source",
                                            "type": "keyword",
                                            "logic": "and",
                                            "value": "gin"
                                        }
                                    ],
                                    "groupBy": [
                                        "service",
                                        "source"
                                    ],
                                    "fieldFunc": "count",
                                    "fieldType": "",
                                    "namespace": "logging",
                                    "dataSource": "*",
                                    "groupByTime": "",
                                    "indexFilter": "default"
                                }
                            ],
                            "funcList": [],
                            "expression": "A/B * 100"
                        },
                        "datasource": "dataflux"
                    }
                ]
            },
            "is_disable": false,
            "monitorName": "日志监控"
        }
    ]
}