{
    "checkers": [
        {
            "jsonScript": {
                "type": "simpleCheck",
                "every": "1m",
                "title": "阿里云邮件推送失败率超过 25%",
                "groupBy": [
                    "create_time",
                    "account_name"
                ],
                "message": "{% if  df_status != 'ok' %}\n\n> 等级 ：{{ df_status }}\n\n> 对象 ：{{ account_name }}\n\n> 内容：{{ account_name }} 邮件推送错误率为 {{ Result | to_round(1) }}% ，请尽快处理。\n\n[跳转链接](https://console.guance.com/scene/dashboard/dashboardDetail?dashboard_id=dsbd_28641c96bccc48699b2a115b3c63c4f4&name=%E9%98%BF%E9%87%8C%E4%BA%91%E9%82%AE%E4%BB%B6%E6%8E%A8%E9%80%81&time{{ date * 1000 - 900000}},{{date * 1000}}&is_refresh=false&W=wksp_2672fb03d62843adb3bdf20a33cd0067&variable=%7B%22AccountName%22%3A%22{{ account_name }}%22%7D)\n\n{% else %}\n\n> 等级 ：{{ df_status }}\n\n> 对象 ：{{ account_name }}\n\n>内容：{{ account_name }}  错误率已恢复，当前数量为 {{ Result | to_round(1) }}%。\n\n{% endif %}",
                "targets": [
                    {
                        "dql": "eval(( A / B ) * 100, A=\"M::`ailyun_mail_push`:(AVG(`faild_count`)) BY `create_time`, `account_name`\", B=\"M::`ailyun_mail_push`:(AVG(`request_count`)) BY `create_time`, `account_name`\")",
                        "alias": "Result"
                    }
                ],
                "interval": 300,
                "checkerOpt": {
                    "rules": [
                        {
                            "status": "critical",
                            "conditions": [
                                {
                                    "alias": "Result",
                                    "operands": [
                                        "25"
                                    ],
                                    "operator": ">="
                                }
                            ],
                            "conditionLogic": "and"
                        }
                    ],
                    "infoEvent": false
                },
                "noDataTitle": "",
                "noDataMessage": "",
                "recoverNeedPeriodCount": 0
            },
            "extend": {
                "rules": [
                    {
                        "status": "critical",
                        "conditions": [
                            {
                                "alias": "Result",
                                "operands": [
                                    "25"
                                ],
                                "operator": ">="
                            }
                        ],
                        "conditionLogic": "and"
                    }
                ],
                "funcName": "",
                "querylist": [
                    {
                        "uuid": "c7b9b31b-912a-4a28-bc25-f82b597a6901",
                        "qtype": "dql",
                        "query": {
                            "q": "eval(( A / B ) * 100, A=\"M::`ailyun_mail_push`:(AVG(`faild_count`)) BY `create_time`, `account_name`\", B=\"M::`ailyun_mail_push`:(AVG(`request_count`)) BY `create_time`, `account_name`\")",
                            "code": "Result",
                            "type": "expression",
                            "alias": "",
                            "children": [
                                {
                                    "q": "M::`ailyun_mail_push`:(AVG(`faild_count`)) BY `create_time`, `account_name`",
                                    "code": "A",
                                    "type": "simple",
                                    "alias": "",
                                    "field": "faild_count",
                                    "filters": [],
                                    "groupBy": [
                                        "create_time",
                                        "account_name"
                                    ],
                                    "fieldFunc": "avg",
                                    "fieldType": "",
                                    "namespace": "metric",
                                    "dataSource": "ailyun_mail_push",
                                    "groupByTime": ""
                                },
                                {
                                    "q": "M::`ailyun_mail_push`:(AVG(`request_count`)) BY `create_time`, `account_name`",
                                    "code": "B",
                                    "type": "simple",
                                    "alias": "",
                                    "field": "request_count",
                                    "groupBy": [
                                        "create_time",
                                        "account_name"
                                    ],
                                    "fieldFunc": "avg",
                                    "fieldType": "",
                                    "namespace": "metric",
                                    "dataSource": "ailyun_mail_push",
                                    "groupByTime": ""
                                }
                            ],
                            "funcList": [],
                            "expression": "( A / B ) * 100"
                        },
                        "datasource": "dataflux"
                    }
                ]
            },
            "is_disable": false,
            "monitorName": "基础监控"
        }
    ]
}