{
    "checkers": [
        {
            "jsonScript": {
                "type": "cloudDialCheck",
                "every": "1m",
                "title": "生产 {{url}} 地址不可用",
                "groupBy": [
                    "name",
                    "url"
                ],
                "message": "{% if  df_status != 'ok' %}\n\n>等级：{{df_status}}  \n\n>项目：{{name}}\n\n>url：{{url}}  \n\n>内容：{{url}}  非200 数为 {{ Result }}，请加紧查看。\n\n[跳转链接](https://console.guance.com/cloudDial/explorer?tags=%7B%22source%22%3A%5B%22http_dial_testing%22%5D,%22status%22%3A%5B%22FAIL%22%5D,%22url%22%3A%5B%22{{url}}%22%5D%7D&time={{ date * 1000 - 900000}},{{date *  1000}}&is_refresh=false&w=wksp_2672fb03d62843adb3bdf20a33cd0067)\n\n{% else %}\n>等级：{{df_status}}  \n\n>项目：{{name}}\n\n>url：{{url}}  \n\n>内容：{{url}}  非200 数为 {{ Result }}，恢复正常。\n\n{% endif %}",
                "targets": [
                    {
                        "dql": "L::`http_dial_testing`:(COUNT(`__docid`) AS `count`) {  `status` != 'OK'  } BY `name`, `url`",
                        "alias": "Result"
                    }
                ],
                "interval": 300,
                "windowDql": "L::`http_dial_testing`:(COUNT(`__docid`) AS `count`) {  `status` != 'OK'  } BY `name`, `url`",
                "checkerOpt": {
                    "rules": [
                        {
                            "status": "critical",
                            "conditions": [
                                {
                                    "alias": "Result",
                                    "operands": [
                                        "24"
                                    ],
                                    "operator": ">="
                                }
                            ],
                            "conditionLogic": "and"
                        }
                    ],
                    "infoEvent": false
                },
                "noDataAction": "recover",
                "noDataInterval": 120,
                "recoverNeedPeriodCount": 2
            },
            "extend": {
                "rules": [
                    {
                        "status": "critical",
                        "conditions": [
                            {
                                "alias": "Result",
                                "operands": [
                                    "24"
                                ],
                                "operator": ">="
                            }
                        ],
                        "conditionLogic": "and"
                    }
                ],
                "funcName": "",
                "querylist": [
                    {
                        "uuid": "d7153d68-1edc-4b87-a171-61ff8bc395c1",
                        "qtype": "dql",
                        "query": {
                            "q": "L::`http_dial_testing`:(COUNT(`__docid`) AS `count`) {  `status` != 'OK'  } BY `name`, `url`",
                            "url": "*",
                            "filters": [
                                {
                                    "id": "9cdf29a0-3c94-11ec-8091-4bca691cfae3",
                                    "op": "!=",
                                    "name": "status",
                                    "type": "keyword",
                                    "logic": "and",
                                    "value": "OK"
                                }
                            ],
                            "groupBy": [
                                "name",
                                "url"
                            ],
                            "dataSource": "http_dial_testing"
                        },
                        "datasource": "dataflux"
                    }
                ]
            },
            "is_disable": false,
            "monitorName": "可用性告警"
        }
    ]
}