{
    "checkers": [
        {
            "jsonScript": {
                "type": "simpleCheck",
                "every": "5m",
                "title": "计量数据上报费用中心失败",
                "groupBy": [
                    "source"
                ],
                "message": "{% if  df_status != 'ok' %}\n>等级：{{df_status}} \n\n>内容：计量数据上报费用中心失败，请尽快处理\n\n[跳转链接](https://console.guance.com/logIndi/log/all?w=wksp_15646051a7f24110941dad5d51ba29f1&time={{ date * 1000 - 900000}},{{date *  1000}}&tags=%7B%22source%22%3A%5B%22df_biz_cc_task%22%5D%7D&cols=time,message)\n\n{% else %}\n\n>内容：计量数据上报费用中心已恢复\n\n{% endif %}",
                "targets": [
                    {
                        "dql": "L::RE(`.*`):(MAX(`flag`)) { `source` = 'df_biz_cc_task' } BY `source`",
                        "alias": "Result"
                    }
                ],
                "interval": 300,
                "checkerOpt": {
                    "rules": [
                        {
                            "status": "critical",
                            "conditions": [
                                {
                                    "alias": "Result",
                                    "operands": [
                                        "1"
                                    ],
                                    "operator": ">="
                                }
                            ],
                            "conditionLogic": "and"
                        }
                    ],
                    "infoEvent": false
                },
                "noDataTitle": "",
                "noDataAction": "recover",
                "noDataMessage": "",
                "noDataInterval": 300,
                "recoverNeedPeriodCount": 1
            },
            "extend": {
                "rules": [
                    {
                        "status": "critical",
                        "conditions": [
                            {
                                "alias": "Result",
                                "operands": [
                                    "1"
                                ],
                                "operator": ">="
                            }
                        ],
                        "conditionLogic": "and"
                    }
                ],
                "funcName": "",
                "querylist": [
                    {
                        "uuid": "adaf2e2d-30e3-419e-9862-7df33bf3c61d",
                        "qtype": "dql",
                        "query": {
                            "q": "L::RE(`.*`):(MAX(`flag`)) { `source` = 'df_biz_cc_task' } BY `source`",
                            "code": "Result",
                            "fill": "",
                            "type": "simple",
                            "alias": "",
                            "field": "flag",
                            "search": "",
                            "filters": [
                                {
                                    "id": "b4166c90-2f24-11ed-be69-33e5fa0b89a7",
                                    "op": "=",
                                    "name": "source",
                                    "type": "keyword",
                                    "logic": "and",
                                    "value": "df_biz_cc_task"
                                }
                            ],
                            "groupBy": [
                                "source"
                            ],
                            "funcList": [],
                            "fieldFunc": "max",
                            "fieldType": "long",
                            "namespace": "logging",
                            "dataSource": "*",
                            "queryFuncs": [],
                            "groupByTime": ""
                        },
                        "datasource": "dataflux"
                    }
                ]
            },
            "is_disable": false,
            "monitorName": "基础设施"
        }
    ]
}