{
    "title": "kodo 5xx & 429 错误",
    "dashboardType": "CUSTOM",
    "dashboardExtend": {
        "index": "logging",
        "table": {
            "columns": [
                {
                    "key": "time",
                    "name": "时间"
                },
                {
                    "key": "message",
                    "name": "内容"
                },
                {
                    "key": "error_code",
                    "name": ""
                }
            ]
        },
        "charts": [
            {
                "name": "429 错误统计",
                "type": "sequence",
                "extend": {
                    "settings": {
                        "alias": [],
                        "units": [],
                        "colors": [],
                        "levels": [],
                        "density": "medium",
                        "showLine": false,
                        "chartType": "line",
                        "fixedTime": "",
                        "isPercent": false,
                        "openStack": false,
                        "showTitle": true,
                        "stackType": "time",
                        "titleDesc": "",
                        "compareType": "",
                        "openCompare": false,
                        "compareTitle": "",
                        "legendValues": "",
                        "timeInterval": "auto",
                        "legendPostion": "none",
                        "xAxisShowType": "time",
                        "isTimeInterval": true,
                        "showFieldMapping": false
                    },
                    "fixedTime": ""
                },
                "isQuery": true,
                "queries": [
                    {
                        "name": "",
                        "type": "sequence",
                        "unit": "",
                        "color": "",
                        "qtype": "dql",
                        "query": {
                            "q": "L::`kodo-log`:(COUNT(`*`)) { `error_code` = '429' }",
                            "code": "A",
                            "fill": null,
                            "type": "simple",
                            "alias": "",
                            "field": "*",
                            "fillNum": null,
                            "filters": [
                                {
                                    "id": "566cf420-2ce4-11ed-80b0-f7fa2b3e9d03",
                                    "op": "=",
                                    "name": "error_code",
                                    "logic": "and",
                                    "value": "429"
                                }
                            ],
                            "groupBy": [],
                            "funcList": [],
                            "fieldFunc": "count",
                            "fieldType": "",
                            "namespace": "logging",
                            "dataSource": "kodo-log",
                            "queryFuncs": [],
                            "withLabels": [],
                            "groupByTime": ""
                        },
                        "datasource": "dataflux"
                    }
                ]
            },
            {
                "name": "5xx 错误统计",
                "type": "sequence",
                "extend": {
                    "settings": {
                        "alias": [],
                        "units": [],
                        "colors": [],
                        "levels": [],
                        "density": "medium",
                        "showLine": false,
                        "chartType": "line",
                        "fixedTime": "",
                        "isPercent": false,
                        "openStack": false,
                        "showTitle": true,
                        "stackType": "time",
                        "titleDesc": "",
                        "compareType": "",
                        "openCompare": false,
                        "compareTitle": "",
                        "legendValues": "",
                        "timeInterval": "auto",
                        "legendPostion": "none",
                        "xAxisShowType": "time",
                        "isTimeInterval": true,
                        "showFieldMapping": false
                    },
                    "fixedTime": ""
                },
                "isQuery": true,
                "queries": [
                    {
                        "name": "",
                        "type": "sequence",
                        "unit": "",
                        "color": "",
                        "qtype": "dql",
                        "query": {
                            "q": "L::`kodo-log`:(COUNT(`*`)) { `error_code` >= '500' }",
                            "code": "A",
                            "fill": null,
                            "type": "simple",
                            "alias": "",
                            "field": "*",
                            "fillNum": null,
                            "filters": [
                                {
                                    "id": "8616cc00-2ce4-11ed-80b0-f7fa2b3e9d03",
                                    "op": ">=",
                                    "name": "error_code",
                                    "logic": "and",
                                    "value": "500"
                                }
                            ],
                            "groupBy": [],
                            "funcList": [],
                            "fieldFunc": "count",
                            "fieldType": "",
                            "namespace": "logging",
                            "dataSource": "kodo-log",
                            "queryFuncs": [],
                            "withLabels": [],
                            "groupByTime": ""
                        },
                        "datasource": "dataflux"
                    }
                ]
            },
            null
        ],
        "source": "kodo-log",
        "filters": [
            {
                "name": "status",
                "value": [
                    "error"
                ],
                "condition": "and",
                "operation": "in"
            }
        ],
        "quickFilter": {
            "columns": [
                {
                    "tag": "host",
                    "name": "主机",
                    "type": "string"
                },
                {
                    "tag": "service",
                    "name": "服务",
                    "type": "string"
                },
                {
                    "tag": "pod_name",
                    "name": ""
                },
                {
                    "tag": "error_code",
                    "name": ""
                }
            ]
        },
        "analysisField": "message"
    },
    "dashboardMapping": [],
    "dashboardOwnerType": "viewer",
    "iconSet": {},
    "dashboardBindSet": [],
    "thumbnail": "",
    "tags": [],
    "summary": "",
    "main": {
        "vars": [],
        "charts": [],
        "groups": [],
        "type": "template"
    }
}